sample_id,audio_class,confidence,sound_level,decision_method,baby_cry_probability,noise_probability,normal_probability
1,Normal,1,0.001157,RMS Threshold,0,0,1
2,Normal,1,0.001171,RMS Threshold,0,0,1
3,Noise,0.99982,0.009922,AST Model,8.30E-05,0.99982,9.70E-05
4,Noise,0.999064,0.021845,AST Model,0.000423,0.999064,0.000513
5,Noise,0.999663,0.035453,AST Model,0.000219,0.999663,0.000118
6,Normal,1,0.001855,RMS Threshold,0,0,1
7,Baby_Cry,0.998521,0.106518,AST Model,0.998521,0.001382,9.70E-05
8,Baby_Cry,0.998675,0.026886,AST Model,0.998675,0.001215,0.00011
9,Noise,0.998892,0.026989,AST Model,0.000625,0.998892,0.000484
10,Baby_Cry,0.988649,0.049312,AST Model,0.988649,0.01107,0.000281
11,Baby_Cry,0.995792,0.026112,AST Model,0.995792,0.004099,0.000108
12,Noise,0.976856,0.046244,AST Model,0.021586,0.976856,0.001558
13,Noise,0.999774,0.028935,AST Model,0.000177,0.999774,4.80E-05
14,Noise,0.999747,0.04276,AST Model,0.000196,0.999747,5.70E-05
15,Noise,0.990257,0.081175,AST Model,0.00945,0.990257,0.000293
16,Normal,1,0.002094,RMS Threshold,0,0,1
17,Noise,0.994199,0.033368,AST Model,0.005602,0.994199,0.000199
18,Noise,0.98903,0.079856,AST Model,0.010305,0.98903,0.000665
19,Normal,1,0.002643,RMS Threshold,0,0,1
20,Normal,1,0.00252,RMS Threshold,0,0,1
21,Normal,1,0.002683,RMS Threshold,0,0,1
22,Normal,1,0.003606,RMS Threshold,0,0,1
23,Normal,1,0.004297,RMS Threshold,0,0,1
24,Normal,1,0.002855,RMS Threshold,0,0,1
25,Normal,1,0.003137,RMS Threshold,0,0,1
26,Normal,1,0.002745,RMS Threshold,0,0,1
27,Normal,1,0.002782,RMS Threshold,0,0,1
28,Normal,1,0.002753,RMS Threshold,0,0,1
29,Noise,0.998068,0.029957,AST Model,0.001647,0.998068,0.000285
30,Baby_Cry,0.548949,0.046689,AST Model,0.548949,0.450517,0.000533
31,Normal,1,0.003831,RMS Threshold,0,0,1
32,Normal,1,0.003545,RMS Threshold,0,0,1
33,Normal,1,0.00284,RMS Threshold,0,0,1
34,Noise,0.968979,0.020348,AST Model,0.030337,0.968979,0.000683
35,Normal,1,0.006697,RMS Threshold,0,0,1
36,Noise,0.779939,0.03804,AST Model,0.218945,0.779939,0.001117
37,Baby_Cry,0.997923,0.023684,AST Model,0.997923,0.001929,0.000148
38,Normal,1,0.006598,RMS Threshold,0,0,1
39,Baby_Cry,0.948561,0.012798,AST Model,0.948561,0.051047,0.000392
40,Baby_Cry,0.78774,0.101631,AST Model,0.78774,0.211921,0.000339
41,Baby_Cry,0.998212,0.033349,AST Model,0.998212,0.001687,0.000101
42,Baby_Cry,0.991508,0.030109,AST Model,0.991508,0.008287,0.000204
43,Baby_Cry,0.852242,0.06413,AST Model,0.852242,0.146303,0.001455
44,Noise,0.99672,0.015891,AST Model,0.001072,0.99672,0.002208
45,Noise,0.997892,0.023948,AST Model,0.002016,0.997892,9.20E-05
46,Baby_Cry,0.977537,0.056554,AST Model,0.977537,0.022028,0.000435
47,Baby_Cry,0.999165,0.03534,AST Model,0.999165,0.000772,6.40E-05
48,Baby_Cry,0.971466,0.135747,AST Model,0.971466,0.028352,0.000183
49,Noise,0.960652,0.021612,AST Model,0.038559,0.960652,0.000789
50,Noise,0.900169,0.011623,AST Model,0.099147,0.900169,0.000684
51,Normal,1,0.003847,RMS Threshold,0,0,1
52,Baby_Cry,0.995115,0.012295,AST Model,0.995115,0.004791,9.40E-05
53,Baby_Cry,0.998559,0.12961,AST Model,0.998559,0.001339,0.000101
54,Baby_Cry,0.997481,0.043208,AST Model,0.997481,0.002457,6.20E-05
55,Baby_Cry,0.894486,0.106653,AST Model,0.894486,0.104327,0.001188
56,Baby_Cry,0.995994,0.076272,AST Model,0.995994,0.003807,0.000199
57,Normal,1,0.00285,RMS Threshold,0,0,1
58,Normal,1,0.003969,RMS Threshold,0,0,1
59,Normal,1,0.002905,RMS Threshold,0,0,1
60,Normal,1,0.003748,RMS Threshold,0,0,1
61,Normal,1,0.003001,RMS Threshold,0,0,1
62,Normal,1,0.002472,RMS Threshold,0,0,1
63,Normal,1,0.002469,RMS Threshold,0,0,1
64,Noise,0.979709,0.036208,AST Model,0.007223,0.979709,0.013068
65,Noise,0.998087,0.032068,AST Model,0.000861,0.998087,0.001052
66,Noise,0.99758,0.026885,AST Model,0.001534,0.99758,0.000886
67,Normal,1,0.004036,RMS Threshold,0,0,1
68,Baby_Cry,0.99678,0.108838,AST Model,0.99678,0.002732,0.000488
69,Baby_Cry,0.998267,0.138601,AST Model,0.998267,0.001625,0.000108
70,Noise,0.99837,0.031226,AST Model,0.000353,0.99837,0.001277
71,Noise,0.999822,0.04658,AST Model,6.70E-05,0.999822,0.000111
72,Noise,0.805604,0.102698,AST Model,0.171262,0.805604,0.023134
73,Noise,0.934903,0.088286,AST Model,0.058392,0.934903,0.006705
74,Noise,0.928201,0.105353,AST Model,0.069308,0.928201,0.002491
75,Normal,1,0.005952,RMS Threshold,0,0,1
76,Normal,1,0.003112,RMS Threshold,0,0,1
77,Noise,0.998267,0.015062,AST Model,0.001232,0.998267,0.000501
78,Noise,0.995859,0.044073,AST Model,0.002564,0.995859,0.001577
79,Normal,1,0.003043,RMS Threshold,0,0,1
80,Noise,0.992252,0.03275,AST Model,0.003849,0.992252,0.003899
81,Noise,0.998537,0.069785,AST Model,0.001244,0.998537,0.000219
82,Noise,0.999076,0.023215,AST Model,0.000444,0.999076,0.00048
83,Normal,1,0.003556,RMS Threshold,0,0,1
84,Baby_Cry,0.999453,0.147813,AST Model,0.999453,0.000386,0.000161
85,Baby_Cry,0.636337,0.057562,AST Model,0.636337,0.363423,0.00024
86,Noise,0.966523,0.06196,AST Model,0.02996,0.966523,0.003516
87,Noise,0.996032,0.024713,AST Model,0.003644,0.996032,0.000325
88,Noise,0.999209,0.113338,AST Model,0.000271,0.999209,0.00052
89,Noise,0.999133,0.111567,AST Model,0.000299,0.999133,0.000568
90,Noise,0.994341,0.01424,AST Model,0.004153,0.994341,0.001505
91,Noise,0.982759,0.043588,AST Model,0.015813,0.982759,0.001428
92,Noise,0.999261,0.030824,AST Model,0.000626,0.999261,0.000112
93,Noise,0.999811,0.037551,AST Model,5.90E-05,0.999811,0.00013
94,Noise,0.999535,0.018498,AST Model,0.000371,0.999535,9.40E-05
95,Noise,0.997753,0.063631,AST Model,0.002147,0.997753,0.000101
96,Normal,1,0.001318,RMS Threshold,0,0,1
97,Normal,1,0.003115,RMS Threshold,0,0,1
98,Noise,0.999615,0.044207,AST Model,8.40E-05,0.999615,0.000302
99,Noise,0.99956,0.027602,AST Model,8.90E-05,0.99956,0.000351
100,Normal,1,0.000816,RMS Threshold,0,0,1
101,Normal,1,0.005762,RMS Threshold,0,0,1
102,Noise,0.993501,0.08497,AST Model,0.004952,0.993501,0.001547
103,Normal,1,0.003886,RMS Threshold,0,0,1
104,Noise,0.999421,0.048214,AST Model,0.0003,0.999421,0.000279
105,Noise,0.999428,0.044194,AST Model,0.000255,0.999428,0.000316
106,Noise,0.920678,0.022693,AST Model,0.066992,0.920678,0.012329
107,Noise,0.998683,0.012842,AST Model,0.001114,0.998683,0.000203
108,Noise,0.910259,0.012271,AST Model,0.087316,0.910259,0.002425
109,Noise,0.999396,0.019836,AST Model,0.000169,0.999396,0.000435
110,Normal,1,0.007354,RMS Threshold,0,0,1
111,Noise,0.999748,0.03808,AST Model,0.000181,0.999748,7.20E-05
112,Noise,0.998976,0.017827,AST Model,0.000433,0.998976,0.000591
113,Noise,0.996498,0.016243,AST Model,0.000862,0.996498,0.002641
114,Noise,0.998305,0.032481,AST Model,0.000433,0.998305,0.001262
115,Noise,0.992607,0.016903,AST Model,0.006307,0.992607,0.001087
116,Normal,1,0.007542,RMS Threshold,0,0,1
117,Normal,1,0.00384,RMS Threshold,0,0,1
118,Noise,0.992037,0.071788,AST Model,0.007731,0.992037,0.000232
119,Noise,0.999523,0.062114,AST Model,0.000231,0.999523,0.000246
120,Noise,0.995454,0.048268,AST Model,0.004033,0.995454,0.000512
121,Noise,0.999774,0.031809,AST Model,7.10E-05,0.999774,0.000156
122,Noise,0.999191,0.087146,AST Model,0.000603,0.999191,0.000206
123,Noise,0.998812,0.080613,AST Model,0.001013,0.998812,0.000175
124,Noise,0.998067,0.114924,AST Model,0.001008,0.998067,0.000925
125,Noise,0.996961,0.083239,AST Model,0.002239,0.996961,0.000799
126,Noise,0.999055,0.066397,AST Model,0.000537,0.999055,0.000408
127,Noise,0.582465,0.058524,AST Model,0.415389,0.582465,0.002146
128,Noise,0.99881,0.012805,AST Model,0.001073,0.99881,0.000117
129,Noise,0.674432,0.136857,AST Model,0.324538,0.674432,0.001029
130,Noise,0.999843,0.045989,AST Model,8.20E-05,0.999843,7.60E-05
131,Noise,0.9925,0.115555,AST Model,0.00732,0.9925,0.000179
132,Normal,1,0.002739,RMS Threshold,0,0,1
133,Normal,1,0.004241,RMS Threshold,0,0,1
134,Normal,1,0.002762,RMS Threshold,0,0,1
135,Normal,1,0.003337,RMS Threshold,0,0,1
136,Normal,1,0.002803,RMS Threshold,0,0,1
137,Baby_Cry,0.999282,0.074388,AST Model,0.999282,0.000612,0.000106
138,Baby_Cry,0.999736,0.082671,AST Model,0.999736,0.000196,6.80E-05
139,Baby_Cry,0.991966,0.050358,AST Model,0.991966,0.007866,0.000167
140,Baby_Cry,0.999688,0.077934,AST Model,0.999688,0.000224,8.80E-05
141,Baby_Cry,0.998618,0.089911,AST Model,0.998618,0.001293,8.90E-05
142,Baby_Cry,0.999413,0.093752,AST Model,0.999413,0.000538,4.90E-05
143,Baby_Cry,0.999636,0.097641,AST Model,0.999636,0.000272,9.20E-05
144,Baby_Cry,0.99972,0.166664,AST Model,0.99972,0.000223,5.70E-05
145,Normal,1,0.003348,RMS Threshold,0,0,1
146,Normal,1,0.003565,RMS Threshold,0,0,1
147,Normal,1,0.003354,RMS Threshold,0,0,1
148,Normal,1,0.007919,RMS Threshold,0,0,1
149,Normal,1,0.003664,RMS Threshold,0,0,1
150,Baby_Cry,0.999718,0.209369,AST Model,0.999718,0.000141,0.00014
151,Baby_Cry,0.999682,0.057524,AST Model,0.999682,0.000228,9.10E-05
152,Baby_Cry,0.99944,0.135476,AST Model,0.99944,0.000489,7.00E-05
153,Baby_Cry,0.999682,0.130343,AST Model,0.999682,0.00028,3.70E-05
154,Normal,1,0.003447,RMS Threshold,0,0,1
155,Baby_Cry,0.999124,0.128712,AST Model,0.999124,0.000804,7.30E-05
156,Baby_Cry,0.999761,0.048014,AST Model,0.999761,0.000196,4.30E-05
157,Baby_Cry,0.997878,0.051579,AST Model,0.997878,0.001961,0.000161
158,Baby_Cry,0.973964,0.016594,AST Model,0.973964,0.025831,0.000204
159,Baby_Cry,0.998875,0.148549,AST Model,0.998875,0.000891,0.000233
160,Baby_Cry,0.720576,0.011173,AST Model,0.720576,0.277742,0.001682
161,Baby_Cry,0.999196,0.128902,AST Model,0.999196,0.000778,2.60E-05
162,Noise,0.98973,0.098759,AST Model,0.004944,0.98973,0.005326
163,Noise,0.994884,0.056195,AST Model,0.004753,0.994884,0.000363
164,Normal,1,0.00359,RMS Threshold,0,0,1
165,Normal,1,0.003673,RMS Threshold,0,0,1
166,Normal,1,0.003596,RMS Threshold,0,0,1
167,Normal,1,0.003265,RMS Threshold,0,0,1
168,Normal,1,0.00342,RMS Threshold,0,0,1
169,Normal,1,0.003704,RMS Threshold,0,0,1
170,Normal,1,0.003596,RMS Threshold,0,0,1
171,Normal,1,0.003407,RMS Threshold,0,0,1
172,Baby_Cry,0.99946,0.17637,AST Model,0.99946,0.000382,0.000159
173,Baby_Cry,0.999318,0.109098,AST Model,0.999318,0.000552,0.00013
174,Baby_Cry,0.999084,0.063644,AST Model,0.999084,0.000877,3.90E-05
175,Baby_Cry,0.999668,0.177802,AST Model,0.999668,0.000212,0.00012
176,Baby_Cry,0.999492,0.149964,AST Model,0.999492,0.000463,4.50E-05
177,Baby_Cry,0.999556,0.127245,AST Model,0.999556,0.00038,6.30E-05
178,Baby_Cry,0.999514,0.13471,AST Model,0.999514,0.000412,7.40E-05
179,Baby_Cry,0.998063,0.084968,AST Model,0.998063,0.001821,0.000117
180,Baby_Cry,0.999502,0.084638,AST Model,0.999502,0.000447,5.00E-05
181,Baby_Cry,0.999757,0.092049,AST Model,0.999757,0.000166,7.60E-05
182,Baby_Cry,0.999166,0.055136,AST Model,0.999166,0.000763,7.10E-05
183,Baby_Cry,0.996089,0.091748,AST Model,0.996089,0.003798,0.000112
184,Baby_Cry,0.965512,0.025408,AST Model,0.965512,0.034091,0.000396
185,Baby_Cry,0.998136,0.106415,AST Model,0.998136,0.001773,9.20E-05
186,Baby_Cry,0.999447,0.135427,AST Model,0.999447,0.000447,0.000106
187,Baby_Cry,0.998939,0.07168,AST Model,0.998939,0.000987,7.50E-05
188,Baby_Cry,0.999738,0.142463,AST Model,0.999738,0.000162,0.0001
189,Baby_Cry,0.999637,0.058491,AST Model,0.999637,0.000306,5.70E-05
190,Baby_Cry,0.999387,0.11777,AST Model,0.999387,0.000542,7.10E-05
191,Baby_Cry,0.999668,0.120099,AST Model,0.999668,0.000281,5.10E-05
192,Normal,1,0.003557,RMS Threshold,0,0,1
193,Normal,1,0.00424,RMS Threshold,0,0,1
194,Baby_Cry,0.995008,0.030558,AST Model,0.995008,0.004729,0.000262
195,Normal,1,0.008643,RMS Threshold,0,0,1
196,Baby_Cry,0.95626,0.022441,AST Model,0.95626,0.042823,0.000917
197,Normal,1,1.00E-06,RMS Threshold,0,0,1
198,Normal,1,1.00E-06,RMS Threshold,0,0,1
199,Normal,1,1.00E-06,RMS Threshold,0,0,1
200,Normal,1,1.00E-06,RMS Threshold,0,0,1
201,Normal,1,1.00E-06,RMS Threshold,0,0,1
202,Normal,1,1.00E-06,RMS Threshold,0,0,1
203,Normal,1,1.00E-06,RMS Threshold,0,0,1
204,Normal,1,1.00E-06,RMS Threshold,0,0,1
205,Normal,1,1.00E-06,RMS Threshold,0,0,1
206,Normal,1,1.00E-06,RMS Threshold,0,0,1
207,Normal,1,1.00E-06,RMS Threshold,0,0,1
208,Normal,1,1.00E-06,RMS Threshold,0,0,1
209,Normal,1,1.00E-06,RMS Threshold,0,0,1
210,Normal,1,1.00E-06,RMS Threshold,0,0,1
211,Normal,1,1.00E-06,RMS Threshold,0,0,1
212,Normal,1,1.00E-06,RMS Threshold,0,0,1
213,Normal,1,1.00E-06,RMS Threshold,0,0,1
214,Normal,1,1.00E-06,RMS Threshold,0,0,1
215,Normal,1,1.00E-06,RMS Threshold,0,0,1
216,Normal,1,1.00E-06,RMS Threshold,0,0,1
217,Normal,1,1.00E-06,RMS Threshold,0,0,1
218,Normal,1,1.00E-06,RMS Threshold,0,0,1
219,Normal,1,1.00E-06,RMS Threshold,0,0,1
220,Normal,1,1.00E-06,RMS Threshold,0,0,1
221,Normal,1,1.00E-06,RMS Threshold,0,0,1
222,Normal,1,1.00E-06,RMS Threshold,0,0,1
223,Normal,1,0.006167,RMS Threshold,0,0,1
224,Baby_Cry,0.994275,0.026581,AST Model,0.994275,0.00499,0.000735
225,Normal,1,0.008549,RMS Threshold,0,0,1
226,Baby_Cry,0.798466,0.009537,AST Model,0.798466,0.198296,0.003239
227,Baby_Cry,0.977301,0.010794,AST Model,0.977301,0.021857,0.000842
228,Normal,1,0.00439,RMS Threshold,0,0,1
229,Normal,1,0.004601,RMS Threshold,0,0,1
230,Noise,0.794359,0.013536,AST Model,0.203454,0.794359,0.002187
231,Baby_Cry,0.979593,0.010998,AST Model,0.979593,0.019694,0.000714
232,Normal,1,0.003749,RMS Threshold,0,0,1
233,Normal,1,0.006489,RMS Threshold,0,0,1
234,Baby_Cry,0.55929,0.009876,AST Model,0.55929,0.439742,0.000968
235,Normal,1,0.007139,RMS Threshold,0,0,1
236,Normal,1,0.007386,RMS Threshold,0,0,1
237,Normal,1,0.003456,RMS Threshold,0,0,1
238,Normal,1,0.005006,RMS Threshold,0,0,1
239,Normal,1,0.004851,RMS Threshold,0,0,1
240,Baby_Cry,0.991075,0.010845,AST Model,0.991075,0.008303,0.000621
241,Normal,1,0.005032,RMS Threshold,0,0,1
242,Normal,1,0.004106,RMS Threshold,0,0,1
243,Normal,1,0.003578,RMS Threshold,0,0,1
244,Normal,1,0.003787,RMS Threshold,0,0,1
245,Noise,0.998217,0.071509,AST Model,0.00151,0.998217,0.000274
246,Noise,0.999864,0.013654,AST Model,9.00E-05,0.999864,4.60E-05
247,Normal,1,0.003286,RMS Threshold,0,0,1
248,Normal,1,0.006889,RMS Threshold,0,0,1
249,Normal,1,0.005148,RMS Threshold,0,0,1
250,Normal,1,0.004465,RMS Threshold,0,0,1
251,Normal,1,0.003066,RMS Threshold,0,0,1
252,Normal,1,0.002826,RMS Threshold,0,0,1
253,Normal,1,0.00439,RMS Threshold,0,0,1
254,Normal,1,0.004298,RMS Threshold,0,0,1
255,Normal,1,0.007305,RMS Threshold,0,0,1
256,Normal,1,0.008685,RMS Threshold,0,0,1
257,Noise,0.998979,0.012462,AST Model,0.000754,0.998979,0.000268
258,Normal,1,0.00372,RMS Threshold,0,0,1
259,Normal,1,0.005613,RMS Threshold,0,0,1
260,Noise,0.999512,0.009635,AST Model,0.000399,0.999512,8.90E-05
261,Noise,0.918137,0.06082,AST Model,0.080723,0.918137,0.00114
262,Noise,0.999828,0.035392,AST Model,0.000133,0.999828,3.90E-05
263,Noise,0.988731,0.110259,AST Model,0.009372,0.988731,0.001896
264,Baby_Cry,0.945723,0.090695,AST Model,0.945723,0.053559,0.000718
265,Noise,0.995506,0.051858,AST Model,0.00355,0.995506,0.000944
266,Baby_Cry,0.999299,0.093195,AST Model,0.999299,0.000604,9.70E-05
267,Baby_Cry,0.987387,0.029204,AST Model,0.987387,0.012336,0.000277
268,Baby_Cry,0.999719,0.066157,AST Model,0.999719,0.000241,4.00E-05
269,Baby_Cry,0.999729,0.149636,AST Model,0.999729,0.000217,5.40E-05
270,Baby_Cry,0.999546,0.132648,AST Model,0.999546,0.000364,9.00E-05
271,Baby_Cry,0.999743,0.132364,AST Model,0.999743,0.000178,7.80E-05
272,Baby_Cry,0.998854,0.133279,AST Model,0.998854,0.001056,9.00E-05
273,Baby_Cry,0.99956,0.113326,AST Model,0.99956,0.000352,8.80E-05
274,Baby_Cry,0.999786,0.112216,AST Model,0.999786,0.00012,9.40E-05
275,Baby_Cry,0.996793,0.023203,AST Model,0.996793,0.003113,9.30E-05
276,Baby_Cry,0.999471,0.123004,AST Model,0.999471,0.000361,0.000168
277,Baby_Cry,0.999132,0.097508,AST Model,0.999132,0.00081,5.80E-05
278,Baby_Cry,0.999608,0.129705,AST Model,0.999608,0.000332,6.10E-05
279,Baby_Cry,0.999291,0.075756,AST Model,0.999291,0.000624,8.50E-05
280,Baby_Cry,0.998639,0.044202,AST Model,0.998639,0.001266,9.50E-05
281,Baby_Cry,0.998815,0.057072,AST Model,0.998815,0.001055,0.000131
282,Normal,1,0.003891,RMS Threshold,0,0,1
283,Baby_Cry,0.997621,0.077435,AST Model,0.997621,0.00229,8.90E-05
284,Baby_Cry,0.998577,0.110804,AST Model,0.998577,0.001323,0.0001
285,Baby_Cry,0.999503,0.132071,AST Model,0.999503,0.000391,0.000106
286,Baby_Cry,0.958208,0.037208,AST Model,0.958208,0.041359,0.000433
287,Baby_Cry,0.999285,0.133708,AST Model,0.999285,0.000652,6.30E-05
288,Baby_Cry,0.828375,0.064941,AST Model,0.828375,0.170041,0.001584
289,Noise,0.998587,0.027619,AST Model,0.00124,0.998587,0.000173
290,Baby_Cry,0.827517,0.079047,AST Model,0.827517,0.17208,0.000402
291,Noise,0.999024,0.066715,AST Model,0.000662,0.999024,0.000314
292,Noise,0.800849,0.04478,AST Model,0.198712,0.800849,0.000439
293,Baby_Cry,0.994256,0.014006,AST Model,0.994256,0.005552,0.000192
294,Baby_Cry,0.848301,0.054601,AST Model,0.848301,0.150933,0.000766
295,Baby_Cry,0.997141,0.066712,AST Model,0.997141,0.00277,9.00E-05
296,Noise,0.984499,0.099278,AST Model,0.01529,0.984499,0.000211
297,Noise,0.849889,0.053992,AST Model,0.148226,0.849889,0.001885
298,Noise,0.982271,0.117457,AST Model,0.016477,0.982271,0.001252
299,Baby_Cry,0.859194,0.038241,AST Model,0.859194,0.140422,0.000384
300,Noise,0.891988,0.020374,AST Model,0.107632,0.891988,0.00038
301,Baby_Cry,0.999746,0.177936,AST Model,0.999746,0.000187,6.70E-05
302,Noise,0.998596,0.102334,AST Model,0.000982,0.998596,0.000422
303,Noise,0.992512,0.121664,AST Model,0.00665,0.992512,0.000839
304,Normal,1,0.003587,RMS Threshold,0,0,1
305,Normal,1,0.003311,RMS Threshold,0,0,1
306,Normal,1,0.003472,RMS Threshold,0,0,1
307,Noise,0.998671,0.098523,AST Model,0.001048,0.998671,0.00028
308,Noise,0.999024,0.089288,AST Model,0.000569,0.999024,0.000407
309,Noise,0.998044,0.109894,AST Model,0.001452,0.998044,0.000505
310,Noise,0.998956,0.083026,AST Model,0.000768,0.998956,0.000276
311,Noise,0.997054,0.089764,AST Model,0.001946,0.997054,0.001
312,Baby_Cry,0.999457,0.261506,AST Model,0.999457,0.000401,0.000141
313,Normal,1,0.002244,RMS Threshold,0,0,1
314,Baby_Cry,0.999841,0.103488,AST Model,0.999841,0.00013,2.90E-05
315,Baby_Cry,0.997416,0.07267,AST Model,0.997416,0.002447,0.000136
316,Normal,1,0.005552,RMS Threshold,0,0,1
317,Baby_Cry,0.998371,0.015425,AST Model,0.998371,0.001537,9.30E-05
318,Normal,1,0.00462,RMS Threshold,0,0,1
319,Normal,1,0.00328,RMS Threshold,0,0,1
320,Normal,1,0.00355,RMS Threshold,0,0,1
321,Baby_Cry,0.996858,0.012399,AST Model,0.996858,0.00279,0.000352
322,Normal,1,0.001709,RMS Threshold,0,0,1
323,Normal,1,0.008369,RMS Threshold,0,0,1
324,Normal,1,0.004333,RMS Threshold,0,0,1
325,Normal,1,0.004242,RMS Threshold,0,0,1
326,Normal,1,0.008909,RMS Threshold,0,0,1
327,Normal,1,0.008973,RMS Threshold,0,0,1
328,Normal,1,0.008028,RMS Threshold,0,0,1
329,Baby_Cry,0.77919,0.010543,AST Model,0.77919,0.219563,0.001247
330,Baby_Cry,0.753462,0.009958,AST Model,0.753462,0.246013,0.000525
331,Normal,1,0.004737,RMS Threshold,0,0,1
332,Normal,1,0.008228,RMS Threshold,0,0,1
333,Normal,1,0.006166,RMS Threshold,0,0,1
334,Normal,1,0.003076,RMS Threshold,0,0,1
335,Normal,1,0.002903,RMS Threshold,0,0,1
336,Normal,1,0.00293,RMS Threshold,0,0,1
337,Normal,1,0.006315,RMS Threshold,0,0,1
338,Normal,1,0.002297,RMS Threshold,0,0,1
339,Normal,1,0.004322,RMS Threshold,0,0,1
340,Normal,1,0.003585,RMS Threshold,0,0,1
341,Normal,1,0.005692,RMS Threshold,0,0,1
342,Normal,1,0.002452,RMS Threshold,0,0,1
343,Normal,1,0.003702,RMS Threshold,0,0,1
344,Normal,1,0.007634,RMS Threshold,0,0,1
345,Normal,1,0.004263,RMS Threshold,0,0,1
346,Normal,1,0.002613,RMS Threshold,0,0,1
347,Normal,1,0.003647,RMS Threshold,0,0,1
348,Normal,1,0.005537,RMS Threshold,0,0,1
349,Normal,1,0.003488,RMS Threshold,0,0,1
350,Normal,1,0.005362,RMS Threshold,0,0,1
351,Normal,1,0.006993,RMS Threshold,0,0,1
352,Normal,1,0.005579,RMS Threshold,0,0,1
353,Noise,0.944782,0.01546,AST Model,0.054355,0.944782,0.000863
354,Normal,1,0.002488,RMS Threshold,0,0,1
355,Normal,1,0.004683,RMS Threshold,0,0,1
356,Normal,1,0.005302,RMS Threshold,0,0,1
357,Normal,1,0.007377,RMS Threshold,0,0,1
358,Normal,1,0.005387,RMS Threshold,0,0,1
359,Normal,1,0.00734,RMS Threshold,0,0,1
360,Normal,1,0.004116,RMS Threshold,0,0,1
361,Normal,1,0.005514,RMS Threshold,0,0,1
362,Normal,1,0.004809,RMS Threshold,0,0,1
363,Normal,1,0.003132,RMS Threshold,0,0,1
364,Normal,1,0.004768,RMS Threshold,0,0,1
365,Normal,1,0.000967,RMS Threshold,0,0,1
366,Baby_Cry,0.999048,0.031139,AST Model,0.999048,0.000472,0.00048
367,Baby_Cry,0.886506,0.01724,AST Model,0.886506,0.112471,0.001023
368,Baby_Cry,0.998813,0.017967,AST Model,0.998813,0.00078,0.000407
369,Baby_Cry,0.583736,0.01227,AST Model,0.583736,0.415378,0.000886
370,Normal,1,0.001508,RMS Threshold,0,0,1
371,Baby_Cry,0.740814,0.010188,AST Model,0.740814,0.258228,0.000958
372,Normal,1,0.00766,RMS Threshold,0,0,1
373,Normal,1,0.001477,RMS Threshold,0,0,1
374,Noise,0.773413,0.011988,AST Model,0.225861,0.773413,0.000726
375,Normal,1,0.001678,RMS Threshold,0,0,1
376,Noise,0.75439,0.009521,AST Model,0.245098,0.75439,0.000512
377,Normal,1,0.005975,RMS Threshold,0,0,1
378,Normal,1,0.004821,RMS Threshold,0,0,1
379,Normal,1,0.003711,RMS Threshold,0,0,1
380,Baby_Cry,0.8668,0.017371,AST Model,0.8668,0.13242,0.000781
381,Normal,1,0.006454,RMS Threshold,0,0,1
382,Noise,0.592402,0.010031,AST Model,0.406981,0.592402,0.000617
383,Normal,1,0.008734,RMS Threshold,0,0,1
384,Baby_Cry,0.901109,0.020413,AST Model,0.901109,0.098101,0.00079
385,Normal,1,0.002376,RMS Threshold,0,0,1
386,Normal,1,0.003216,RMS Threshold,0,0,1
387,Baby_Cry,0.815964,0.011172,AST Model,0.815964,0.18224,0.001796
388,Normal,1,0.006556,RMS Threshold,0,0,1
389,Normal,1,0.00866,RMS Threshold,0,0,1
390,Normal,1,0.002668,RMS Threshold,0,0,1
391,Normal,1,0.005512,RMS Threshold,0,0,1
392,Normal,1,0.006862,RMS Threshold,0,0,1
393,Baby_Cry,0.964781,0.01603,AST Model,0.964781,0.034176,0.001043
394,Normal,1,0.004586,RMS Threshold,0,0,1
395,Normal,1,0.003049,RMS Threshold,0,0,1
396,Baby_Cry,0.968683,0.009594,AST Model,0.968683,0.030316,0.001001
397,Normal,1,0.003703,RMS Threshold,0,0,1
398,Noise,0.627022,0.009031,AST Model,0.369836,0.627022,0.003142
399,Normal,1,0.005674,RMS Threshold,0,0,1
400,Baby_Cry,0.999456,0.042082,AST Model,0.999456,0.000438,0.000106
401,Normal,1,0.005883,RMS Threshold,0,0,1
402,Baby_Cry,0.954289,0.009243,AST Model,0.954289,0.045331,0.00038
403,Baby_Cry,0.997892,0.022188,AST Model,0.997892,0.001835,0.000273
404,Baby_Cry,0.506276,0.011563,AST Model,0.506276,0.492794,0.00093
405,Baby_Cry,0.997989,0.020045,AST Model,0.997989,0.001818,0.000192
406,Noise,0.922991,0.011723,AST Model,0.076594,0.922991,0.000416
407,Baby_Cry,0.867385,0.02089,AST Model,0.867385,0.131194,0.00142
408,Baby_Cry,0.906488,0.01207,AST Model,0.906488,0.092877,0.000635
409,Baby_Cry,0.987203,0.025352,AST Model,0.987203,0.012481,0.000316
410,Normal,1,0.004476,RMS Threshold,0,0,1
411,Normal,1,0.000977,RMS Threshold,0,0,1
412,Baby_Cry,0.998074,0.013576,AST Model,0.998074,0.00179,0.000135
413,Normal,1,0.005974,RMS Threshold,0,0,1
414,Baby_Cry,0.995406,0.010927,AST Model,0.995406,0.004326,0.000268
415,Baby_Cry,0.99089,0.020327,AST Model,0.99089,0.008887,0.000224
416,Baby_Cry,0.998679,0.015652,AST Model,0.998679,0.001199,0.000121
417,Normal,1,0.005487,RMS Threshold,0,0,1
418,Normal,1,0.006635,RMS Threshold,0,0,1
419,Baby_Cry,0.989042,0.019652,AST Model,0.989042,0.010817,0.000141
420,Baby_Cry,0.939644,0.02114,AST Model,0.939644,0.059971,0.000385
421,Baby_Cry,0.999201,0.019505,AST Model,0.999201,0.000673,0.000126
422,Normal,1,0.008092,RMS Threshold,0,0,1
423,Normal,1,0.00723,RMS Threshold,0,0,1
424,Baby_Cry,0.96965,0.009608,AST Model,0.96965,0.030062,0.000288
425,Normal,1,0.00831,RMS Threshold,0,0,1
426,Baby_Cry,0.999379,0.03708,AST Model,0.999379,0.000466,0.000154
427,Normal,1,0.000892,RMS Threshold,0,0,1
428,Normal,1,0.005806,RMS Threshold,0,0,1
429,Noise,0.99584,0.01055,AST Model,0.002939,0.99584,0.00122
430,Baby_Cry,0.989392,0.019519,AST Model,0.989392,0.010013,0.000594
431,Baby_Cry,0.99703,0.010002,AST Model,0.99703,0.002797,0.000172
432,Normal,1,0.007905,RMS Threshold,0,0,1
433,Normal,1,0.007044,RMS Threshold,0,0,1
434,Normal,1,0.006608,RMS Threshold,0,0,1
435,Baby_Cry,0.999598,0.049681,AST Model,0.999598,0.00025,0.000153
436,Noise,0.996981,0.009841,AST Model,0.000815,0.996981,0.002205
437,Baby_Cry,0.953884,0.009491,AST Model,0.953884,0.045693,0.000423
438,Normal,1,0.003804,RMS Threshold,0,0,1
439,Normal,1,0.006843,RMS Threshold,0,0,1
440,Normal,1,0.00221,RMS Threshold,0,0,1
441,Baby_Cry,0.820417,0.009238,AST Model,0.820417,0.178429,0.001153
442,Baby_Cry,0.952316,0.009851,AST Model,0.952316,0.047232,0.000452
443,Normal,1,0.006058,RMS Threshold,0,0,1
444,Normal,1,0.001293,RMS Threshold,0,0,1
445,Normal,1,0.005279,RMS Threshold,0,0,1
446,Normal,1,0.008463,RMS Threshold,0,0,1
447,Normal,1,0.00518,RMS Threshold,0,0,1
448,Baby_Cry,0.903569,0.015975,AST Model,0.903569,0.095918,0.000513
449,Baby_Cry,0.998269,0.043472,AST Model,0.998269,0.001644,8.70E-05
450,Normal,1,0.00624,RMS Threshold,0,0,1
451,Normal,1,0.002976,RMS Threshold,0,0,1
452,Baby_Cry,0.999207,0.014722,AST Model,0.999207,0.00061,0.000183
453,Normal,1,0.002196,RMS Threshold,0,0,1
454,Normal,1,0.003833,RMS Threshold,0,0,1
455,Baby_Cry,0.999352,0.069981,AST Model,0.999352,0.000417,0.000231
456,Normal,1,0.000811,RMS Threshold,0,0,1
457,Normal,1,0.008164,RMS Threshold,0,0,1
458,Normal,1,0.006904,RMS Threshold,0,0,1
459,Baby_Cry,0.913502,0.016442,AST Model,0.913502,0.085976,0.000523
460,Normal,1,0.008136,RMS Threshold,0,0,1
461,Baby_Cry,0.904228,0.019479,AST Model,0.904228,0.094903,0.000869
462,Normal,1,0.002559,RMS Threshold,0,0,1
463,Normal,1,0.003622,RMS Threshold,0,0,1
464,Noise,0.9902,0.009778,AST Model,0.007598,0.9902,0.002202
465,Normal,1,0.002772,RMS Threshold,0,0,1
466,Normal,1,0.005942,RMS Threshold,0,0,1
467,Normal,1,0.007858,RMS Threshold,0,0,1
468,Noise,0.987828,0.015148,AST Model,0.011923,0.987828,0.000249
469,Baby_Cry,0.809997,0.023279,AST Model,0.809997,0.189231,0.000772
470,Normal,1,0.00317,RMS Threshold,0,0,1
471,Noise,0.514505,0.020494,AST Model,0.484758,0.514505,0.000737
472,Noise,0.736558,0.013522,AST Model,0.26281,0.736558,0.000632
473,Baby_Cry,0.99829,0.015702,AST Model,0.99829,0.001461,0.000249
474,Baby_Cry,0.851315,0.009978,AST Model,0.851315,0.148283,0.000402
475,Baby_Cry,0.998623,0.019365,AST Model,0.998623,0.001122,0.000255
476,Normal,1,0.006391,RMS Threshold,0,0,1
477,Normal,1,0.004615,RMS Threshold,0,0,1
478,Baby_Cry,0.990523,0.044401,AST Model,0.990523,0.009125,0.000352
479,Normal,1,0.003405,RMS Threshold,0,0,1
480,Noise,0.926486,0.01128,AST Model,0.073176,0.926486,0.000337
481,Baby_Cry,0.884938,0.017911,AST Model,0.884938,0.114552,0.00051
482,Normal,1,0.007585,RMS Threshold,0,0,1
483,Noise,0.879416,0.011355,AST Model,0.119927,0.879416,0.000656
484,Normal,1,0.007269,RMS Threshold,0,0,1
485,Noise,0.574373,0.009845,AST Model,0.423482,0.574373,0.002146
486,Noise,0.992597,0.010169,AST Model,0.00717,0.992597,0.000232
487,Noise,0.980516,0.026629,AST Model,0.019169,0.980516,0.000315
488,Normal,1,0.004562,RMS Threshold,0,0,1
489,Noise,0.999005,0.01096,AST Model,0.000827,0.999005,0.000168
490,Noise,0.97875,0.01316,AST Model,0.021132,0.97875,0.000118
491,Normal,1,0.008146,RMS Threshold,0,0,1
492,Baby_Cry,0.94974,0.010877,AST Model,0.94974,0.049921,0.00034
493,Noise,0.990918,0.009454,AST Model,0.008987,0.990918,9.50E-05
494,Baby_Cry,0.998948,0.01618,AST Model,0.998948,0.00093,0.000121
495,Baby_Cry,0.994617,0.019928,AST Model,0.994617,0.005202,0.000181
496,Baby_Cry,0.827083,0.012967,AST Model,0.827083,0.172503,0.000415
497,Normal,1,0.008455,RMS Threshold,0,0,1
498,Baby_Cry,0.964945,0.013157,AST Model,0.964945,0.03487,0.000186
499,Noise,0.89251,0.013953,AST Model,0.106716,0.89251,0.000774
500,Normal,1,0.005737,RMS Threshold,0,0,1
501,Normal,1,0.007287,RMS Threshold,0,0,1
502,Normal,1,0.00361,RMS Threshold,0,0,1
503,Normal,1,0.008761,RMS Threshold,0,0,1
504,Normal,1,0.007844,RMS Threshold,0,0,1
505,Normal,1,0.006009,RMS Threshold,0,0,1
506,Normal,1,0.005691,RMS Threshold,0,0,1
507,Baby_Cry,0.997922,0.025191,AST Model,0.997922,0.001978,0.0001
508,Normal,1,0.002001,RMS Threshold,0,0,1
509,Normal,1,0.006524,RMS Threshold,0,0,1
510,Baby_Cry,0.623743,0.021812,AST Model,0.623743,0.375035,0.001222
511,Baby_Cry,0.800876,0.030007,AST Model,0.800876,0.197446,0.001679
512,Noise,0.999688,0.013199,AST Model,0.000263,0.999688,4.90E-05
513,Normal,1,0.004918,RMS Threshold,0,0,1
514,Normal,1,0.003522,RMS Threshold,0,0,1
515,Baby_Cry,0.97271,0.011044,AST Model,0.97271,0.026176,0.001114
516,Normal,1,0.008283,RMS Threshold,0,0,1
517,Baby_Cry,0.93638,0.009019,AST Model,0.93638,0.063111,0.000509
518,Baby_Cry,0.996695,0.00905,AST Model,0.996695,0.003208,9.60E-05
519,Baby_Cry,0.997964,0.012684,AST Model,0.997964,0.001919,0.000118
520,Baby_Cry,0.949412,0.018136,AST Model,0.949412,0.049563,0.001025
521,Baby_Cry,0.999421,0.033015,AST Model,0.999421,0.000451,0.000127
522,Baby_Cry,0.998811,0.01261,AST Model,0.998811,0.001054,0.000135
523,Baby_Cry,0.998471,0.019333,AST Model,0.998471,0.001413,0.000116
524,Baby_Cry,0.84073,0.029886,AST Model,0.84073,0.158507,0.000763
525,Noise,0.999664,0.042479,AST Model,0.000283,0.999664,5.40E-05
526,Noise,0.838737,0.015401,AST Model,0.1599,0.838737,0.001363
527,Baby_Cry,0.936247,0.077665,AST Model,0.936247,0.063093,0.00066
528,Baby_Cry,0.866678,0.010178,AST Model,0.866678,0.132591,0.000731
529,Baby_Cry,0.997932,0.009329,AST Model,0.997932,0.001865,0.000204
530,Baby_Cry,0.994931,0.014653,AST Model,0.994931,0.00492,0.00015
531,Baby_Cry,0.888867,0.011886,AST Model,0.888867,0.110596,0.000537
532,Baby_Cry,0.650826,0.009929,AST Model,0.650826,0.347396,0.001778
533,Normal,1,0.005312,RMS Threshold,0,0,1
534,Noise,0.946894,0.009262,AST Model,0.049011,0.946894,0.004095
535,Normal,1,0.008667,RMS Threshold,0,0,1
536,Baby_Cry,0.98944,0.026947,AST Model,0.98944,0.010338,0.000222
537,Noise,0.884916,0.019513,AST Model,0.114581,0.884916,0.000503
538,Baby_Cry,0.988627,0.010539,AST Model,0.988627,0.011028,0.000345
539,Baby_Cry,0.611522,0.016065,AST Model,0.611522,0.387654,0.000825
540,Noise,0.896581,0.012977,AST Model,0.102814,0.896581,0.000605
541,Baby_Cry,0.510801,0.028034,AST Model,0.510801,0.488542,0.000657
542,Baby_Cry,0.997527,0.168644,AST Model,0.997527,0.002317,0.000155
543,Baby_Cry,0.938231,0.022706,AST Model,0.938231,0.061398,0.000371
544,Baby_Cry,0.999696,0.060935,AST Model,0.999696,0.000246,5.70E-05
545,Baby_Cry,0.99821,0.104903,AST Model,0.99821,0.001664,0.000126
546,Baby_Cry,0.98292,0.210464,AST Model,0.98292,0.015851,0.00123
547,Baby_Cry,0.998781,0.102459,AST Model,0.998781,0.001138,8.10E-05
548,Baby_Cry,0.99356,0.018539,AST Model,0.99356,0.006307,0.000133
549,Baby_Cry,0.997792,0.249568,AST Model,0.997792,0.00204,0.000168
550,Normal,1,0.003887,RMS Threshold,0,0,1
551,Normal,1,0.003867,RMS Threshold,0,0,1
552,Noise,0.999429,0.014339,AST Model,0.000375,0.999429,0.000195
553,Noise,0.993697,0.010098,AST Model,0.005907,0.993697,0.000397
554,Normal,1,0.001021,RMS Threshold,0,0,1
555,Normal,1,0.004595,RMS Threshold,0,0,1
556,Normal,1,0.004817,RMS Threshold,0,0,1
557,Normal,1,0.004874,RMS Threshold,0,0,1
558,Normal,1,0.004432,RMS Threshold,0,0,1
559,Normal,1,0.004577,RMS Threshold,0,0,1
560,Normal,1,0.005299,RMS Threshold,0,0,1
561,Normal,1,0.005148,RMS Threshold,0,0,1
562,Normal,1,0.004014,RMS Threshold,0,0,1
563,Normal,1,0.004424,RMS Threshold,0,0,1
564,Normal,1,0.00406,RMS Threshold,0,0,1
565,Normal,1,0.00415,RMS Threshold,0,0,1
566,Normal,1,0.004844,RMS Threshold,0,0,1
567,Normal,1,0.004394,RMS Threshold,0,0,1
568,Normal,1,0.004441,RMS Threshold,0,0,1
569,Normal,1,0.004297,RMS Threshold,0,0,1
570,Normal,1,0.004348,RMS Threshold,0,0,1
571,Normal,1,0.004526,RMS Threshold,0,0,1
572,Normal,1,0.005513,RMS Threshold,0,0,1
573,Normal,1,0.005412,RMS Threshold,0,0,1
574,Normal,1,0.00578,RMS Threshold,0,0,1
575,Normal,1,0.004847,RMS Threshold,0,0,1
576,Normal,1,0.005963,RMS Threshold,0,0,1
577,Normal,1,0.005977,RMS Threshold,0,0,1
578,Normal,1,0.004804,RMS Threshold,0,0,1
579,Normal,1,0.006814,RMS Threshold,0,0,1
580,Normal,1,0.004205,RMS Threshold,0,0,1
581,Baby_Cry,0.994551,0.035427,AST Model,0.994551,0.005206,0.000243
582,Baby_Cry,0.996984,0.023345,AST Model,0.996984,0.002736,0.000281
583,Normal,1,0.004984,RMS Threshold,0,0,1
584,Normal,1,0.003996,RMS Threshold,0,0,1
585,Normal,1,0.00343,RMS Threshold,0,0,1
586,Baby_Cry,0.912452,0.016771,AST Model,0.912452,0.086629,0.000919
587,Baby_Cry,0.857524,0.011227,AST Model,0.857524,0.141423,0.001053
588,Normal,1,0.00722,RMS Threshold,0,0,1
589,Normal,1,0.003226,RMS Threshold,0,0,1
590,Normal,1,0.004956,RMS Threshold,0,0,1
591,Normal,1,0.003763,RMS Threshold,0,0,1
592,Noise,0.969064,0.011685,AST Model,0.030193,0.969064,0.000743
593,Noise,0.981229,0.014625,AST Model,0.016931,0.981229,0.00184
594,Noise,0.92816,0.033807,AST Model,0.071255,0.92816,0.000586
595,Noise,0.99279,0.088671,AST Model,0.00376,0.99279,0.00345
596,Noise,0.967345,0.138036,AST Model,0.029469,0.967345,0.003186
597,Noise,0.987957,0.137443,AST Model,0.006487,0.987957,0.005556
598,Normal,1,0.001536,RMS Threshold,0,0,1
599,Noise,0.983474,0.204426,AST Model,0.008689,0.983474,0.007838
600,Noise,0.990347,0.139305,AST Model,0.005506,0.990347,0.004147
601,Noise,0.946902,0.012155,AST Model,0.000308,0.946902,0.05279
602,Noise,0.977418,0.146391,AST Model,0.018802,0.977418,0.003781
603,Noise,0.984861,0.162847,AST Model,0.009873,0.984861,0.005266
604,Noise,0.865141,0.141505,AST Model,0.130692,0.865141,0.004167
605,Normal,1,0.00177,RMS Threshold,0,0,1
606,Noise,0.849454,0.092455,AST Model,0.136814,0.849454,0.013732
607,Noise,0.998171,0.051908,AST Model,0.001251,0.998171,0.000578
608,Noise,0.983845,0.027723,AST Model,0.002096,0.983845,0.014059
609,Normal,1,0.008739,RMS Threshold,0,0,1
610,Noise,0.987031,0.041693,AST Model,0.00992,0.987031,0.003049
611,Noise,0.994213,0.042178,AST Model,0.001484,0.994213,0.004303
612,Noise,0.978964,0.040351,AST Model,0.009717,0.978964,0.011319
613,Noise,0.949955,0.049418,AST Model,0.044786,0.949955,0.005259
614,Noise,0.997604,0.030689,AST Model,0.000596,0.997604,0.0018
615,Noise,0.999537,0.036262,AST Model,0.000124,0.999537,0.000339
616,Noise,0.996803,0.124044,AST Model,0.00192,0.996803,0.001277
617,Noise,0.990944,0.077532,AST Model,0.005697,0.990944,0.00336
618,Noise,0.926389,0.074427,AST Model,0.061857,0.926389,0.011755
619,Noise,0.992514,0.033431,AST Model,0.002057,0.992514,0.005429
620,Noise,0.909441,0.085269,AST Model,0.06961,0.909441,0.020949
621,Noise,0.996997,0.034495,AST Model,0.000891,0.996997,0.002112
622,Noise,0.947311,0.114268,AST Model,0.040686,0.947311,0.012003
623,Noise,0.822415,0.047901,AST Model,0.164376,0.822415,0.013209
624,Noise,0.987163,0.02635,AST Model,0.001821,0.987163,0.011016
625,Noise,0.992692,0.041279,AST Model,0.00256,0.992692,0.004748
626,Noise,0.867936,0.131839,AST Model,0.122256,0.867936,0.009808
627,Normal,1,0.00202,RMS Threshold,0,0,1
628,Noise,0.976244,0.05063,AST Model,0.011381,0.976244,0.012374
629,Noise,0.896079,0.133473,AST Model,0.088316,0.896079,0.015605
630,Noise,0.998874,0.058605,AST Model,0.000597,0.998874,0.00053
631,Noise,0.922481,0.014273,AST Model,0.002399,0.922481,0.07512
632,Noise,0.994786,0.040161,AST Model,0.001417,0.994786,0.003797
633,Noise,0.992585,0.093046,AST Model,0.002965,0.992585,0.00445
634,Noise,0.921264,0.139292,AST Model,0.050353,0.921264,0.028383
635,Noise,0.984123,0.06862,AST Model,0.009477,0.984123,0.0064
636,Normal,1,0.001123,RMS Threshold,0,0,1
637,Normal,1,0.002626,RMS Threshold,0,0,1
638,Normal,1,0.003405,RMS Threshold,0,0,1
639,Normal,1,0.000929,RMS Threshold,0,0,1
640,Normal,1,0.007277,RMS Threshold,0,0,1
641,Noise,0.933994,0.009781,AST Model,0.065029,0.933994,0.000977
642,Normal,1,0.006854,RMS Threshold,0,0,1
643,Normal,1,0.005898,RMS Threshold,0,0,1
644,Normal,1,0.003063,RMS Threshold,0,0,1
645,Normal,1,0.002801,RMS Threshold,0,0,1
646,Normal,1,0.00724,RMS Threshold,0,0,1
647,Normal,1,0.007412,RMS Threshold,0,0,1
648,Baby_Cry,0.918948,0.009221,AST Model,0.918948,0.079508,0.001544
649,Normal,1,0.003042,RMS Threshold,0,0,1
650,Normal,1,0.00524,RMS Threshold,0,0,1
651,Normal,1,0.002422,RMS Threshold,0,0,1
652,Normal,1,0.006072,RMS Threshold,0,0,1
653,Normal,1,0.004333,RMS Threshold,0,0,1
654,Normal,1,0.007528,RMS Threshold,0,0,1
655,Normal,1,0.005258,RMS Threshold,0,0,1
656,Normal,1,0.006017,RMS Threshold,0,0,1
657,Noise,0.948595,0.023343,AST Model,0.050592,0.948595,0.000812
658,Normal,1,0.005145,RMS Threshold,0,0,1
659,Normal,1,0.00581,RMS Threshold,0,0,1
660,Normal,1,0.002938,RMS Threshold,0,0,1
661,Normal,1,0.005329,RMS Threshold,0,0,1
662,Normal,1,0.007133,RMS Threshold,0,0,1
663,Normal,1,0.003657,RMS Threshold,0,0,1
664,Normal,1,0.005712,RMS Threshold,0,0,1
665,Normal,1,0.005887,RMS Threshold,0,0,1
666,Normal,1,0.004522,RMS Threshold,0,0,1
667,Normal,1,0.007239,RMS Threshold,0,0,1
668,Normal,1,0.006715,RMS Threshold,0,0,1
669,Normal,1,0.005682,RMS Threshold,0,0,1
670,Normal,1,0.006714,RMS Threshold,0,0,1
671,Normal,1,0.004516,RMS Threshold,0,0,1
672,Normal,1,0.00563,RMS Threshold,0,0,1
673,Normal,1,0.007607,RMS Threshold,0,0,1
674,Baby_Cry,0.994282,0.010376,AST Model,0.994282,0.004166,0.001552
675,Normal,1,0.003468,RMS Threshold,0,0,1
676,Normal,1,0.005574,RMS Threshold,0,0,1
677,Normal,1,0.005259,RMS Threshold,0,0,1
678,Noise,0.999502,0.010761,AST Model,9.20E-05,0.999502,0.000406
679,Normal,1,0.004027,RMS Threshold,0,0,1
680,Normal,1,0.006312,RMS Threshold,0,0,1
681,Normal,1,0.004349,RMS Threshold,0,0,1
682,Normal,1,0.004228,RMS Threshold,0,0,1
683,Baby_Cry,0.997402,0.024039,AST Model,0.997402,0.002448,0.00015
684,Baby_Cry,0.993289,0.01175,AST Model,0.993289,0.006146,0.000566
685,Normal,1,0.008635,RMS Threshold,0,0,1
686,Normal,1,0.007544,RMS Threshold,0,0,1
687,Normal,1,0.007323,RMS Threshold,0,0,1
688,Normal,1,0.004685,RMS Threshold,0,0,1
689,Normal,1,0.005008,RMS Threshold,0,0,1
690,Normal,1,0.006183,RMS Threshold,0,0,1
691,Normal,1,0.007229,RMS Threshold,0,0,1
692,Normal,1,0.007179,RMS Threshold,0,0,1
693,Normal,1,0.004469,RMS Threshold,0,0,1
694,Normal,1,0.004543,RMS Threshold,0,0,1
695,Normal,1,0.004234,RMS Threshold,0,0,1
696,Noise,0.999383,0.019012,AST Model,0.000353,0.999383,0.000263
697,Normal,1,0.004855,RMS Threshold,0,0,1
698,Normal,1,0.003545,RMS Threshold,0,0,1
699,Normal,1,0.004084,RMS Threshold,0,0,1
700,Normal,1,0.003924,RMS Threshold,0,0,1
701,Normal,1,0.003061,RMS Threshold,0,0,1
702,Normal,1,0.004387,RMS Threshold,0,0,1
703,Normal,1,0.008712,RMS Threshold,0,0,1
704,Normal,1,0.006457,RMS Threshold,0,0,1
705,Normal,1,0.007402,RMS Threshold,0,0,1
706,Noise,0.952833,0.012905,AST Model,0.045818,0.952833,0.001349
707,Normal,1,0.008507,RMS Threshold,0,0,1
708,Normal,1,0.005153,RMS Threshold,0,0,1
709,Normal,1,0.00635,RMS Threshold,0,0,1
710,Normal,1,0.007011,RMS Threshold,0,0,1
711,Normal,1,0.00844,RMS Threshold,0,0,1
712,Normal,1,0.003113,RMS Threshold,0,0,1
713,Normal,1,0.0044,RMS Threshold,0,0,1
714,Normal,1,0.0044,RMS Threshold,0,0,1
715,Normal,1,0.006048,RMS Threshold,0,0,1
716,Normal,1,0.005135,RMS Threshold,0,0,1
717,Normal,1,0.00285,RMS Threshold,0,0,1
718,Normal,1,0.005539,RMS Threshold,0,0,1
719,Normal,1,0.004124,RMS Threshold,0,0,1
720,Normal,1,0.003997,RMS Threshold,0,0,1
721,Baby_Cry,0.998868,0.023289,AST Model,0.998868,0.000944,0.000187
722,Baby_Cry,0.983156,0.010032,AST Model,0.983156,0.015734,0.00111
723,Normal,1,0.008209,RMS Threshold,0,0,1
724,Noise,0.797141,0.010441,AST Model,0.200743,0.797141,0.002116
725,Normal,1,0.006488,RMS Threshold,0,0,1
726,Normal,1,0.006195,RMS Threshold,0,0,1
727,Baby_Cry,0.86556,0.010546,AST Model,0.86556,0.133401,0.001039
728,Baby_Cry,0.852187,0.010344,AST Model,0.852187,0.147254,0.000558
729,Noise,0.999254,0.032387,AST Model,0.000542,0.999254,0.000204
730,Normal,1,0.004973,RMS Threshold,0,0,1
731,Normal,1,0.005111,RMS Threshold,0,0,1
732,Normal,1,0.002785,RMS Threshold,0,0,1
733,Normal,1,0.005662,RMS Threshold,0,0,1
734,Normal,1,0.00575,RMS Threshold,0,0,1
735,Normal,1,0.002585,RMS Threshold,0,0,1
736,Normal,1,0.003402,RMS Threshold,0,0,1
737,Normal,1,0.007866,RMS Threshold,0,0,1
738,Baby_Cry,0.978386,0.009547,AST Model,0.978386,0.020212,0.001402
739,Normal,1,0.004252,RMS Threshold,0,0,1
740,Normal,1,0.004103,RMS Threshold,0,0,1
741,Normal,1,0.004702,RMS Threshold,0,0,1
742,Normal,1,0.008042,RMS Threshold,0,0,1
743,Baby_Cry,0.781679,0.043863,AST Model,0.781679,0.216305,0.002016
744,Normal,1,0.006646,RMS Threshold,0,0,1
745,Normal,1,0.008322,RMS Threshold,0,0,1
746,Normal,1,0.002485,RMS Threshold,0,0,1
747,Noise,0.995638,0.011109,AST Model,0.003862,0.995638,0.0005
748,Normal,1,0.004203,RMS Threshold,0,0,1
749,Normal,1,0.007427,RMS Threshold,0,0,1
750,Normal,1,0.006492,RMS Threshold,0,0,1
751,Normal,1,0.005901,RMS Threshold,0,0,1
752,Normal,1,0.005869,RMS Threshold,0,0,1
753,Normal,1,0.003855,RMS Threshold,0,0,1
754,Normal,1,0.005378,RMS Threshold,0,0,1
755,Baby_Cry,0.997115,0.020168,AST Model,0.997115,0.002588,0.000297
756,Baby_Cry,0.735232,0.014102,AST Model,0.735232,0.263566,0.001202
757,Baby_Cry,0.991757,0.009131,AST Model,0.991757,0.007822,0.000421
758,Noise,0.605774,0.012697,AST Model,0.393428,0.605774,0.000797
759,Baby_Cry,0.99476,0.009344,AST Model,0.99476,0.004692,0.000548
760,Normal,1,0.006714,RMS Threshold,0,0,1
761,Normal,1,0.00597,RMS Threshold,0,0,1
762,Normal,1,0.006927,RMS Threshold,0,0,1
763,Normal,1,0.003539,RMS Threshold,0,0,1
764,Normal,1,0.006935,RMS Threshold,0,0,1
765,Normal,1,0.007634,RMS Threshold,0,0,1
766,Normal,1,0.007335,RMS Threshold,0,0,1
767,Normal,1,0.006403,RMS Threshold,0,0,1
768,Normal,1,0.00788,RMS Threshold,0,0,1
769,Normal,1,0.006127,RMS Threshold,0,0,1
770,Normal,1,0.007258,RMS Threshold,0,0,1
771,Normal,1,0.00392,RMS Threshold,0,0,1
772,Normal,1,0.004696,RMS Threshold,0,0,1
773,Baby_Cry,0.824114,0.009573,AST Model,0.824114,0.173005,0.002881
774,Normal,1,0.005233,RMS Threshold,0,0,1
775,Baby_Cry,0.934911,0.012098,AST Model,0.934911,0.064707,0.000382
776,Normal,1,0.005855,RMS Threshold,0,0,1
777,Noise,0.565527,0.013558,AST Model,0.433671,0.565527,0.000803
778,Normal,1,0.001699,RMS Threshold,0,0,1
779,Normal,1,0.004183,RMS Threshold,0,0,1
780,Normal,1,0.00486,RMS Threshold,0,0,1
781,Normal,1,0.003164,RMS Threshold,0,0,1
782,Normal,1,0.004654,RMS Threshold,0,0,1
783,Normal,1,0.002526,RMS Threshold,0,0,1
784,Normal,1,0.001927,RMS Threshold,0,0,1
785,Normal,1,0.004678,RMS Threshold,0,0,1
786,Normal,1,0.000823,RMS Threshold,0,0,1
787,Normal,1,0.007225,RMS Threshold,0,0,1
788,Normal,1,0.005629,RMS Threshold,0,0,1
789,Normal,1,0.00339,RMS Threshold,0,0,1
790,Noise,0.999576,0.009738,AST Model,0.000326,0.999576,9.80E-05
791,Noise,0.999028,0.052583,AST Model,0.000834,0.999028,0.000139
792,Noise,0.999429,0.022139,AST Model,0.00042,0.999429,0.000151
793,Noise,0.987317,0.01806,AST Model,0.012368,0.987317,0.000315
794,Baby_Cry,0.901565,0.02759,AST Model,0.901565,0.09803,0.000404
795,Normal,1,0.007144,RMS Threshold,0,0,1
796,Normal,1,0.007497,RMS Threshold,0,0,1
797,Normal,1,0.008544,RMS Threshold,0,0,1
798,Normal,1,0.006522,RMS Threshold,0,0,1
799,Normal,1,0.004455,RMS Threshold,0,0,1
800,Normal,1,0.007427,RMS Threshold,0,0,1
801,Baby_Cry,0.565985,0.011242,AST Model,0.565985,0.430592,0.003423
802,Baby_Cry,0.994968,0.009874,AST Model,0.994968,0.004909,0.000123
803,Normal,1,0.007101,RMS Threshold,0,0,1
804,Noise,0.560102,0.015476,AST Model,0.438805,0.560102,0.001092
805,Normal,1,0.007106,RMS Threshold,0,0,1
806,Normal,1,0.006179,RMS Threshold,0,0,1
807,Normal,1,0.00465,RMS Threshold,0,0,1
808,Baby_Cry,0.992814,0.01169,AST Model,0.992814,0.006955,0.000232
809,Normal,1,0.005989,RMS Threshold,0,0,1
810,Normal,1,0.003786,RMS Threshold,0,0,1
811,Normal,1,0.007341,RMS Threshold,0,0,1
812,Normal,1,0.00223,RMS Threshold,0,0,1
813,Normal,1,0.005086,RMS Threshold,0,0,1
814,Normal,1,0.005646,RMS Threshold,0,0,1
815,Normal,1,0.008627,RMS Threshold,0,0,1
816,Normal,1,0.005233,RMS Threshold,0,0,1
817,Normal,1,0.002464,RMS Threshold,0,0,1
818,Noise,0.988422,0.026663,AST Model,0.01062,0.988422,0.000958
819,Normal,1,0.008816,RMS Threshold,0,0,1
820,Normal,1,0.007214,RMS Threshold,0,0,1
821,Normal,1,0.00618,RMS Threshold,0,0,1
822,Normal,1,0.00586,RMS Threshold,0,0,1
823,Noise,0.994067,0.010916,AST Model,0.005867,0.994067,6.60E-05
824,Normal,1,0.008315,RMS Threshold,0,0,1
825,Normal,1,0.004263,RMS Threshold,0,0,1
826,Normal,1,0.006528,RMS Threshold,0,0,1
827,Noise,0.948568,0.012989,AST Model,0.050885,0.948568,0.000547
828,Normal,1,0.007478,RMS Threshold,0,0,1
829,Normal,1,0.007644,RMS Threshold,0,0,1
830,Normal,1,0.008553,RMS Threshold,0,0,1
831,Normal,1,0.006015,RMS Threshold,0,0,1
832,Normal,1,0.008606,RMS Threshold,0,0,1
833,Noise,0.996992,0.009471,AST Model,0.00279,0.996992,0.000218
834,Noise,0.976345,0.009118,AST Model,0.023025,0.976345,0.00063
835,Noise,0.990549,0.026362,AST Model,0.008972,0.990549,0.00048
836,Normal,1,0.008908,RMS Threshold,0,0,1
837,Normal,1,0.006077,RMS Threshold,0,0,1
838,Normal,1,0.005578,RMS Threshold,0,0,1
839,Normal,1,0.005144,RMS Threshold,0,0,1
840,Noise,0.993353,0.013719,AST Model,0.006433,0.993353,0.000213
841,Noise,0.999785,0.010832,AST Model,7.10E-05,0.999785,0.000144
842,Noise,0.988855,0.00902,AST Model,0.010905,0.988855,0.00024
843,Normal,1,0.006352,RMS Threshold,0,0,1
844,Normal,1,0.007464,RMS Threshold,0,0,1
845,Noise,0.951392,0.022968,AST Model,0.048408,0.951392,0.0002
846,Normal,1,0.008287,RMS Threshold,0,0,1
847,Normal,1,0.007138,RMS Threshold,0,0,1
848,Noise,0.975313,0.017862,AST Model,0.000424,0.975313,0.024262
849,Noise,0.985276,0.013654,AST Model,0.000995,0.985276,0.013729
850,Noise,0.981656,0.016394,AST Model,0.00071,0.981656,0.017634
851,Noise,0.889021,0.016218,AST Model,0.001311,0.889021,0.109667
852,Noise,0.982794,0.010801,AST Model,0.000256,0.982794,0.01695
853,Noise,0.822586,0.016903,AST Model,0.003548,0.822586,0.173866
854,Noise,0.996389,0.017847,AST Model,0.000253,0.996389,0.003358
855,Normal,1,0.006913,RMS Threshold,0,0,1
856,Normal,1,0.008852,RMS Threshold,0,0,1
857,Noise,0.999646,0.009673,AST Model,0.000149,0.999646,0.000204
858,Noise,0.953106,0.014054,AST Model,0.045626,0.953106,0.001268
859,Normal,1,0.00208,RMS Threshold,0,0,1
860,Normal,1,0.005382,RMS Threshold,0,0,1
861,Normal,1,0.004821,RMS Threshold,0,0,1
862,Normal,1,0.00545,RMS Threshold,0,0,1
863,Normal,1,0.007763,RMS Threshold,0,0,1
864,Normal,1,0.007467,RMS Threshold,0,0,1
865,Normal,1,0.007077,RMS Threshold,0,0,1
866,Normal,1,0.008787,RMS Threshold,0,0,1
867,Normal,1,0.002726,RMS Threshold,0,0,1
868,Normal,1,0.007867,RMS Threshold,0,0,1
869,Normal,1,0.006981,RMS Threshold,0,0,1
870,Baby_Cry,0.693971,0.009386,AST Model,0.693971,0.305438,0.000591
871,Normal,1,0.007854,RMS Threshold,0,0,1
872,Normal,1,0.006302,RMS Threshold,0,0,1
873,Normal,1,0.005669,RMS Threshold,0,0,1
874,Noise,0.982472,0.009059,AST Model,0.017402,0.982472,0.000126
875,Normal,1,0.005721,RMS Threshold,0,0,1
876,Normal,1,0.003973,RMS Threshold,0,0,1
877,Normal,1,0.004796,RMS Threshold,0,0,1
878,Normal,1,0.003454,RMS Threshold,0,0,1
879,Normal,1,0.004973,RMS Threshold,0,0,1
880,Normal,1,0.006665,RMS Threshold,0,0,1
881,Normal,1,0.004324,RMS Threshold,0,0,1
882,Normal,1,0.004317,RMS Threshold,0,0,1
883,Normal,1,0.003596,RMS Threshold,0,0,1
884,Normal,1,0.003498,RMS Threshold,0,0,1
885,Normal,1,0.003524,RMS Threshold,0,0,1
886,Normal,1,0.003781,RMS Threshold,0,0,1
887,Normal,1,0.004231,RMS Threshold,0,0,1
888,Normal,1,0.003636,RMS Threshold,0,0,1
889,Normal,1,0.003618,RMS Threshold,0,0,1
890,Normal,1,0.004018,RMS Threshold,0,0,1
891,Normal,1,0.003103,RMS Threshold,0,0,1
892,Normal,1,0.003377,RMS Threshold,0,0,1
893,Normal,1,0.002541,RMS Threshold,0,0,1
894,Normal,1,0.003358,RMS Threshold,0,0,1
895,Normal,1,0.003357,RMS Threshold,0,0,1
896,Normal,1,0.00347,RMS Threshold,0,0,1
897,Normal,1,0.003401,RMS Threshold,0,0,1
898,Normal,1,0.003244,RMS Threshold,0,0,1
899,Normal,1,0.003548,RMS Threshold,0,0,1
900,Normal,1,0.003077,RMS Threshold,0,0,1
901,Normal,1,0.003607,RMS Threshold,0,0,1
902,Normal,1,0.004163,RMS Threshold,0,0,1
903,Normal,1,0.004709,RMS Threshold,0,0,1
904,Normal,1,0.005915,RMS Threshold,0,0,1
905,Normal,1,0.008753,RMS Threshold,0,0,1
906,Normal,1,0.004304,RMS Threshold,0,0,1
907,Normal,1,0.004074,RMS Threshold,0,0,1
908,Normal,1,0.008438,RMS Threshold,0,0,1
909,Normal,1,0.006474,RMS Threshold,0,0,1
910,Normal,1,0.005287,RMS Threshold,0,0,1
911,Normal,1,0.007672,RMS Threshold,0,0,1
912,Normal,1,0.004686,RMS Threshold,0,0,1
913,Normal,1,0.005263,RMS Threshold,0,0,1
914,Normal,1,0.007129,RMS Threshold,0,0,1
915,Normal,1,0.003749,RMS Threshold,0,0,1
916,Normal,1,0.003455,RMS Threshold,0,0,1
917,Normal,1,0.003939,RMS Threshold,0,0,1
918,Normal,1,0.003655,RMS Threshold,0,0,1
919,Normal,1,0.002969,RMS Threshold,0,0,1
920,Normal,1,0.003568,RMS Threshold,0,0,1
921,Normal,1,0.004017,RMS Threshold,0,0,1
922,Normal,1,0.004796,RMS Threshold,0,0,1
923,Normal,1,0.00339,RMS Threshold,0,0,1
924,Normal,1,0.003707,RMS Threshold,0,0,1
925,Normal,1,0.003462,RMS Threshold,0,0,1
926,Normal,1,0.002895,RMS Threshold,0,0,1
927,Normal,1,0.002816,RMS Threshold,0,0,1
928,Normal,1,0.003348,RMS Threshold,0,0,1
929,Normal,1,0.003183,RMS Threshold,0,0,1
930,Normal,1,0.002761,RMS Threshold,0,0,1
931,Normal,1,0.003323,RMS Threshold,0,0,1
932,Normal,1,0.003306,RMS Threshold,0,0,1
933,Normal,1,0.004424,RMS Threshold,0,0,1
934,Normal,1,0.003197,RMS Threshold,0,0,1
935,Normal,1,0.003069,RMS Threshold,0,0,1
936,Normal,1,0.002869,RMS Threshold,0,0,1
937,Normal,1,0.002966,RMS Threshold,0,0,1
938,Normal,1,0.003396,RMS Threshold,0,0,1
939,Normal,1,0.003204,RMS Threshold,0,0,1
940,Normal,1,0.003322,RMS Threshold,0,0,1
941,Normal,1,0.002507,RMS Threshold,0,0,1
942,Normal,1,0.007715,RMS Threshold,0,0,1
943,Normal,1,0.00323,RMS Threshold,0,0,1
944,Normal,1,0.004081,RMS Threshold,0,0,1
945,Normal,1,0.003681,RMS Threshold,0,0,1
946,Normal,1,0.004707,RMS Threshold,0,0,1
947,Baby_Cry,0.998944,0.05292,AST Model,0.998944,0.000777,0.000279
948,Baby_Cry,0.998559,0.010923,AST Model,0.998559,0.001293,0.000149
949,Baby_Cry,0.933784,0.013645,AST Model,0.933784,0.065223,0.000993
950,Normal,1,0.00852,RMS Threshold,0,0,1
951,Normal,1,0.008462,RMS Threshold,0,0,1
952,Normal,1,0.001868,RMS Threshold,0,0,1
953,Normal,1,0.00764,RMS Threshold,0,0,1
954,Noise,0.999717,0.009349,AST Model,0.000212,0.999717,7.10E-05
955,Normal,1,0.003152,RMS Threshold,0,0,1
956,Normal,1,0.007432,RMS Threshold,0,0,1
957,Normal,1,0.007803,RMS Threshold,0,0,1
958,Normal,1,0.00195,RMS Threshold,0,0,1
959,Noise,0.876233,0.009421,AST Model,0.122963,0.876233,0.000804
960,Normal,1,0.005473,RMS Threshold,0,0,1
961,Noise,0.998008,0.01383,AST Model,0.001856,0.998008,0.000136
962,Normal,1,0.003372,RMS Threshold,0,0,1
963,Normal,1,0.002203,RMS Threshold,0,0,1
964,Noise,0.996827,0.012499,AST Model,0.003041,0.996827,0.000133
965,Baby_Cry,0.817252,0.009254,AST Model,0.817252,0.182263,0.000484
966,Normal,1,0.008227,RMS Threshold,0,0,1
967,Normal,1,0.007609,RMS Threshold,0,0,1
968,Normal,1,0.001595,RMS Threshold,0,0,1
969,Baby_Cry,0.944026,0.015856,AST Model,0.944026,0.054564,0.00141
970,Baby_Cry,0.54302,0.010523,AST Model,0.54302,0.456303,0.000676
971,Normal,1,0.005204,RMS Threshold,0,0,1
972,Normal,1,0.006926,RMS Threshold,0,0,1
973,Noise,0.739561,0.010307,AST Model,0.259587,0.739561,0.000852
974,Normal,1,0.007822,RMS Threshold,0,0,1
975,Normal,1,0.007371,RMS Threshold,0,0,1
976,Normal,1,0.004172,RMS Threshold,0,0,1
977,Normal,1,0.002293,RMS Threshold,0,0,1
978,Normal,1,0.005421,RMS Threshold,0,0,1
979,Normal,1,0.005739,RMS Threshold,0,0,1
980,Normal,1,0.002343,RMS Threshold,0,0,1
981,Normal,1,0.005486,RMS Threshold,0,0,1
982,Normal,1,0.008712,RMS Threshold,0,0,1
983,Normal,1,0.008527,RMS Threshold,0,0,1
984,Normal,1,0.003266,RMS Threshold,0,0,1
985,Normal,1,0.003484,RMS Threshold,0,0,1
986,Normal,1,0.006696,RMS Threshold,0,0,1
987,Normal,1,0.003793,RMS Threshold,0,0,1
988,Normal,1,0.004878,RMS Threshold,0,0,1
989,Baby_Cry,0.657143,0.011815,AST Model,0.657143,0.341339,0.001519
990,Normal,1,0.003181,RMS Threshold,0,0,1
991,Baby_Cry,0.976438,0.01459,AST Model,0.976438,0.023258,0.000304
992,Normal,1,0.007673,RMS Threshold,0,0,1
993,Normal,1,0.002437,RMS Threshold,0,0,1
994,Normal,1,0.006769,RMS Threshold,0,0,1
995,Baby_Cry,0.975069,0.009027,AST Model,0.975069,0.024256,0.000675
996,Normal,1,0.008948,RMS Threshold,0,0,1
997,Normal,1,0.005627,RMS Threshold,0,0,1
998,Normal,1,0.003841,RMS Threshold,0,0,1
999,Baby_Cry,0.99872,0.021851,AST Model,0.99872,0.001096,0.000184
1000,Normal,1,0.001924,RMS Threshold,0,0,1
1001,Normal,1,0.003048,RMS Threshold,0,0,1
1002,Baby_Cry,0.998004,0.012497,AST Model,0.998004,0.001832,0.000164
1003,Normal,1,0.005279,RMS Threshold,0,0,1
1004,Normal,1,0.004017,RMS Threshold,0,0,1
1005,Normal,1,0.002042,RMS Threshold,0,0,1
1006,Normal,1,0.007053,RMS Threshold,0,0,1
1007,Normal,1,0.003366,RMS Threshold,0,0,1
1008,Normal,1,0.00455,RMS Threshold,0,0,1
1009,Normal,1,0.002623,RMS Threshold,0,0,1
1010,Normal,1,0.008579,RMS Threshold,0,0,1
1011,Normal,1,0.003594,RMS Threshold,0,0,1
1012,Normal,1,0.001942,RMS Threshold,0,0,1
1013,Normal,1,0.003905,RMS Threshold,0,0,1
1014,Normal,1,0.007939,RMS Threshold,0,0,1
1015,Normal,1,0.003218,RMS Threshold,0,0,1
1016,Normal,1,0.002766,RMS Threshold,0,0,1
1017,Normal,1,0.002561,RMS Threshold,0,0,1
1018,Normal,1,0.005637,RMS Threshold,0,0,1
1019,Normal,1,0.002224,RMS Threshold,0,0,1
1020,Normal,1,0.003704,RMS Threshold,0,0,1
1021,Normal,1,0.006524,RMS Threshold,0,0,1
1022,Normal,1,0.00393,RMS Threshold,0,0,1
1023,Normal,1,0.0021,RMS Threshold,0,0,1
1024,Normal,1,0.007934,RMS Threshold,0,0,1
1025,Normal,1,0.004096,RMS Threshold,0,0,1
1026,Normal,1,0.002719,RMS Threshold,0,0,1
1027,Normal,1,0.007043,RMS Threshold,0,0,1
1028,Normal,1,0.007147,RMS Threshold,0,0,1
1029,Normal,1,0.003569,RMS Threshold,0,0,1
1030,Normal,1,0.002042,RMS Threshold,0,0,1
1031,Normal,1,0.004304,RMS Threshold,0,0,1
1032,Normal,1,0.007655,RMS Threshold,0,0,1
1033,Normal,1,0.002474,RMS Threshold,0,0,1
1034,Normal,1,0.002278,RMS Threshold,0,0,1
1035,Normal,1,0.002231,RMS Threshold,0,0,1
1036,Normal,1,0.005296,RMS Threshold,0,0,1
1037,Normal,1,0.002824,RMS Threshold,0,0,1
1038,Normal,1,0.003103,RMS Threshold,0,0,1
1039,Normal,1,0.006214,RMS Threshold,0,0,1
1040,Normal,1,0.004863,RMS Threshold,0,0,1
1041,Normal,1,0.002937,RMS Threshold,0,0,1
1042,Normal,1,0.005057,RMS Threshold,0,0,1
1043,Normal,1,0.002877,RMS Threshold,0,0,1
1044,Normal,1,0.002231,RMS Threshold,0,0,1
1045,Normal,1,0.003172,RMS Threshold,0,0,1
1046,Normal,1,0.007489,RMS Threshold,0,0,1
1047,Normal,1,0.002644,RMS Threshold,0,0,1
1048,Normal,1,0.00228,RMS Threshold,0,0,1
1049,Normal,1,0.00382,RMS Threshold,0,0,1
1050,Noise,0.743991,0.009762,AST Model,0.255584,0.743991,0.000426
1051,Baby_Cry,0.997716,0.016149,AST Model,0.997716,0.00178,0.000504
1052,Baby_Cry,0.994044,0.011357,AST Model,0.994044,0.005742,0.000214
1053,Baby_Cry,0.99864,0.011502,AST Model,0.99864,0.001146,0.000215
1054,Normal,1,0.008034,RMS Threshold,0,0,1
1055,Normal,1,0.00663,RMS Threshold,0,0,1
1056,Normal,1,0.002595,RMS Threshold,0,0,1
1057,Normal,1,0.005932,RMS Threshold,0,0,1
1058,Normal,1,0.00276,RMS Threshold,0,0,1
1059,Normal,1,0.002275,RMS Threshold,0,0,1
1060,Normal,1,0.002958,RMS Threshold,0,0,1
1061,Normal,1,0.007083,RMS Threshold,0,0,1
1062,Normal,1,0.003185,RMS Threshold,0,0,1
1063,Normal,1,0.002195,RMS Threshold,0,0,1
1064,Normal,1,0.005049,RMS Threshold,0,0,1
1065,Normal,1,0.008229,RMS Threshold,0,0,1
1066,Normal,1,0.003139,RMS Threshold,0,0,1
1067,Normal,1,0.004894,RMS Threshold,0,0,1
1068,Normal,1,0.005114,RMS Threshold,0,0,1
1069,Normal,1,0.007731,RMS Threshold,0,0,1
1070,Baby_Cry,0.913756,0.00989,AST Model,0.913756,0.084969,0.001275
1071,Normal,1,0.007703,RMS Threshold,0,0,1
1072,Normal,1,0.004839,RMS Threshold,0,0,1
1073,Normal,1,0.002708,RMS Threshold,0,0,1
1074,Normal,1,0.005343,RMS Threshold,0,0,1
1075,Normal,1,0.002592,RMS Threshold,0,0,1
1076,Noise,0.971658,0.00968,AST Model,0.028029,0.971658,0.000313
1077,Baby_Cry,0.751915,0.009491,AST Model,0.751915,0.24734,0.000745
1078,Normal,1,0.002576,RMS Threshold,0,0,1
1079,Normal,1,0.002214,RMS Threshold,0,0,1
1080,Normal,1,0.00324,RMS Threshold,0,0,1
1081,Noise,0.568959,0.011378,AST Model,0.430293,0.568959,0.000748
1082,Baby_Cry,0.968899,0.01382,AST Model,0.968899,0.029735,0.001365
1083,Baby_Cry,0.999796,0.100175,AST Model,0.999796,0.000158,4.60E-05
1084,Baby_Cry,0.999757,0.112455,AST Model,0.999757,0.000136,0.000107
1085,Normal,1,0.008414,RMS Threshold,0,0,1
1086,Normal,1,0.00763,RMS Threshold,0,0,1
1087,Normal,1,0.006789,RMS Threshold,0,0,1
1088,Normal,1,0.006514,RMS Threshold,0,0,1
1089,Normal,1,0.004845,RMS Threshold,0,0,1
1090,Normal,1,0.004309,RMS Threshold,0,0,1
1091,Noise,0.998645,0.010203,AST Model,0.001222,0.998645,0.000133
1092,Normal,1,0.004484,RMS Threshold,0,0,1
1093,Baby_Cry,0.984085,0.011702,AST Model,0.984085,0.015394,0.000521
1094,Normal,1,0.007956,RMS Threshold,0,0,1
1095,Normal,1,0.008068,RMS Threshold,0,0,1
1096,Normal,1,0.006308,RMS Threshold,0,0,1
1097,Normal,1,0.00559,RMS Threshold,0,0,1
1098,Normal,1,0.006568,RMS Threshold,0,0,1
1099,Normal,1,0.006916,RMS Threshold,0,0,1
1100,Normal,1,0.00855,RMS Threshold,0,0,1
1101,Normal,1,0.008322,RMS Threshold,0,0,1
1102,Normal,1,0.002749,RMS Threshold,0,0,1
1103,Normal,1,0.005436,RMS Threshold,0,0,1
1104,Normal,1,0.007688,RMS Threshold,0,0,1
1105,Normal,1,0.008826,RMS Threshold,0,0,1
1106,Normal,1,0.007391,RMS Threshold,0,0,1
1107,Normal,1,0.002949,RMS Threshold,0,0,1
1108,Normal,1,0.005627,RMS Threshold,0,0,1
1109,Normal,1,0.004232,RMS Threshold,0,0,1
1110,Noise,0.998284,0.00983,AST Model,0.001492,0.998284,0.000224
1111,Normal,1,0.005597,RMS Threshold,0,0,1
1112,Baby_Cry,0.918921,0.01429,AST Model,0.918921,0.080011,0.001068
1113,Normal,1,0.008606,RMS Threshold,0,0,1
1114,Baby_Cry,0.950145,0.009394,AST Model,0.950145,0.049375,0.000479
1115,Normal,1,0.007977,RMS Threshold,0,0,1
1116,Normal,1,0.008037,RMS Threshold,0,0,1
1117,Baby_Cry,0.998319,0.01656,AST Model,0.998319,0.001531,0.00015
1118,Normal,1,0.006761,RMS Threshold,0,0,1
1119,Normal,1,0.005066,RMS Threshold,0,0,1
1120,Noise,0.617846,0.020875,AST Model,0.378778,0.617846,0.003376
1121,Noise,0.993832,0.009336,AST Model,0.005296,0.993832,0.000872
1122,Normal,1,0.007397,RMS Threshold,0,0,1
1123,Normal,1,0.002957,RMS Threshold,0,0,1
1124,Normal,1,0.00545,RMS Threshold,0,0,1
1125,Normal,1,0.004276,RMS Threshold,0,0,1
1126,Noise,0.997633,0.009802,AST Model,0.002095,0.997633,0.000273
1127,Normal,1,0.004532,RMS Threshold,0,0,1
1128,Baby_Cry,0.943965,0.01233,AST Model,0.943965,0.05544,0.000594
1129,Normal,1,0.008466,RMS Threshold,0,0,1
1130,Normal,1,0.008022,RMS Threshold,0,0,1
1131,Normal,1,0.006196,RMS Threshold,0,0,1
1132,Normal,1,0.00585,RMS Threshold,0,0,1
1133,Normal,1,0.006181,RMS Threshold,0,0,1
1134,Normal,1,0.007685,RMS Threshold,0,0,1
1135,Normal,1,0.008203,RMS Threshold,0,0,1
1136,Normal,1,0.008728,RMS Threshold,0,0,1
1137,Normal,1,0.003157,RMS Threshold,0,0,1
1138,Normal,1,0.005548,RMS Threshold,0,0,1
1139,Normal,1,0.007426,RMS Threshold,0,0,1
1140,Noise,0.99984,0.011938,AST Model,3.80E-05,0.99984,0.000122
1141,Normal,1,0.005729,RMS Threshold,0,0,1
1142,Normal,1,0.002946,RMS Threshold,0,0,1
1143,Normal,1,0.006666,RMS Threshold,0,0,1
1144,Normal,1,0.00641,RMS Threshold,0,0,1
1145,Normal,1,0.004109,RMS Threshold,0,0,1
1146,Normal,1,0.004108,RMS Threshold,0,0,1
1147,Baby_Cry,0.987551,0.011515,AST Model,0.987551,0.011839,0.00061
1148,Normal,1,0.007679,RMS Threshold,0,0,1
1149,Normal,1,0.008936,RMS Threshold,0,0,1
1150,Normal,1,0.006391,RMS Threshold,0,0,1
1151,Normal,1,0.005242,RMS Threshold,0,0,1
1152,Normal,1,0.006319,RMS Threshold,0,0,1
1153,Normal,1,0.006433,RMS Threshold,0,0,1
1154,Normal,1,0.008173,RMS Threshold,0,0,1
1155,Normal,1,0.008028,RMS Threshold,0,0,1
1156,Noise,0.99848,0.010285,AST Model,0.00077,0.99848,0.00075
1157,Normal,1,0.008406,RMS Threshold,0,0,1
1158,Noise,0.999051,0.012726,AST Model,0.000583,0.999051,0.000366
1159,Baby_Cry,0.973018,0.017265,AST Model,0.973018,0.026548,0.000434
1160,Normal,1,0.005422,RMS Threshold,0,0,1
1161,Normal,1,0.001757,RMS Threshold,0,0,1
1162,Normal,1,0.006162,RMS Threshold,0,0,1
1163,Normal,1,0.00779,RMS Threshold,0,0,1
1164,Normal,1,0.007397,RMS Threshold,0,0,1
1165,Normal,1,0.008185,RMS Threshold,0,0,1
1166,Normal,1,0.006677,RMS Threshold,0,0,1
1167,Normal,1,0.008793,RMS Threshold,0,0,1
1168,Normal,1,0.008083,RMS Threshold,0,0,1
1169,Normal,1,0.007218,RMS Threshold,0,0,1
1170,Normal,1,0.007096,RMS Threshold,0,0,1
1171,Baby_Cry,0.997748,0.011594,AST Model,0.997748,0.002031,0.000222
1172,Normal,1,0.00604,RMS Threshold,0,0,1
1173,Normal,1,0.005081,RMS Threshold,0,0,1
1174,Noise,0.540335,0.021853,AST Model,0.454659,0.540335,0.005006
1175,Normal,1,0.008252,RMS Threshold,0,0,1
1176,Noise,0.99593,0.011476,AST Model,0.003832,0.99593,0.000238
1177,Normal,1,0.003054,RMS Threshold,0,0,1
1178,Normal,1,0.005746,RMS Threshold,0,0,1
1179,Normal,1,0.004428,RMS Threshold,0,0,1
1180,Normal,1,0.00853,RMS Threshold,0,0,1
1181,Baby_Cry,0.992482,0.025103,AST Model,0.992482,0.00721,0.000307
1182,Baby_Cry,0.990608,0.01255,AST Model,0.990608,0.008997,0.000395
1183,Normal,1,0.008005,RMS Threshold,0,0,1
1184,Normal,1,0.008478,RMS Threshold,0,0,1
1185,Normal,1,0.006253,RMS Threshold,0,0,1
1186,Normal,1,0.005577,RMS Threshold,0,0,1
1187,Normal,1,0.006945,RMS Threshold,0,0,1
1188,Normal,1,0.006477,RMS Threshold,0,0,1
1189,Normal,1,0.008106,RMS Threshold,0,0,1
1190,Normal,1,0.007439,RMS Threshold,0,0,1
1191,Normal,1,0.003747,RMS Threshold,0,0,1
1192,Normal,1,0.004445,RMS Threshold,0,0,1
1193,Normal,1,0.008043,RMS Threshold,0,0,1
1194,Noise,0.999872,0.01194,AST Model,2.10E-05,0.999872,0.000107
1195,Normal,1,0.003776,RMS Threshold,0,0,1
1196,Normal,1,0.003829,RMS Threshold,0,0,1
1197,Normal,1,0.007355,RMS Threshold,0,0,1
1198,Noise,0.999536,0.009522,AST Model,0.000376,0.999536,8.70E-05
1199,Normal,1,0.005441,RMS Threshold,0,0,1
1200,Normal,1,0.008629,RMS Threshold,0,0,1
1201,Normal,1,0.006836,RMS Threshold,0,0,1
1202,Normal,1,0.007804,RMS Threshold,0,0,1
1203,Noise,0.614327,0.010805,AST Model,0.384459,0.614327,0.001213
1204,Normal,1,0.007866,RMS Threshold,0,0,1
1205,Normal,1,0.006501,RMS Threshold,0,0,1
1206,Baby_Cry,0.995945,0.011582,AST Model,0.995945,0.003877,0.000178
1207,Normal,1,0.00357,RMS Threshold,0,0,1
1208,Normal,1,0.003038,RMS Threshold,0,0,1
1209,Noise,0.934576,0.022291,AST Model,0.0636,0.934576,0.001824
1210,Noise,0.99938,0.009652,AST Model,0.000114,0.99938,0.000506
1211,Normal,1,0.005481,RMS Threshold,0,0,1
1212,Normal,1,0.003976,RMS Threshold,0,0,1
1213,Normal,1,0.007322,RMS Threshold,0,0,1
1214,Normal,1,0.004446,RMS Threshold,0,0,1
1215,Normal,1,0.007983,RMS Threshold,0,0,1
1216,Baby_Cry,0.973744,0.024892,AST Model,0.973744,0.025737,0.00052
1217,Baby_Cry,0.919672,0.009947,AST Model,0.919672,0.079632,0.000696
1218,Normal,1,0.006391,RMS Threshold,0,0,1
1219,Noise,0.955796,0.013925,AST Model,0.043383,0.955796,0.000821
1220,Normal,1,0.008401,RMS Threshold,0,0,1
1221,Normal,1,0.006123,RMS Threshold,0,0,1
1222,Baby_Cry,0.995214,0.011535,AST Model,0.995214,0.004631,0.000155
1223,Normal,1,0.006376,RMS Threshold,0,0,1
1224,Normal,1,0.003768,RMS Threshold,0,0,1
1225,Noise,0.992621,0.020201,AST Model,0.00693,0.992621,0.000449
1226,Normal,1,0.000734,RMS Threshold,0,0,1
1227,Noise,0.902943,0.009478,AST Model,0.096018,0.902943,0.001039
1228,Normal,1,0.007113,RMS Threshold,0,0,1
1229,Normal,1,0.007074,RMS Threshold,0,0,1
1230,Normal,1,0.00277,RMS Threshold,0,0,1
1231,Normal,1,0.004211,RMS Threshold,0,0,1
1232,Baby_Cry,0.991772,0.013525,AST Model,0.991772,0.007878,0.00035
1233,Normal,1,0.008058,RMS Threshold,0,0,1
1234,Normal,1,0.003585,RMS Threshold,0,0,1
1235,Normal,1,0.004045,RMS Threshold,0,0,1
1236,Normal,1,0.005392,RMS Threshold,0,0,1
1237,Normal,1,0.003249,RMS Threshold,0,0,1
1238,Normal,1,0.006595,RMS Threshold,0,0,1
1239,Normal,1,0.004508,RMS Threshold,0,0,1
1240,Normal,1,0.005022,RMS Threshold,0,0,1
1241,Normal,1,0.007461,RMS Threshold,0,0,1
1242,Normal,1,0.001064,RMS Threshold,0,0,1
1243,Noise,0.63168,0.021383,AST Model,0.363359,0.63168,0.004961
1244,Normal,1,0.006578,RMS Threshold,0,0,1
1245,Noise,0.999782,0.009934,AST Model,9.50E-05,0.999782,0.000123
1246,Normal,1,0.00204,RMS Threshold,0,0,1
1247,Normal,1,0.004497,RMS Threshold,0,0,1
1248,Normal,1,0.004736,RMS Threshold,0,0,1
1249,Noise,0.998477,0.010141,AST Model,0.001346,0.998477,0.000177
1250,Normal,1,0.004439,RMS Threshold,0,0,1
1251,Noise,0.732834,0.011268,AST Model,0.266208,0.732834,0.000959
1252,Normal,1,0.006793,RMS Threshold,0,0,1
1253,Normal,1,0.007949,RMS Threshold,0,0,1
1254,Normal,1,0.007695,RMS Threshold,0,0,1
1255,Normal,1,0.008175,RMS Threshold,0,0,1
1256,Normal,1,0.006192,RMS Threshold,0,0,1
1257,Baby_Cry,0.983658,0.011175,AST Model,0.983658,0.016073,0.000269
1258,Normal,1,0.003952,RMS Threshold,0,0,1
1259,Normal,1,0.00268,RMS Threshold,0,0,1
1260,Noise,0.840545,0.021787,AST Model,0.15628,0.840545,0.003175
1261,Normal,1,0.008885,RMS Threshold,0,0,1
1262,Noise,0.656283,0.011358,AST Model,0.341647,0.656283,0.00207
1263,Normal,1,0.003947,RMS Threshold,0,0,1
1264,Normal,1,0.006675,RMS Threshold,0,0,1
1265,Normal,1,0.00451,RMS Threshold,0,0,1
1266,Normal,1,0.008187,RMS Threshold,0,0,1
1267,Baby_Cry,0.997297,0.021861,AST Model,0.997297,0.0024,0.000303
1268,Baby_Cry,0.985815,0.011536,AST Model,0.985815,0.013739,0.000446
1269,Normal,1,0.006558,RMS Threshold,0,0,1
1270,Noise,0.982858,0.014114,AST Model,0.016462,0.982858,0.000681
1271,Baby_Cry,0.858567,0.009023,AST Model,0.858567,0.139609,0.001824
1272,Normal,1,0.005548,RMS Threshold,0,0,1
1273,Normal,1,0.002849,RMS Threshold,0,0,1
1274,Normal,1,0.003692,RMS Threshold,0,0,1
1275,Normal,1,0.002818,RMS Threshold,0,0,1
1276,Noise,0.920537,0.02349,AST Model,0.077745,0.920537,0.001717
1277,Noise,0.999315,0.010227,AST Model,0.000147,0.999315,0.000538
1278,Normal,1,0.005184,RMS Threshold,0,0,1
1279,Normal,1,0.003658,RMS Threshold,0,0,1
1280,Normal,1,0.005976,RMS Threshold,0,0,1
1281,Normal,1,0.004207,RMS Threshold,0,0,1
1282,Normal,1,0.008108,RMS Threshold,0,0,1
1283,Baby_Cry,0.997558,0.032371,AST Model,0.997558,0.002219,0.000223
1284,Baby_Cry,0.990883,0.013372,AST Model,0.990883,0.008698,0.000419
1285,Normal,1,0.008238,RMS Threshold,0,0,1
1286,Baby_Cry,0.739453,0.01019,AST Model,0.739453,0.259705,0.000842
1287,Baby_Cry,0.719783,0.009398,AST Model,0.719783,0.277405,0.002812
1288,Normal,1,0.005505,RMS Threshold,0,0,1
1289,Normal,1,0.003365,RMS Threshold,0,0,1
1290,Normal,1,0.005944,RMS Threshold,0,0,1
1291,Normal,1,0.00323,RMS Threshold,0,0,1
1292,Noise,0.813118,0.023382,AST Model,0.183892,0.813118,0.002989
1293,Noise,0.997959,0.009863,AST Model,0.001491,0.997959,0.000549
1294,Normal,1,0.006858,RMS Threshold,0,0,1
1295,Normal,1,0.002583,RMS Threshold,0,0,1
1296,Normal,1,0.005203,RMS Threshold,0,0,1
1297,Normal,1,0.004064,RMS Threshold,0,0,1
1298,Noise,0.997214,0.009368,AST Model,0.002547,0.997214,0.000239
1299,Normal,1,0.004686,RMS Threshold,0,0,1
1300,Baby_Cry,0.990121,0.012922,AST Model,0.990121,0.009423,0.000456
1301,Normal,1,0.008082,RMS Threshold,0,0,1
1302,Normal,1,0.008942,RMS Threshold,0,0,1
1303,Normal,1,0.005845,RMS Threshold,0,0,1
1304,Normal,1,0.005002,RMS Threshold,0,0,1
1305,Normal,1,0.006548,RMS Threshold,0,0,1
1306,Normal,1,0.006335,RMS Threshold,0,0,1
1307,Normal,1,0.006863,RMS Threshold,0,0,1
1308,Normal,1,0.007495,RMS Threshold,0,0,1
1309,Normal,1,0.00277,RMS Threshold,0,0,1
1310,Normal,1,0.005686,RMS Threshold,0,0,1
1311,Normal,1,0.008043,RMS Threshold,0,0,1
1312,Normal,1,0.008851,RMS Threshold,0,0,1
1313,Normal,1,0.00616,RMS Threshold,0,0,1
1314,Normal,1,0.003346,RMS Threshold,0,0,1
1315,Normal,1,0.006031,RMS Threshold,0,0,1
1316,Normal,1,0.00424,RMS Threshold,0,0,1
1317,Normal,1,0.0086,RMS Threshold,0,0,1
1318,Baby_Cry,0.965618,0.01563,AST Model,0.965618,0.033753,0.000629
1319,Baby_Cry,0.904683,0.012689,AST Model,0.904683,0.093943,0.001373
1320,Normal,1,0.008382,RMS Threshold,0,0,1
1321,Normal,1,0.008833,RMS Threshold,0,0,1
1322,Normal,1,0.00613,RMS Threshold,0,0,1
1323,Normal,1,0.005413,RMS Threshold,0,0,1
1324,Normal,1,0.006832,RMS Threshold,0,0,1
1325,Normal,1,0.006568,RMS Threshold,0,0,1
1326,Normal,1,0.008474,RMS Threshold,0,0,1
1327,Normal,1,0.007059,RMS Threshold,0,0,1
1328,Normal,1,0.00408,RMS Threshold,0,0,1
1329,Normal,1,0.005323,RMS Threshold,0,0,1
1330,Normal,1,0.007858,RMS Threshold,0,0,1
1331,Normal,1,0.008444,RMS Threshold,0,0,1
1332,Normal,1,0.005877,RMS Threshold,0,0,1
1333,Normal,1,0.004071,RMS Threshold,0,0,1
1334,Normal,1,0.006873,RMS Threshold,0,0,1
1335,Normal,1,0.005068,RMS Threshold,0,0,1
1336,Normal,1,0.008486,RMS Threshold,0,0,1
1337,Baby_Cry,0.991966,0.020491,AST Model,0.991966,0.007743,0.000291
1338,Baby_Cry,0.988538,0.013531,AST Model,0.988538,0.011084,0.000378
1339,Normal,1,0.008,RMS Threshold,0,0,1
1340,Noise,0.804881,0.010248,AST Model,0.194312,0.804881,0.000807
1341,Normal,1,0.008106,RMS Threshold,0,0,1
1342,Normal,1,0.007266,RMS Threshold,0,0,1
1343,Baby_Cry,0.99798,0.011943,AST Model,0.99798,0.001861,0.000159
1344,Normal,1,0.00632,RMS Threshold,0,0,1
1345,Normal,1,0.002672,RMS Threshold,0,0,1
1346,Noise,0.915395,0.020763,AST Model,0.082703,0.915395,0.001902
1347,Noise,0.998273,0.01007,AST Model,0.001169,0.998273,0.000559
1348,Normal,1,0.007366,RMS Threshold,0,0,1
1349,Normal,1,0.002892,RMS Threshold,0,0,1
1350,Normal,1,0.005146,RMS Threshold,0,0,1
1351,Normal,1,0.004249,RMS Threshold,0,0,1
1352,Noise,0.993949,0.009779,AST Model,0.00564,0.993949,0.000411
1353,Normal,1,0.006391,RMS Threshold,0,0,1
1354,Baby_Cry,0.975824,0.011782,AST Model,0.975824,0.023727,0.000449
1355,Normal,1,0.008253,RMS Threshold,0,0,1
1356,Noise,0.933232,0.011828,AST Model,0.065978,0.933232,0.00079
1357,Noise,0.616237,0.01149,AST Model,0.38104,0.616237,0.002724
1358,Normal,1,0.006048,RMS Threshold,0,0,1
1359,Normal,1,0.002956,RMS Threshold,0,0,1
1360,Normal,1,0.003908,RMS Threshold,0,0,1
1361,Normal,1,0.002601,RMS Threshold,0,0,1
1362,Noise,0.978392,0.023252,AST Model,0.020441,0.978392,0.001167
1363,Noise,0.998494,0.010279,AST Model,0.000803,0.998494,0.000703
1364,Normal,1,0.005356,RMS Threshold,0,0,1
1365,Normal,1,0.004005,RMS Threshold,0,0,1
1366,Normal,1,0.006921,RMS Threshold,0,0,1
1367,Normal,1,0.004521,RMS Threshold,0,0,1
1368,Normal,1,0.007135,RMS Threshold,0,0,1
1369,Baby_Cry,0.982214,0.01432,AST Model,0.982214,0.017267,0.000519
1370,Baby_Cry,0.985904,0.013191,AST Model,0.985904,0.013647,0.000449
1371,Normal,1,0.007615,RMS Threshold,0,0,1
1372,Noise,0.973048,0.011889,AST Model,0.026532,0.973048,0.00042
1373,Normal,1,0.008933,RMS Threshold,0,0,1
1374,Normal,1,0.006893,RMS Threshold,0,0,1
1375,Baby_Cry,0.992228,0.012247,AST Model,0.992228,0.007634,0.000138
1376,Normal,1,0.007515,RMS Threshold,0,0,1
1377,Normal,1,0.004003,RMS Threshold,0,0,1
1378,Noise,0.970241,0.020026,AST Model,0.027955,0.970241,0.001804
1379,Noise,0.999282,0.009323,AST Model,0.000277,0.999282,0.000441
1380,Normal,1,0.004537,RMS Threshold,0,0,1
1381,Normal,1,0.004288,RMS Threshold,0,0,1
1382,Normal,1,0.007079,RMS Threshold,0,0,1
1383,Normal,1,0.004508,RMS Threshold,0,0,1
1384,Normal,1,0.006845,RMS Threshold,0,0,1
1385,Baby_Cry,0.981971,0.014117,AST Model,0.981971,0.017514,0.000515
1386,Baby_Cry,0.990336,0.01302,AST Model,0.990336,0.009255,0.000409
1387,Normal,1,0.008156,RMS Threshold,0,0,1
1388,Noise,0.700339,0.010518,AST Model,0.299021,0.700339,0.000639
1389,Normal,1,0.007632,RMS Threshold,0,0,1
1390,Normal,1,0.00801,RMS Threshold,0,0,1
1391,Baby_Cry,0.98596,0.010081,AST Model,0.98596,0.01363,0.000411
1392,Normal,1,0.006512,RMS Threshold,0,0,1
1393,Normal,1,0.005155,RMS Threshold,0,0,1
1394,Noise,0.8567,0.022551,AST Model,0.13917,0.8567,0.004129
1395,Normal,1,0.007667,RMS Threshold,0,0,1
1396,Noise,0.995634,0.01522,AST Model,0.004183,0.995634,0.000183
1397,Normal,1,0.002583,RMS Threshold,0,0,1
1398,Normal,1,0.004278,RMS Threshold,0,0,1
1399,Normal,1,0.005233,RMS Threshold,0,0,1
1400,Noise,0.999331,0.01031,AST Model,0.000528,0.999331,0.000141
1401,Normal,1,0.004603,RMS Threshold,0,0,1
1402,Baby_Cry,0.822551,0.011923,AST Model,0.822551,0.176482,0.000966
1403,Normal,1,0.006677,RMS Threshold,0,0,1
1404,Normal,1,0.007712,RMS Threshold,0,0,1
1405,Normal,1,0.007691,RMS Threshold,0,0,1
1406,Normal,1,0.007954,RMS Threshold,0,0,1
1407,Normal,1,0.005959,RMS Threshold,0,0,1
1408,Baby_Cry,0.975211,0.011362,AST Model,0.975211,0.024421,0.000368
1409,Normal,1,0.003845,RMS Threshold,0,0,1
1410,Noise,0.84574,0.015356,AST Model,0.005816,0.84574,0.148444
1411,Baby_Cry,0.975333,0.009051,AST Model,0.975333,0.024094,0.000573
1412,Noise,0.999651,0.010338,AST Model,0.00024,0.999651,0.000109
1413,Normal,1,0.001129,RMS Threshold,0,0,1
1414,Normal,1,0.003226,RMS Threshold,0,0,1
1415,Normal,1,0.002037,RMS Threshold,0,0,1
1416,Normal,1,0.005366,RMS Threshold,0,0,1
1417,Normal,1,0.008368,RMS Threshold,0,0,1
1418,Noise,0.989798,0.035182,AST Model,0.002038,0.989798,0.008164
1419,Normal,1,0.005915,RMS Threshold,0,0,1
1420,Normal,1,0.001249,RMS Threshold,0,0,1
1421,Normal,1,0.003905,RMS Threshold,0,0,1
1422,Noise,0.972111,0.01395,AST Model,0.017932,0.972111,0.009957
1423,Normal,1,0.003034,RMS Threshold,0,0,1
1424,Normal,1,0.002615,RMS Threshold,0,0,1
1425,Normal,1,0.005005,RMS Threshold,0,0,1
1426,Normal,1,0.008145,RMS Threshold,0,0,1
1427,Normal,1,0.003993,RMS Threshold,0,0,1
1428,Normal,1,0.007494,RMS Threshold,0,0,1
1429,Baby_Cry,0.999003,0.02018,AST Model,0.999003,0.000866,0.000131
1430,Baby_Cry,0.99584,0.012688,AST Model,0.99584,0.00387,0.000291
1431,Baby_Cry,0.84375,0.009606,AST Model,0.84375,0.155338,0.000912
1432,Normal,1,0.005156,RMS Threshold,0,0,1
1433,Normal,1,0.008598,RMS Threshold,0,0,1
1434,Noise,0.520171,0.009989,AST Model,0.478803,0.520171,0.001026
1435,Normal,1,0.006896,RMS Threshold,0,0,1
1436,Baby_Cry,0.584894,0.009999,AST Model,0.584894,0.414615,0.000491
1437,Noise,0.9984,0.023589,AST Model,0.001388,0.9984,0.000212
1438,Normal,1,0.005491,RMS Threshold,0,0,1
1439,Noise,0.990831,0.013315,AST Model,0.008868,0.990831,0.000301
1440,Normal,1,0.007054,RMS Threshold,0,0,1
1441,Normal,1,0.007464,RMS Threshold,0,0,1
1442,Normal,1,0.001608,RMS Threshold,0,0,1
1443,Normal,1,0.006791,RMS Threshold,0,0,1
1444,Normal,1,0.006587,RMS Threshold,0,0,1
1445,Normal,1,0.005437,RMS Threshold,0,0,1
1446,Normal,1,0.008727,RMS Threshold,0,0,1
1447,Normal,1,0.008079,RMS Threshold,0,0,1
1448,Baby_Cry,0.865332,0.011533,AST Model,0.865332,0.133774,0.000894
1449,Normal,1,0.005693,RMS Threshold,0,0,1
1450,Baby_Cry,0.984106,0.009587,AST Model,0.984106,0.015571,0.000323
1451,Normal,1,0.003595,RMS Threshold,0,0,1
1452,Normal,1,0.005342,RMS Threshold,0,0,1
1453,Normal,1,0.004834,RMS Threshold,0,0,1
1454,Noise,0.9985,0.019987,AST Model,0.001372,0.9985,0.000127
1455,Noise,0.99589,0.009447,AST Model,0.002402,0.99589,0.001708
1456,Normal,1,0.003634,RMS Threshold,0,0,1
1457,Normal,1,0.005941,RMS Threshold,0,0,1
1458,Normal,1,0.00875,RMS Threshold,0,0,1
1459,Normal,1,0.004673,RMS Threshold,0,0,1
1460,Normal,1,0.003476,RMS Threshold,0,0,1
1461,Baby_Cry,0.974631,0.01534,AST Model,0.974631,0.024931,0.000438
1462,Baby_Cry,0.993254,0.0126,AST Model,0.993254,0.00638,0.000366
1463,Normal,1,0.008044,RMS Threshold,0,0,1
1464,Noise,0.890534,0.012895,AST Model,0.108407,0.890534,0.001059
1465,Noise,0.973043,0.015017,AST Model,0.025918,0.973043,0.001039
1466,Baby_Cry,0.971639,0.02658,AST Model,0.971639,0.027864,0.000497
1467,Normal,1,0.007045,RMS Threshold,0,0,1
1468,Normal,1,0.000677,RMS Threshold,0,0,1
1469,Noise,0.996651,0.018193,AST Model,0.002963,0.996651,0.000386
1470,Normal,1,0.0087,RMS Threshold,0,0,1
1471,Normal,1,0.008177,RMS Threshold,0,0,1
1472,Normal,1,0.003662,RMS Threshold,0,0,1
1473,Normal,1,0.00789,RMS Threshold,0,0,1
1474,Normal,1,0.007612,RMS Threshold,0,0,1
1475,Normal,1,0.004371,RMS Threshold,0,0,1
1476,Normal,1,0.004324,RMS Threshold,0,0,1
1477,Noise,0.591384,0.013489,AST Model,0.407382,0.591384,0.001235
1478,Normal,1,0.007811,RMS Threshold,0,0,1
1479,Normal,1,0.003556,RMS Threshold,0,0,1
1480,Normal,1,0.004342,RMS Threshold,0,0,1
1481,Noise,0.907333,0.010268,AST Model,0.092174,0.907333,0.000493
1482,Normal,1,0.004222,RMS Threshold,0,0,1
1483,Normal,1,0.006843,RMS Threshold,0,0,1
1484,Normal,1,0.007732,RMS Threshold,0,0,1
1485,Normal,1,0.004799,RMS Threshold,0,0,1
1486,Normal,1,0.003061,RMS Threshold,0,0,1
1487,Normal,1,0.008345,RMS Threshold,0,0,1
1488,Normal,1,0.003704,RMS Threshold,0,0,1
1489,Normal,1,0.005438,RMS Threshold,0,0,1
1490,Normal,1,0.007622,RMS Threshold,0,0,1
1491,Normal,1,0.004647,RMS Threshold,0,0,1
1492,Normal,1,0.005933,RMS Threshold,0,0,1
1493,Normal,1,0.004658,RMS Threshold,0,0,1
1494,Normal,1,0.002112,RMS Threshold,0,0,1
1495,Normal,1,0.003101,RMS Threshold,0,0,1
1496,Normal,1,0.006605,RMS Threshold,0,0,1
1497,Normal,1,0.005362,RMS Threshold,0,0,1
1498,Normal,1,0.008718,RMS Threshold,0,0,1
1499,Normal,1,0.006412,RMS Threshold,0,0,1
1500,Normal,1,0.007548,RMS Threshold,0,0,1
1501,Noise,0.744001,0.021295,AST Model,0.254736,0.744001,0.001263
1502,Normal,1,0.006129,RMS Threshold,0,0,1
1503,Normal,1,0.006717,RMS Threshold,0,0,1
1504,Normal,1,0.002753,RMS Threshold,0,0,1
1505,Normal,1,0.003728,RMS Threshold,0,0,1
1506,Noise,0.997646,0.038464,AST Model,0.001856,0.997646,0.000499
1507,Normal,1,0.003957,RMS Threshold,0,0,1
1508,Normal,1,0.005897,RMS Threshold,0,0,1
1509,Normal,1,0.006256,RMS Threshold,0,0,1
1510,Normal,1,0.005138,RMS Threshold,0,0,1
1511,Normal,1,0.005662,RMS Threshold,0,0,1
1512,Normal,1,0.003892,RMS Threshold,0,0,1
1513,Normal,1,0.001254,RMS Threshold,0,0,1
1514,Normal,1,0.004134,RMS Threshold,0,0,1
1515,Normal,1,0.004954,RMS Threshold,0,0,1
1516,Normal,1,0.006098,RMS Threshold,0,0,1
1517,Normal,1,0.006429,RMS Threshold,0,0,1
1518,Normal,1,0.008459,RMS Threshold,0,0,1
1519,Normal,1,0.006651,RMS Threshold,0,0,1
1520,Normal,1,0.007953,RMS Threshold,0,0,1
1521,Normal,1,0.00702,RMS Threshold,0,0,1
1522,Normal,1,0.006664,RMS Threshold,0,0,1
1523,Baby_Cry,0.949867,0.011615,AST Model,0.949867,0.049802,0.000331
1524,Normal,1,0.004268,RMS Threshold,0,0,1
1525,Normal,1,0.004325,RMS Threshold,0,0,1
1526,Noise,0.953979,0.016226,AST Model,0.044648,0.953979,0.001373
1527,Normal,1,0.000675,RMS Threshold,0,0,1
1528,Normal,1,0.006308,RMS Threshold,0,0,1
1529,Normal,1,0.008512,RMS Threshold,0,0,1
1530,Normal,1,0.005616,RMS Threshold,0,0,1
1531,Normal,1,0.004948,RMS Threshold,0,0,1
1532,Normal,1,0.001275,RMS Threshold,0,0,1
1533,Normal,1,0.005223,RMS Threshold,0,0,1
1534,Normal,1,0.005654,RMS Threshold,0,0,1
1535,Normal,1,0.005061,RMS Threshold,0,0,1
1536,Normal,1,0.007199,RMS Threshold,0,0,1
1537,Normal,1,0.005781,RMS Threshold,0,0,1
1538,Normal,1,0.007988,RMS Threshold,0,0,1
1539,Normal,1,0.005894,RMS Threshold,0,0,1
1540,Baby_Cry,0.998861,0.015718,AST Model,0.998861,0.001036,0.000103
1541,Normal,1,0.002824,RMS Threshold,0,0,1
1542,Normal,1,0.003835,RMS Threshold,0,0,1
1543,Baby_Cry,0.999512,0.114867,AST Model,0.999512,0.00041,7.80E-05
1544,Normal,1,0.001516,RMS Threshold,0,0,1
1545,Baby_Cry,0.991765,0.069917,AST Model,0.991765,0.008014,0.00022
1546,Noise,0.873192,0.092263,AST Model,0.126575,0.873192,0.000233
1547,Noise,0.723944,0.038961,AST Model,0.275539,0.723944,0.000517
1548,Normal,1,0.003521,RMS Threshold,0,0,1
1549,Normal,1,0.006404,RMS Threshold,0,0,1
1550,Noise,0.870989,0.011344,AST Model,0.128066,0.870989,0.000945
1551,Normal,1,0.00658,RMS Threshold,0,0,1
1552,Normal,1,0.004843,RMS Threshold,0,0,1
1553,Normal,1,0.007683,RMS Threshold,0,0,1
1554,Normal,1,0.00566,RMS Threshold,0,0,1
1555,Noise,0.831475,0.010518,AST Model,0.167178,0.831475,0.001347
1556,Noise,0.832791,0.014617,AST Model,0.163238,0.832791,0.003971
1557,Noise,0.987295,0.011357,AST Model,0.012163,0.987295,0.000542
1558,Noise,0.966267,0.016831,AST Model,0.032963,0.966267,0.000771
1559,Noise,0.968717,0.014636,AST Model,0.029772,0.968717,0.001511
1560,Noise,0.943658,0.013613,AST Model,0.054755,0.943658,0.001587
1561,Noise,0.654032,0.010964,AST Model,0.342067,0.654032,0.0039
1562,Noise,0.975261,0.013366,AST Model,0.022818,0.975261,0.001921
1563,Noise,0.835115,0.01359,AST Model,0.164313,0.835115,0.000573
1564,Normal,1,0.008345,RMS Threshold,0,0,1
1565,Noise,0.995066,0.012482,AST Model,0.003914,0.995066,0.00102
1566,Normal,1,0.008335,RMS Threshold,0,0,1
1567,Noise,0.999639,0.009383,AST Model,0.000228,0.999639,0.000133
1568,Normal,1,0.007199,RMS Threshold,0,0,1
1569,Normal,1,0.004664,RMS Threshold,0,0,1
1570,Normal,1,0.007052,RMS Threshold,0,0,1
1571,Normal,1,0.003837,RMS Threshold,0,0,1
1572,Normal,1,0.005983,RMS Threshold,0,0,1
1573,Normal,1,0.004077,RMS Threshold,0,0,1
1574,Normal,1,0.005002,RMS Threshold,0,0,1
1575,Normal,1,0.002723,RMS Threshold,0,0,1
1576,Normal,1,0.003002,RMS Threshold,0,0,1
1577,Normal,1,0.003284,RMS Threshold,0,0,1
1578,Normal,1,0.002739,RMS Threshold,0,0,1
1579,Normal,1,0.003395,RMS Threshold,0,0,1
1580,Normal,1,0.004755,RMS Threshold,0,0,1
1581,Normal,1,0.003166,RMS Threshold,0,0,1
1582,Normal,1,0.002458,RMS Threshold,0,0,1
1583,Noise,0.999204,0.020828,AST Model,0.000633,0.999204,0.000163
1584,Normal,1,0.005765,RMS Threshold,0,0,1
1585,Noise,0.999446,0.009419,AST Model,0.000166,0.999446,0.000387
1586,Noise,0.997229,0.013404,AST Model,0.000302,0.997229,0.002469
1587,Noise,0.999066,0.016833,AST Model,0.000141,0.999066,0.000793
1588,Noise,0.999355,0.015519,AST Model,0.000285,0.999355,0.00036
1589,Noise,0.999494,0.015718,AST Model,0.000113,0.999494,0.000394
1590,Noise,0.998418,0.014655,AST Model,0.000126,0.998418,0.001456
1591,Noise,0.99957,0.015064,AST Model,0.000136,0.99957,0.000293
1592,Noise,0.999595,0.013947,AST Model,0.000105,0.999595,0.0003
1593,Noise,0.999645,0.015235,AST Model,6.90E-05,0.999645,0.000286
1594,Noise,0.999429,0.020515,AST Model,0.000129,0.999429,0.000442
1595,Noise,0.998834,0.015851,AST Model,0.000126,0.998834,0.001041
1596,Noise,0.998837,0.015161,AST Model,0.000292,0.998837,0.000871
1597,Noise,0.998771,0.013535,AST Model,0.000357,0.998771,0.000872
1598,Noise,0.999659,0.014749,AST Model,0.000103,0.999659,0.000238
1599,Noise,0.999028,0.01432,AST Model,0.000182,0.999028,0.00079
1600,Noise,0.999141,0.012511,AST Model,0.000164,0.999141,0.000695
1601,Noise,0.99859,0.013061,AST Model,0.000243,0.99859,0.001167
1602,Noise,0.999346,0.012064,AST Model,0.000113,0.999346,0.000541
1603,Noise,0.999406,0.014078,AST Model,7.50E-05,0.999406,0.000518
1604,Noise,0.998358,0.013245,AST Model,0.000268,0.998358,0.001374
1605,Noise,0.999032,0.014234,AST Model,9.40E-05,0.999032,0.000875
1606,Noise,0.997598,0.012479,AST Model,0.000125,0.997598,0.002277
1607,Noise,0.999173,0.012587,AST Model,0.0001,0.999173,0.000728
1608,Noise,0.999188,0.018944,AST Model,0.000108,0.999188,0.000704
1609,Noise,0.999429,0.013142,AST Model,6.40E-05,0.999429,0.000507
1610,Noise,0.999543,0.013623,AST Model,3.10E-05,0.999543,0.000426
1611,Noise,0.999669,0.013579,AST Model,0.000143,0.999669,0.000188
1612,Noise,0.998802,0.014208,AST Model,0.000416,0.998802,0.000782
1613,Noise,0.999709,0.013667,AST Model,6.90E-05,0.999709,0.000222
1614,Noise,0.999324,0.014073,AST Model,0.000142,0.999324,0.000534
1615,Noise,0.998203,0.015467,AST Model,0.001693,0.998203,0.000104
1616,Noise,0.99931,0.018997,AST Model,0.000233,0.99931,0.000458
1617,Noise,0.993994,0.016655,AST Model,0.000181,0.993994,0.005825
1618,Noise,0.999565,0.015067,AST Model,4.80E-05,0.999565,0.000387
1619,Noise,0.999886,0.013683,AST Model,3.20E-05,0.999886,8.20E-05
1620,Noise,0.998259,0.013699,AST Model,0.000101,0.998259,0.00164
1621,Noise,0.999661,0.014556,AST Model,8.60E-05,0.999661,0.000253
1622,Noise,0.999276,0.015863,AST Model,0.000393,0.999276,0.000331
1623,Noise,0.999645,0.016075,AST Model,0.000144,0.999645,0.00021
1624,Noise,0.999815,0.012503,AST Model,4.90E-05,0.999815,0.000136
1625,Noise,0.999339,0.013386,AST Model,0.000153,0.999339,0.000509
1626,Noise,0.999193,0.014781,AST Model,0.000153,0.999193,0.000654
1627,Noise,0.999205,0.01413,AST Model,0.000239,0.999205,0.000556
1628,Noise,0.995538,0.014151,AST Model,0.000622,0.995538,0.00384
1629,Noise,0.999211,0.014518,AST Model,0.00017,0.999211,0.000618
1630,Noise,0.999311,0.013649,AST Model,0.000143,0.999311,0.000546
1631,Noise,0.997937,0.013435,AST Model,0.000233,0.997937,0.00183
1632,Noise,0.999839,0.012658,AST Model,3.70E-05,0.999839,0.000124
1633,Noise,0.99939,0.013009,AST Model,9.30E-05,0.99939,0.000517
1634,Noise,0.9996,0.013883,AST Model,9.00E-05,0.9996,0.00031
1635,Noise,0.998753,0.013057,AST Model,0.000127,0.998753,0.00112
1636,Noise,0.998142,0.0133,AST Model,0.000231,0.998142,0.001627
1637,Noise,0.999729,0.013822,AST Model,8.50E-05,0.999729,0.000186
1638,Noise,0.999636,0.0135,AST Model,0.000173,0.999636,0.000192
1639,Noise,0.999339,0.014539,AST Model,0.00012,0.999339,0.000541
1640,Noise,0.998368,0.015669,AST Model,0.000374,0.998368,0.001258
1641,Noise,0.999794,0.013915,AST Model,7.80E-05,0.999794,0.000128
1642,Noise,0.999867,0.015443,AST Model,5.80E-05,0.999867,7.50E-05
1643,Noise,0.999776,0.013468,AST Model,4.80E-05,0.999776,0.000177
1644,Noise,0.999677,0.013528,AST Model,4.50E-05,0.999677,0.000278
1645,Noise,0.998687,0.013453,AST Model,0.000155,0.998687,0.001158
1646,Noise,0.999307,0.012699,AST Model,9.20E-05,0.999307,0.000601
1647,Noise,0.999627,0.014338,AST Model,9.20E-05,0.999627,0.000281
1648,Noise,0.999078,0.012813,AST Model,0.000164,0.999078,0.000759
1649,Noise,0.999012,0.01424,AST Model,0.000144,0.999012,0.000844
1650,Noise,0.997657,0.01441,AST Model,0.000404,0.997657,0.001939
1651,Noise,0.998029,0.014013,AST Model,0.000158,0.998029,0.001813
1652,Noise,0.999035,0.012708,AST Model,0.000143,0.999035,0.000822
1653,Noise,0.999784,0.016767,AST Model,5.10E-05,0.999784,0.000165
1654,Noise,0.999681,0.012232,AST Model,5.00E-05,0.999681,0.000269
1655,Noise,0.999537,0.015135,AST Model,0.000108,0.999537,0.000355
1656,Noise,0.999021,0.012942,AST Model,0.000119,0.999021,0.00086
1657,Noise,0.999519,0.013602,AST Model,0.000148,0.999519,0.000333
1658,Noise,0.995697,0.013553,AST Model,0.000395,0.995697,0.003908
1659,Noise,0.999434,0.012682,AST Model,9.70E-05,0.999434,0.000469
1660,Noise,0.99942,0.014385,AST Model,0.0001,0.99942,0.00048
1661,Noise,0.999304,0.013723,AST Model,0.000268,0.999304,0.000427
1662,Noise,0.998513,0.014393,AST Model,0.000224,0.998513,0.001263
1663,Noise,0.999352,0.012974,AST Model,0.000122,0.999352,0.000526
1664,Noise,0.999883,0.011255,AST Model,5.10E-05,0.999883,6.70E-05
1665,Noise,0.99951,0.011257,AST Model,5.50E-05,0.99951,0.000435
1666,Noise,0.999467,0.011168,AST Model,0.000114,0.999467,0.000418
1667,Noise,0.999496,0.014405,AST Model,0.000119,0.999496,0.000386
1668,Noise,0.99959,0.012637,AST Model,9.60E-05,0.99959,0.000314
1669,Noise,0.998665,0.013221,AST Model,0.00017,0.998665,0.001165
1670,Noise,0.999584,0.014095,AST Model,0.000104,0.999584,0.000311
1671,Noise,0.999268,0.013846,AST Model,0.000339,0.999268,0.000393
1672,Noise,0.998147,0.013613,AST Model,0.000412,0.998147,0.001441
1673,Noise,0.994096,0.013185,AST Model,0.000919,0.994096,0.004985
1674,Noise,0.99906,0.014829,AST Model,0.00012,0.99906,0.000821
1675,Noise,0.998907,0.013083,AST Model,9.70E-05,0.998907,0.000996
1676,Noise,0.999609,0.014622,AST Model,0.000102,0.999609,0.000289
1677,Noise,0.999354,0.014705,AST Model,0.000257,0.999354,0.000389
1678,Noise,0.998537,0.013323,AST Model,0.000256,0.998537,0.001207
1679,Noise,0.995419,0.009795,AST Model,0.000419,0.995419,0.004162
1680,Noise,0.9996,0.014169,AST Model,7.40E-05,0.9996,0.000327
1681,Noise,0.998731,0.013589,AST Model,9.20E-05,0.998731,0.001177
1682,Noise,0.996795,0.010715,AST Model,0.000159,0.996795,0.003046
1683,Noise,0.999665,0.015866,AST Model,5.90E-05,0.999665,0.000276
1684,Noise,0.995832,0.010656,AST Model,0.000218,0.995832,0.00395
1685,Noise,0.996845,0.011022,AST Model,0.00053,0.996845,0.002625
1686,Noise,0.999614,0.012138,AST Model,5.40E-05,0.999614,0.000331
1687,Noise,0.996573,0.010398,AST Model,0.000209,0.996573,0.003218
1688,Noise,0.99862,0.011411,AST Model,0.000402,0.99862,0.000978
1689,Noise,0.999465,0.01262,AST Model,0.000101,0.999465,0.000434
1690,Noise,0.996387,0.013417,AST Model,0.000253,0.996387,0.00336
1691,Noise,0.997567,0.012767,AST Model,0.000132,0.997567,0.002301
1692,Noise,0.999757,0.013218,AST Model,8.50E-05,0.999757,0.000158
1693,Noise,0.997964,0.013251,AST Model,0.0002,0.997964,0.001836
1694,Noise,0.997949,0.012008,AST Model,0.000351,0.997949,0.0017
1695,Noise,0.999798,0.013205,AST Model,4.40E-05,0.999798,0.000158
1696,Noise,0.997244,0.013198,AST Model,0.000317,0.997244,0.00244
1697,Noise,0.997922,0.011036,AST Model,0.000208,0.997922,0.00187
1698,Noise,0.999031,0.010641,AST Model,0.000149,0.999031,0.00082
1699,Noise,0.999104,0.012007,AST Model,0.000202,0.999104,0.000694
1700,Noise,0.999436,0.012812,AST Model,8.10E-05,0.999436,0.000483
1701,Noise,0.981923,0.009596,AST Model,0.000202,0.981923,0.017874
1702,Noise,0.989996,0.009481,AST Model,0.000512,0.989996,0.009492
1703,Normal,1,0.006856,RMS Threshold,0,0,1
1704,Normal,1,0.005743,RMS Threshold,0,0,1
1705,Noise,0.99882,0.010797,AST Model,0.000134,0.99882,0.001045
1706,Noise,0.998116,0.011951,AST Model,0.000112,0.998116,0.001772
1707,Noise,0.995792,0.009264,AST Model,0.000113,0.995792,0.004094
1708,Normal,1,0.008026,RMS Threshold,0,0,1
1709,Noise,0.995856,0.010912,AST Model,0.000237,0.995856,0.003907
1710,Noise,0.999149,0.012612,AST Model,0.000144,0.999149,0.000707
1711,Noise,0.999342,0.013706,AST Model,0.000133,0.999342,0.000525
1712,Noise,0.995032,0.050669,AST Model,0.004713,0.995032,0.000256
1713,Noise,0.999515,0.01223,AST Model,6.90E-05,0.999515,0.000416
1714,Noise,0.999026,0.012661,AST Model,0.000163,0.999026,0.000811
1715,Noise,0.996564,0.012636,AST Model,0.00022,0.996564,0.003216
1716,Noise,0.999386,0.012543,AST Model,6.30E-05,0.999386,0.000551
1717,Noise,0.999007,0.013264,AST Model,0.000894,0.999007,9.90E-05
1718,Noise,0.999262,0.013094,AST Model,0.000159,0.999262,0.000578
1719,Noise,0.99976,0.015266,AST Model,5.70E-05,0.99976,0.000183
1720,Noise,0.999438,0.013035,AST Model,0.000109,0.999438,0.000453
1721,Noise,0.998145,0.011575,AST Model,0.000216,0.998145,0.001638
1722,Noise,0.997852,0.016261,AST Model,0.001458,0.997852,0.00069
1723,Noise,0.998125,0.012742,AST Model,0.000306,0.998125,0.001569
1724,Noise,0.99942,0.012826,AST Model,7.30E-05,0.99942,0.000507
1725,Noise,0.999548,0.01212,AST Model,8.00E-05,0.999548,0.000372
1726,Noise,0.997075,0.01137,AST Model,0.000154,0.997075,0.002771
1727,Noise,0.999091,0.014011,AST Model,0.000139,0.999091,0.000769
1728,Noise,0.996579,0.013497,AST Model,0.000352,0.996579,0.003068
1729,Noise,0.999227,0.013055,AST Model,0.000161,0.999227,0.000612
1730,Noise,0.999247,0.012295,AST Model,8.00E-05,0.999247,0.000673
1731,Noise,0.999339,0.013257,AST Model,0.000109,0.999339,0.000552
1732,Noise,0.997568,0.012811,AST Model,0.000186,0.997568,0.002246
1733,Noise,0.99893,0.011976,AST Model,0.000195,0.99893,0.000874
1734,Noise,0.999284,0.011382,AST Model,0.000107,0.999284,0.000609
1735,Noise,0.992018,0.012518,AST Model,0.001368,0.992018,0.006614
1736,Noise,0.999797,0.013005,AST Model,4.10E-05,0.999797,0.000162
1737,Noise,0.998343,0.01194,AST Model,0.000103,0.998343,0.001554
1738,Noise,0.998175,0.014477,AST Model,0.000159,0.998175,0.001667
1739,Noise,0.995046,0.019549,AST Model,0.000604,0.995046,0.00435
1740,Noise,0.999094,0.013435,AST Model,0.000155,0.999094,0.000751
1741,Noise,0.997914,0.012011,AST Model,0.000113,0.997914,0.001973
1742,Noise,0.999005,0.012966,AST Model,0.000134,0.999005,0.000862
1743,Noise,0.99901,0.009841,AST Model,7.00E-05,0.99901,0.00092
1744,Normal,1,0.00626,RMS Threshold,0,0,1
1745,Noise,0.998135,0.011657,AST Model,0.000242,0.998135,0.001622
1746,Normal,1,0.008387,RMS Threshold,0,0,1
1747,Noise,0.996262,0.010772,AST Model,0.000439,0.996262,0.003299
1748,Normal,1,0.004001,RMS Threshold,0,0,1
1749,Noise,0.999493,0.01036,AST Model,7.00E-05,0.999493,0.000438
1750,Noise,0.999741,0.01311,AST Model,2.90E-05,0.999741,0.00023
1751,Noise,0.999283,0.011286,AST Model,0.000102,0.999283,0.000615
1752,Noise,0.998321,0.011681,AST Model,0.000143,0.998321,0.001537
1753,Noise,0.995796,0.012064,AST Model,0.000121,0.995796,0.004083
1754,Noise,0.998829,0.013033,AST Model,0.000172,0.998829,0.000999
1755,Noise,0.998627,0.011501,AST Model,0.000128,0.998627,0.001245
1756,Noise,0.999435,0.012488,AST Model,0.000119,0.999435,0.000446
1757,Noise,0.999219,0.014054,AST Model,0.000149,0.999219,0.000632
1758,Noise,0.999161,0.011475,AST Model,7.20E-05,0.999161,0.000767
1759,Noise,0.998628,0.011235,AST Model,0.000104,0.998628,0.001268
1760,Noise,0.999683,0.01155,AST Model,5.00E-05,0.999683,0.000266
1761,Noise,0.999754,0.013202,AST Model,0.000107,0.999754,0.000139
1762,Noise,0.998659,0.012754,AST Model,7.30E-05,0.998659,0.001268
1763,Noise,0.999536,0.013173,AST Model,0.000114,0.999536,0.00035
1764,Noise,0.999394,0.014368,AST Model,4.10E-05,0.999394,0.000565
1765,Noise,0.999381,0.019081,AST Model,0.000129,0.999381,0.00049
1766,Noise,0.999566,0.012594,AST Model,4.50E-05,0.999566,0.000389
1767,Noise,0.999805,0.012707,AST Model,4.80E-05,0.999805,0.000147
1768,Noise,0.999345,0.012632,AST Model,9.80E-05,0.999345,0.000557
1769,Noise,0.999616,0.010917,AST Model,0.000134,0.999616,0.00025
1770,Noise,0.997802,0.011223,AST Model,0.000309,0.997802,0.001889
1771,Noise,0.999727,0.011664,AST Model,5.90E-05,0.999727,0.000214
1772,Noise,0.988024,0.011921,AST Model,0.000308,0.988024,0.011669
1773,Noise,0.999411,0.012775,AST Model,7.70E-05,0.999411,0.000511
1774,Noise,0.999175,0.011993,AST Model,0.000244,0.999175,0.000581
1775,Noise,0.999497,0.012422,AST Model,0.000217,0.999497,0.000286
1776,Noise,0.980343,0.012043,AST Model,0.000372,0.980343,0.019286
1777,Noise,0.997828,0.01757,AST Model,0.000428,0.997828,0.001744
1778,Noise,0.997049,0.012796,AST Model,0.000252,0.997049,0.002699
1779,Noise,0.997811,0.010352,AST Model,0.000161,0.997811,0.002028
1780,Noise,0.998786,0.01168,AST Model,0.000242,0.998786,0.000972
1781,Noise,0.998561,0.012261,AST Model,0.000209,0.998561,0.001229
1782,Noise,0.999061,0.014103,AST Model,0.000117,0.999061,0.000822
1783,Noise,0.999797,0.010821,AST Model,3.60E-05,0.999797,0.000167
1784,Noise,0.999386,0.012042,AST Model,0.000208,0.999386,0.000405
1785,Noise,0.996817,0.011368,AST Model,0.000936,0.996817,0.002247
1786,Noise,0.998147,0.011537,AST Model,0.00098,0.998147,0.000873
1787,Noise,0.999662,0.013171,AST Model,4.70E-05,0.999662,0.000291
1788,Noise,0.991395,0.009125,AST Model,0.000502,0.991395,0.008103
1789,Noise,0.998389,0.011208,AST Model,8.80E-05,0.998389,0.001523
1790,Noise,0.999351,0.00971,AST Model,0.000172,0.999351,0.000477
1791,Noise,0.998574,0.011343,AST Model,0.000162,0.998574,0.001264
1792,Noise,0.999506,0.011384,AST Model,5.00E-05,0.999506,0.000444
1793,Noise,0.99842,0.011387,AST Model,0.000107,0.99842,0.001473
1794,Noise,0.999121,0.012079,AST Model,0.000149,0.999121,0.00073
1795,Noise,0.999538,0.011521,AST Model,0.000296,0.999538,0.000166
1796,Noise,0.999644,0.011664,AST Model,0.000111,0.999644,0.000245
1797,Noise,0.995613,0.012779,AST Model,0.003352,0.995613,0.001036
1798,Noise,0.996205,0.011304,AST Model,0.000187,0.996205,0.003608
1799,Noise,0.999624,0.011326,AST Model,7.30E-05,0.999624,0.000303
1800,Noise,0.999799,0.012002,AST Model,4.10E-05,0.999799,0.000161
1801,Noise,0.999488,0.01111,AST Model,0.000307,0.999488,0.000205
1802,Noise,0.998593,0.011446,AST Model,0.000122,0.998593,0.001285
1803,Noise,0.998718,0.012616,AST Model,0.0003,0.998718,0.000982
1804,Noise,0.99946,0.013132,AST Model,8.40E-05,0.99946,0.000456
1805,Noise,0.999004,0.010943,AST Model,0.000436,0.999004,0.00056
1806,Noise,0.999367,0.009706,AST Model,0.00018,0.999367,0.000453
1807,Noise,0.979797,0.037418,AST Model,0.019818,0.979797,0.000385
1808,Noise,0.798613,0.015533,AST Model,0.201039,0.798613,0.000347
1809,Normal,1,0.004758,RMS Threshold,0,0,1
1810,Normal,1,0.005461,RMS Threshold,0,0,1
1811,Normal,1,0.004863,RMS Threshold,0,0,1
1812,Noise,0.998748,0.010857,AST Model,0.001206,0.998748,4.60E-05
1813,Normal,1,0.007573,RMS Threshold,0,0,1
1814,Noise,0.999739,0.01274,AST Model,0.000107,0.999739,0.000154
1815,Noise,0.684593,0.011346,AST Model,0.314867,0.684593,0.00054
1816,Baby_Cry,0.979234,0.018832,AST Model,0.979234,0.020398,0.000368
1817,Noise,0.96093,0.01448,AST Model,0.038523,0.96093,0.000548
1818,Normal,1,0.005575,RMS Threshold,0,0,1
1819,Noise,0.756692,0.009012,AST Model,0.24277,0.756692,0.000537
1820,Normal,1,0.004049,RMS Threshold,0,0,1
1821,Noise,0.975962,0.011399,AST Model,0.023793,0.975962,0.000245
1822,Noise,0.872494,0.011288,AST Model,0.127137,0.872494,0.000369
1823,Normal,1,0.006211,RMS Threshold,0,0,1
1824,Noise,0.998221,0.012247,AST Model,0.001689,0.998221,9.00E-05
1825,Noise,0.999573,0.012073,AST Model,0.000302,0.999573,0.000125
1826,Normal,1,0.007145,RMS Threshold,0,0,1
1827,Normal,1,0.006113,RMS Threshold,0,0,1
1828,Baby_Cry,0.904489,0.009919,AST Model,0.904489,0.09493,0.000581
1829,Baby_Cry,0.901937,0.009958,AST Model,0.901937,0.097591,0.000472
1830,Normal,1,0.005939,RMS Threshold,0,0,1
1831,Normal,1,0.00543,RMS Threshold,0,0,1
1832,Baby_Cry,0.616451,0.013892,AST Model,0.616451,0.383034,0.000516
1833,Baby_Cry,0.949246,0.019594,AST Model,0.949246,0.050389,0.000365
1834,Normal,1,0.005469,RMS Threshold,0,0,1
1835,Normal,1,0.008333,RMS Threshold,0,0,1
1836,Normal,1,0.004357,RMS Threshold,0,0,1
1837,Normal,1,0.005071,RMS Threshold,0,0,1
1838,Noise,0.52421,0.010862,AST Model,0.47544,0.52421,0.00035
1839,Baby_Cry,0.774706,0.014193,AST Model,0.774706,0.224835,0.000459
1840,Baby_Cry,0.903377,0.021282,AST Model,0.903377,0.096161,0.000462
1841,Normal,1,0.007306,RMS Threshold,0,0,1
1842,Normal,1,0.006355,RMS Threshold,0,0,1
1843,Normal,1,0.004087,RMS Threshold,0,0,1
1844,Baby_Cry,0.952348,0.009546,AST Model,0.952348,0.047272,0.00038
1845,Normal,1,0.0049,RMS Threshold,0,0,1
1846,Noise,0.553504,0.009954,AST Model,0.44601,0.553504,0.000486
1847,Noise,0.625355,0.009171,AST Model,0.373457,0.625355,0.001188
1848,Normal,1,0.008978,RMS Threshold,0,0,1
1849,Normal,1,0.007964,RMS Threshold,0,0,1
1850,Normal,1,0.006971,RMS Threshold,0,0,1
1851,Noise,0.854111,0.009289,AST Model,0.145644,0.854111,0.000245
1852,Noise,0.990733,0.011019,AST Model,0.009044,0.990733,0.000223
1853,Noise,0.793567,0.009335,AST Model,0.205271,0.793567,0.001161
1854,Normal,1,0.00702,RMS Threshold,0,0,1
1855,Normal,1,0.005743,RMS Threshold,0,0,1
1856,Baby_Cry,0.742281,0.012676,AST Model,0.742281,0.256562,0.001157
1857,Normal,1,0.003935,RMS Threshold,0,0,1
1858,Normal,1,0.007112,RMS Threshold,0,0,1
1859,Baby_Cry,0.977593,0.014677,AST Model,0.977593,0.022033,0.000374
1860,Normal,1,0.005765,RMS Threshold,0,0,1
1861,Normal,1,0.006015,RMS Threshold,0,0,1
1862,Noise,0.963386,0.010629,AST Model,0.036489,0.963386,0.000126
1863,Baby_Cry,0.976645,0.011723,AST Model,0.976645,0.023149,0.000206
1864,Normal,1,0.007842,RMS Threshold,0,0,1
1865,Baby_Cry,0.851153,0.011188,AST Model,0.851153,0.148573,0.000274
1866,Noise,0.999089,0.013166,AST Model,0.00016,0.999089,0.000752
1867,Normal,1,0.005094,RMS Threshold,0,0,1
1868,Noise,0.999777,0.010854,AST Model,0.000188,0.999777,3.60E-05
1869,Noise,0.998145,0.010579,AST Model,0.001593,0.998145,0.000262
1870,Normal,1,0.003372,RMS Threshold,0,0,1
1871,Normal,1,0.00873,RMS Threshold,0,0,1
1872,Noise,0.992205,0.009601,AST Model,0.007597,0.992205,0.000198
1873,Normal,1,0.007879,RMS Threshold,0,0,1
1874,Normal,1,0.0039,RMS Threshold,0,0,1
1875,Normal,1,0.004422,RMS Threshold,0,0,1
1876,Normal,1,0.008236,RMS Threshold,0,0,1
1877,Noise,0.771933,0.011436,AST Model,0.227383,0.771933,0.000684
1878,Normal,1,0.002738,RMS Threshold,0,0,1
1879,Normal,1,0.007081,RMS Threshold,0,0,1
1880,Normal,1,0.00433,RMS Threshold,0,0,1
1881,Normal,1,0.002933,RMS Threshold,0,0,1
1882,Noise,0.997638,0.020509,AST Model,0.002101,0.997638,0.000261
1883,Noise,0.998693,0.013837,AST Model,0.000202,0.998693,0.001104
1884,Noise,0.993207,0.027827,AST Model,0.00666,0.993207,0.000134
1885,Normal,1,0.005932,RMS Threshold,0,0,1
1886,Noise,0.875711,0.013104,AST Model,0.123853,0.875711,0.000436
1887,Normal,1,0.008996,RMS Threshold,0,0,1
1888,Noise,0.935338,0.013357,AST Model,0.064158,0.935338,0.000504
1889,Noise,0.999715,0.012652,AST Model,0.000156,0.999715,0.00013
1890,Noise,0.99976,0.01374,AST Model,7.00E-05,0.99976,0.00017
1891,Baby_Cry,0.998189,0.04268,AST Model,0.998189,0.001735,7.70E-05
1892,Baby_Cry,0.60161,0.009904,AST Model,0.60161,0.398216,0.000174
1893,Baby_Cry,0.995632,0.027024,AST Model,0.995632,0.004268,9.90E-05
1894,Normal,1,0.005183,RMS Threshold,0,0,1
1895,Noise,0.999242,0.014451,AST Model,0.000311,0.999242,0.000448
1896,Baby_Cry,0.860812,0.011055,AST Model,0.860812,0.138863,0.000325
1897,Baby_Cry,0.992885,0.053037,AST Model,0.992885,0.006947,0.000168
1898,Baby_Cry,0.933349,0.012119,AST Model,0.933349,0.066332,0.000319
1899,Baby_Cry,0.992165,0.020222,AST Model,0.992165,0.007643,0.000192
1900,Baby_Cry,0.883183,0.03531,AST Model,0.883183,0.116586,0.000231
1901,Normal,1,0.003862,RMS Threshold,0,0,1
1902,Baby_Cry,0.919137,0.014993,AST Model,0.919137,0.080342,0.000521
1903,Noise,0.7608,0.014217,AST Model,0.238673,0.7608,0.000527
1904,Normal,1,0.007381,RMS Threshold,0,0,1
1905,Normal,1,0.007445,RMS Threshold,0,0,1
1906,Normal,1,0.004248,RMS Threshold,0,0,1
1907,Normal,1,0.007403,RMS Threshold,0,0,1
1908,Baby_Cry,0.984266,0.013597,AST Model,0.984266,0.015483,0.000251
1909,Normal,1,0.008644,RMS Threshold,0,0,1
1910,Baby_Cry,0.513901,0.029302,AST Model,0.513901,0.48583,0.000269
1911,Normal,1,0.005165,RMS Threshold,0,0,1
1912,Normal,1,0.005878,RMS Threshold,0,0,1
1913,Baby_Cry,0.99369,0.018526,AST Model,0.99369,0.006163,0.000146
1914,Normal,1,0.008094,RMS Threshold,0,0,1
1915,Noise,0.515714,0.028729,AST Model,0.483959,0.515714,0.000327
1916,Normal,1,0.006486,RMS Threshold,0,0,1
1917,Normal,1,0.007969,RMS Threshold,0,0,1
1918,Baby_Cry,0.975439,0.015792,AST Model,0.975439,0.024073,0.000488
1919,Normal,1,0.007753,RMS Threshold,0,0,1
1920,Noise,0.702683,0.023649,AST Model,0.297036,0.702683,0.000281
1921,Normal,1,0.006268,RMS Threshold,0,0,1
1922,Normal,1,0.004969,RMS Threshold,0,0,1
1923,Baby_Cry,0.973248,0.013232,AST Model,0.973248,0.02649,0.000262
1924,Normal,1,0.007154,RMS Threshold,0,0,1
1925,Baby_Cry,0.902733,0.026629,AST Model,0.902733,0.097059,0.000208
1926,Normal,1,0.004662,RMS Threshold,0,0,1
1927,Baby_Cry,0.993788,0.014439,AST Model,0.993788,0.006106,0.000106
1928,Normal,1,0.003429,RMS Threshold,0,0,1
1929,Baby_Cry,0.993963,0.01059,AST Model,0.993963,0.005916,0.00012
1930,Normal,1,0.006918,RMS Threshold,0,0,1
1931,Normal,1,0.00421,RMS Threshold,0,0,1
1932,Baby_Cry,0.987922,0.010775,AST Model,0.987922,0.011873,0.000204
1933,Normal,1,0.0033,RMS Threshold,0,0,1
1934,Baby_Cry,0.987226,0.009452,AST Model,0.987226,0.012431,0.000342
1935,Normal,1,0.007192,RMS Threshold,0,0,1
1936,Normal,1,0.005903,RMS Threshold,0,0,1
1937,Normal,1,0.006641,RMS Threshold,0,0,1
1938,Baby_Cry,0.973536,0.016207,AST Model,0.973536,0.026256,0.000208
1939,Baby_Cry,0.987583,0.009437,AST Model,0.987583,0.012244,0.000173
1940,Normal,1,0.007844,RMS Threshold,0,0,1
1941,Normal,1,0.006902,RMS Threshold,0,0,1
1942,Normal,1,0.008379,RMS Threshold,0,0,1
1943,Baby_Cry,0.83982,0.013619,AST Model,0.83982,0.159579,0.000601
1944,Baby_Cry,0.665424,0.010355,AST Model,0.665424,0.334286,0.00029
1945,Normal,1,0.008865,RMS Threshold,0,0,1
1946,Normal,1,0.006701,RMS Threshold,0,0,1
1947,Normal,1,0.005135,RMS Threshold,0,0,1
1948,Baby_Cry,0.848134,0.009558,AST Model,0.848134,0.15147,0.000397
1949,Baby_Cry,0.638796,0.009767,AST Model,0.638796,0.36077,0.000434
1950,Normal,1,0.008121,RMS Threshold,0,0,1
1951,Normal,1,0.006339,RMS Threshold,0,0,1
1952,Normal,1,0.00455,RMS Threshold,0,0,1
1953,Normal,1,0.008774,RMS Threshold,0,0,1
1954,Noise,0.999031,0.012175,AST Model,0.000882,0.999031,8.70E-05
1955,Normal,1,0.005797,RMS Threshold,0,0,1
1956,Normal,1,0.007146,RMS Threshold,0,0,1
1957,Normal,1,0.004515,RMS Threshold,0,0,1
1958,Baby_Cry,0.976185,0.014916,AST Model,0.976185,0.023469,0.000347
1959,Baby_Cry,0.981257,0.025556,AST Model,0.981257,0.018406,0.000337
1960,Noise,0.529684,0.026041,AST Model,0.470032,0.529684,0.000284
1961,Normal,1,0.005876,RMS Threshold,0,0,1
1962,Normal,1,0.008111,RMS Threshold,0,0,1
1963,Baby_Cry,0.990314,0.016875,AST Model,0.990314,0.009527,0.000159
1964,Normal,1,0.007319,RMS Threshold,0,0,1
1965,Noise,0.629847,0.027542,AST Model,0.369851,0.629847,0.000301
1966,Normal,1,0.00584,RMS Threshold,0,0,1
1967,Normal,1,0.00692,RMS Threshold,0,0,1
1968,Baby_Cry,0.943798,0.014573,AST Model,0.943798,0.055786,0.000416
1969,Baby_Cry,0.841418,0.010516,AST Model,0.841418,0.158339,0.000243
1970,Normal,1,0.008737,RMS Threshold,0,0,1
1971,Normal,1,0.006258,RMS Threshold,0,0,1
1972,Normal,1,0.005177,RMS Threshold,0,0,1
1973,Baby_Cry,0.641358,0.011451,AST Model,0.641358,0.357854,0.000787
1974,Baby_Cry,0.68465,0.011529,AST Model,0.68465,0.314984,0.000366
1975,Baby_Cry,0.963728,0.009302,AST Model,0.963728,0.036095,0.000177
1976,Baby_Cry,0.95114,0.014305,AST Model,0.95114,0.048277,0.000583
1977,Baby_Cry,0.989606,0.012625,AST Model,0.989606,0.010108,0.000285
1978,Baby_Cry,0.961395,0.012113,AST Model,0.961395,0.038346,0.000258
1979,Baby_Cry,0.988509,0.015805,AST Model,0.988509,0.011383,0.000108
1980,Baby_Cry,0.760537,0.011063,AST Model,0.760537,0.238944,0.000519
1981,Normal,1,0.002929,RMS Threshold,0,0,1
1982,Normal,1,0.007498,RMS Threshold,0,0,1
1983,Baby_Cry,0.791013,0.024537,AST Model,0.791013,0.208794,0.000193
1984,Baby_Cry,0.847158,0.010474,AST Model,0.847158,0.152067,0.000775
1985,Baby_Cry,0.986457,0.011488,AST Model,0.986457,0.013113,0.00043
1986,Baby_Cry,0.983398,0.015294,AST Model,0.983398,0.016492,0.00011
1987,Normal,1,0.007237,RMS Threshold,0,0,1
1988,Normal,1,0.003902,RMS Threshold,0,0,1
1989,Baby_Cry,0.903218,0.010416,AST Model,0.903218,0.096211,0.000571
1990,Baby_Cry,0.97628,0.024059,AST Model,0.97628,0.023579,0.000141
1991,Normal,1,0.006859,RMS Threshold,0,0,1
1992,Normal,1,0.005712,RMS Threshold,0,0,1
1993,Normal,1,0.004987,RMS Threshold,0,0,1
1994,Baby_Cry,0.554546,0.011264,AST Model,0.554546,0.444824,0.00063
1995,Baby_Cry,0.986402,0.024369,AST Model,0.986402,0.013281,0.000317
1996,Normal,1,0.005838,RMS Threshold,0,0,1
1997,Normal,1,0.005328,RMS Threshold,0,0,1
1998,Normal,1,0.003502,RMS Threshold,0,0,1
1999,Normal,1,0.007895,RMS Threshold,0,0,1
2000,Baby_Cry,0.918686,0.012534,AST Model,0.918686,0.08076,0.000553
2001,Noise,0.593314,0.011212,AST Model,0.406095,0.593314,0.000591
2002,Normal,1,0.006693,RMS Threshold,0,0,1
2003,Normal,1,0.003412,RMS Threshold,0,0,1
2004,Normal,1,0.00887,RMS Threshold,0,0,1
2005,Baby_Cry,0.973331,0.0147,AST Model,0.973331,0.02631,0.000359
2006,Baby_Cry,0.782554,0.010058,AST Model,0.782554,0.217121,0.000325
2007,Normal,1,0.005452,RMS Threshold,0,0,1
2008,Normal,1,0.003444,RMS Threshold,0,0,1
2009,Normal,1,0.008458,RMS Threshold,0,0,1
2010,Baby_Cry,0.966933,0.013544,AST Model,0.966933,0.032742,0.000326
2011,Baby_Cry,0.897616,0.011466,AST Model,0.897616,0.102122,0.000262
2012,Normal,1,0.005797,RMS Threshold,0,0,1
2013,Normal,1,0.003716,RMS Threshold,0,0,1
2014,Normal,1,0.007126,RMS Threshold,0,0,1
2015,Baby_Cry,0.883817,0.01384,AST Model,0.883817,0.115571,0.000613
2016,Baby_Cry,0.673246,0.011052,AST Model,0.673246,0.326378,0.000376
2017,Normal,1,0.006419,RMS Threshold,0,0,1
2018,Normal,1,0.004349,RMS Threshold,0,0,1
2019,Normal,1,0.007895,RMS Threshold,0,0,1
2020,Baby_Cry,0.954972,0.01295,AST Model,0.954972,0.044589,0.000439
2021,Baby_Cry,0.899609,0.010774,AST Model,0.899609,0.100065,0.000326
2022,Normal,1,0.006862,RMS Threshold,0,0,1
2023,Normal,1,0.005979,RMS Threshold,0,0,1
2024,Normal,1,0.008943,RMS Threshold,0,0,1
2025,Baby_Cry,0.866841,0.012589,AST Model,0.866841,0.132607,0.000552
2026,Baby_Cry,0.823465,0.010144,AST Model,0.823465,0.176059,0.000475
2027,Normal,1,0.006767,RMS Threshold,0,0,1
2028,Normal,1,0.003733,RMS Threshold,0,0,1
2029,Noise,0.950142,0.009522,AST Model,0.049587,0.950142,0.000271
2030,Baby_Cry,0.994688,0.020163,AST Model,0.994688,0.005131,0.000182
2031,Normal,1,0.006113,RMS Threshold,0,0,1
2032,Normal,1,0.006916,RMS Threshold,0,0,1
2033,Normal,1,0.003622,RMS Threshold,0,0,1
2034,Noise,0.918542,0.010479,AST Model,0.081023,0.918542,0.000435
2035,Baby_Cry,0.994173,0.021103,AST Model,0.994173,0.005685,0.000142
2036,Normal,1,0.005051,RMS Threshold,0,0,1
2037,Normal,1,0.007184,RMS Threshold,0,0,1
2038,Normal,1,0.0038,RMS Threshold,0,0,1
2039,Noise,0.733598,0.009414,AST Model,0.265662,0.733598,0.00074
2040,Baby_Cry,0.992064,0.023645,AST Model,0.992064,0.007706,0.00023
2041,Normal,1,0.004992,RMS Threshold,0,0,1
2042,Normal,1,0.006239,RMS Threshold,0,0,1
2043,Normal,1,0.003321,RMS Threshold,0,0,1
2044,Normal,1,0.007993,RMS Threshold,0,0,1
2045,Baby_Cry,0.935495,0.013432,AST Model,0.935495,0.064212,0.000293
2046,Baby_Cry,0.697406,0.014566,AST Model,0.697406,0.302255,0.000338
2047,Normal,1,0.006609,RMS Threshold,0,0,1
2048,Normal,1,0.003745,RMS Threshold,0,0,1
2049,Baby_Cry,0.633528,0.009755,AST Model,0.633528,0.365854,0.000618
2050,Baby_Cry,0.547674,0.015337,AST Model,0.547674,0.451914,0.000412
2051,Normal,1,0.004454,RMS Threshold,0,0,1
2052,Normal,1,0.006608,RMS Threshold,0,0,1
2053,Normal,1,0.002966,RMS Threshold,0,0,1
2054,Normal,1,0.007621,RMS Threshold,0,0,1
2055,Baby_Cry,0.531064,0.015398,AST Model,0.531064,0.468368,0.000568
2056,Noise,0.99958,0.010058,AST Model,0.000112,0.99958,0.000308
2057,Baby_Cry,0.991032,0.103741,AST Model,0.991032,0.008726,0.000241
2058,Baby_Cry,0.985991,0.056881,AST Model,0.985991,0.013867,0.000141
2059,Baby_Cry,0.569192,0.021909,AST Model,0.569192,0.43026,0.000548
2060,Baby_Cry,0.981533,0.068365,AST Model,0.981533,0.01828,0.000187
2061,Baby_Cry,0.966055,0.037794,AST Model,0.966055,0.033741,0.000204
2062,Noise,0.999849,0.025588,AST Model,9.70E-05,0.999849,5.50E-05
2063,Baby_Cry,0.618824,0.031991,AST Model,0.618824,0.380647,0.000529
2064,Noise,0.999631,0.011846,AST Model,0.000295,0.999631,7.40E-05
2065,Baby_Cry,0.997235,0.036312,AST Model,0.997235,0.002712,5.30E-05
2066,Baby_Cry,0.990744,0.065168,AST Model,0.990744,0.009132,0.000125
2067,Baby_Cry,0.629689,0.048379,AST Model,0.629689,0.369658,0.000653
2068,Baby_Cry,0.843092,0.062374,AST Model,0.843092,0.155616,0.001292
2069,Normal,1,0.002594,RMS Threshold,0,0,1
2070,Baby_Cry,0.99709,0.079583,AST Model,0.99709,0.002815,9.40E-05
2071,Noise,0.575382,0.029548,AST Model,0.423891,0.575382,0.000727
2072,Noise,0.999762,0.027769,AST Model,0.000188,0.999762,5.00E-05
2073,Baby_Cry,0.863346,0.035464,AST Model,0.863346,0.136358,0.000295
2074,Noise,0.663394,0.022309,AST Model,0.336114,0.663394,0.000492
2075,Baby_Cry,0.998749,0.057318,AST Model,0.998749,0.001169,8.20E-05
2076,Baby_Cry,0.993371,0.045543,AST Model,0.993371,0.006547,8.20E-05
2077,Noise,0.999845,0.024842,AST Model,0.000101,0.999845,5.40E-05
2078,Noise,0.554699,0.02676,AST Model,0.444844,0.554699,0.000457
2079,Noise,0.998459,0.011089,AST Model,0.001436,0.998459,0.000105
2080,Baby_Cry,0.947272,0.033224,AST Model,0.947272,0.052581,0.000147
2081,Baby_Cry,0.996705,0.068312,AST Model,0.996705,0.003197,9.80E-05
2082,Baby_Cry,0.597245,0.049214,AST Model,0.597245,0.401739,0.001017
2083,Baby_Cry,0.885335,0.060895,AST Model,0.885335,0.113967,0.000698
2084,Normal,1,0.002405,RMS Threshold,0,0,1
2085,Baby_Cry,0.997274,0.076146,AST Model,0.997274,0.002556,0.00017
2086,Noise,0.709909,0.043068,AST Model,0.288751,0.709909,0.001339
2087,Noise,0.999816,0.013246,AST Model,8.20E-05,0.999816,0.000101
2088,Baby_Cry,0.985974,0.040967,AST Model,0.985974,0.013837,0.000189
2089,Baby_Cry,0.977406,0.029537,AST Model,0.977406,0.02239,0.000204
2090,Baby_Cry,0.998744,0.069108,AST Model,0.998744,0.001181,7.60E-05
2091,Noise,0.74908,0.018256,AST Model,0.250443,0.74908,0.000477
2092,Noise,0.999728,0.025774,AST Model,0.000163,0.999728,0.000109
2093,Noise,0.956447,0.020965,AST Model,0.043223,0.956447,0.00033
2094,Noise,0.998264,0.010436,AST Model,0.001569,0.998264,0.000167
2095,Baby_Cry,0.994902,0.031328,AST Model,0.994902,0.005037,6.10E-05
2096,Baby_Cry,0.994415,0.060781,AST Model,0.994415,0.005428,0.000157
2097,Noise,0.986156,0.036365,AST Model,0.013514,0.986156,0.00033
2098,Baby_Cry,0.982397,0.095445,AST Model,0.982397,0.017139,0.000464
2099,Baby_Cry,0.993779,0.058232,AST Model,0.993779,0.006023,0.000198
2100,Noise,0.933252,0.030755,AST Model,0.066595,0.933252,0.000152
2101,Noise,0.57225,0.02393,AST Model,0.427518,0.57225,0.000232
2102,Noise,0.903447,0.022291,AST Model,0.096367,0.903447,0.000185
2103,Baby_Cry,0.638997,0.074986,AST Model,0.638997,0.360273,0.00073
2104,Baby_Cry,0.826355,0.100782,AST Model,0.826355,0.17324,0.000405
2105,Baby_Cry,0.997679,0.084278,AST Model,0.997679,0.002226,9.50E-05
2106,Baby_Cry,0.999548,0.068705,AST Model,0.999548,0.000391,6.10E-05
2107,Baby_Cry,0.768596,0.040661,AST Model,0.768596,0.23099,0.000414
2108,Baby_Cry,0.999298,0.093151,AST Model,0.999298,0.000632,7.00E-05
2109,Noise,0.937584,0.028287,AST Model,0.062263,0.937584,0.000153
2110,Noise,0.916671,0.055856,AST Model,0.082595,0.916671,0.000734
2111,Noise,0.722955,0.03024,AST Model,0.276876,0.722955,0.000169
2112,Baby_Cry,0.971298,0.064517,AST Model,0.971298,0.028495,0.000207
2113,Baby_Cry,0.997855,0.14957,AST Model,0.997855,0.001991,0.000154
2114,Baby_Cry,0.955287,0.02176,AST Model,0.955287,0.04428,0.000434
2115,Baby_Cry,0.997211,0.021876,AST Model,0.997211,0.002738,5.10E-05
2116,Baby_Cry,0.942872,0.018764,AST Model,0.942872,0.056807,0.000321
2117,Baby_Cry,0.904289,0.016958,AST Model,0.904289,0.095334,0.000377
2118,Baby_Cry,0.893729,0.011562,AST Model,0.893729,0.106118,0.000153
2119,Baby_Cry,0.998005,0.061655,AST Model,0.998005,0.001812,0.000183
2120,Baby_Cry,0.832454,0.02113,AST Model,0.832454,0.167269,0.000277
2121,Baby_Cry,0.99663,0.11244,AST Model,0.99663,0.003278,9.20E-05
2122,Noise,0.913298,0.011396,AST Model,0.086118,0.913298,0.000584
2123,Baby_Cry,0.999063,0.021924,AST Model,0.999063,0.000898,3.90E-05
2124,Baby_Cry,0.986502,0.023506,AST Model,0.986502,0.013334,0.000163
2125,Baby_Cry,0.962494,0.017697,AST Model,0.962494,0.037131,0.000375
2126,Baby_Cry,0.862479,0.016806,AST Model,0.862479,0.137379,0.000142
2127,Baby_Cry,0.998704,0.054924,AST Model,0.998704,0.001235,6.10E-05
2128,Baby_Cry,0.99128,0.041682,AST Model,0.99128,0.008624,9.60E-05
2129,Baby_Cry,0.99727,0.102156,AST Model,0.99727,0.002668,6.20E-05
2130,Baby_Cry,0.935455,0.02314,AST Model,0.935455,0.063808,0.000737
2131,Baby_Cry,0.996787,0.028316,AST Model,0.996787,0.003168,4.50E-05
2132,Baby_Cry,0.549112,0.019592,AST Model,0.549112,0.45049,0.000397
2133,Baby_Cry,0.988642,0.018706,AST Model,0.988642,0.011168,0.00019
2134,Baby_Cry,0.963526,0.01355,AST Model,0.963526,0.036308,0.000166
2135,Baby_Cry,0.99839,0.067238,AST Model,0.99839,0.001528,8.20E-05
2136,Baby_Cry,0.989219,0.033964,AST Model,0.989219,0.010713,6.80E-05
2137,Baby_Cry,0.998454,0.118847,AST Model,0.998454,0.00143,0.000116
2138,Baby_Cry,0.993407,0.084156,AST Model,0.993407,0.00639,0.000203
2139,Baby_Cry,0.996004,0.021847,AST Model,0.996004,0.003932,6.30E-05
2140,Baby_Cry,0.980483,0.042896,AST Model,0.980483,0.019294,0.000223
2141,Baby_Cry,0.996862,0.047712,AST Model,0.996862,0.003064,7.30E-05
2142,Normal,1,0.004023,RMS Threshold,0,0,1
2143,Baby_Cry,0.998384,0.054604,AST Model,0.998384,0.001501,0.000115
2144,Baby_Cry,0.998135,0.100036,AST Model,0.998135,0.0018,6.50E-05
2145,Baby_Cry,0.999779,0.146333,AST Model,0.999779,0.000177,4.40E-05
2146,Baby_Cry,0.993137,0.081523,AST Model,0.993137,0.006726,0.000137
2147,Baby_Cry,0.998775,0.077862,AST Model,0.998775,0.001177,4.80E-05
2148,Baby_Cry,0.99761,0.101329,AST Model,0.99761,0.002289,0.000101
2149,Noise,0.99916,0.037727,AST Model,0.00078,0.99916,6.00E-05
2150,Baby_Cry,0.973341,0.098804,AST Model,0.973341,0.026412,0.000248
2151,Baby_Cry,0.736921,0.116758,AST Model,0.736921,0.26239,0.000689
2152,Noise,0.796968,0.083982,AST Model,0.20243,0.796968,0.000602
2153,Baby_Cry,0.99265,0.098365,AST Model,0.99265,0.007176,0.000174
2154,Baby_Cry,0.923223,0.053548,AST Model,0.923223,0.07636,0.000417
2155,Baby_Cry,0.997579,0.150528,AST Model,0.997579,0.002271,0.00015
2156,Baby_Cry,0.994938,0.046726,AST Model,0.994938,0.004958,0.000104
2157,Baby_Cry,0.772275,0.075334,AST Model,0.772275,0.227435,0.000291
2158,Baby_Cry,0.998532,0.066215,AST Model,0.998532,0.001409,5.90E-05
2159,Baby_Cry,0.946598,0.037534,AST Model,0.946598,0.053228,0.000174
2160,Noise,0.501038,0.032645,AST Model,0.498624,0.501038,0.000338
2161,Baby_Cry,0.932488,0.059921,AST Model,0.932488,0.067216,0.000296
2162,Baby_Cry,0.938397,0.083164,AST Model,0.938397,0.061379,0.000224
2163,Noise,0.871149,0.024819,AST Model,0.128233,0.871149,0.000619
2164,Baby_Cry,0.994396,0.073647,AST Model,0.994396,0.005438,0.000166
2165,Normal,1,0.007696,RMS Threshold,0,0,1
2166,Baby_Cry,0.759636,0.020063,AST Model,0.759636,0.239482,0.000882
2167,Normal,1,0.004718,RMS Threshold,0,0,1
2168,Noise,0.833291,0.012631,AST Model,0.16602,0.833291,0.000689
2169,Baby_Cry,0.772343,0.013998,AST Model,0.772343,0.221044,0.006613
2170,Baby_Cry,0.976693,0.012215,AST Model,0.976693,0.022777,0.000529
2171,Normal,1,0.006312,RMS Threshold,0,0,1
2172,Noise,0.999228,0.016477,AST Model,0.000283,0.999228,0.000488
2173,Normal,1,0.001933,RMS Threshold,0,0,1
2174,Noise,0.995909,0.048083,AST Model,0.003499,0.995909,0.000592
2175,Noise,0.997913,0.013213,AST Model,0.001904,0.997913,0.000182
2176,Noise,0.995643,0.011741,AST Model,0.004124,0.995643,0.000233
2177,Noise,0.998853,0.054764,AST Model,0.000728,0.998853,0.000419
2178,Normal,1,0.006178,RMS Threshold,0,0,1
2179,Noise,0.996951,0.029687,AST Model,0.002915,0.996951,0.000134
2180,Baby_Cry,0.719694,0.010966,AST Model,0.719694,0.278551,0.001756
2181,Baby_Cry,0.967063,0.023194,AST Model,0.967063,0.031342,0.001595
2182,Normal,1,0.007317,RMS Threshold,0,0,1
2183,Noise,0.996503,0.030296,AST Model,0.003209,0.996503,0.000288
2184,Normal,1,0.006933,RMS Threshold,0,0,1
2185,Normal,1,0.006688,RMS Threshold,0,0,1
2186,Normal,1,0.008069,RMS Threshold,0,0,1
2187,Normal,1,0.006828,RMS Threshold,0,0,1
2188,Normal,1,0.007844,RMS Threshold,0,0,1
2189,Normal,1,0.00773,RMS Threshold,0,0,1
2190,Normal,1,0.007614,RMS Threshold,0,0,1
2191,Normal,1,0.007388,RMS Threshold,0,0,1
2192,Normal,1,0.007038,RMS Threshold,0,0,1
2193,Normal,1,0.006504,RMS Threshold,0,0,1
2194,Baby_Cry,0.584254,0.012277,AST Model,0.584254,0.414334,0.001412
2195,Normal,1,0.008152,RMS Threshold,0,0,1
2196,Normal,1,0.007649,RMS Threshold,0,0,1
2197,Normal,1,0.008191,RMS Threshold,0,0,1
2198,Normal,1,0.006506,RMS Threshold,0,0,1
2199,Normal,1,0.006788,RMS Threshold,0,0,1
2200,Normal,1,0.00864,RMS Threshold,0,0,1
2201,Normal,1,0.008164,RMS Threshold,0,0,1
2202,Normal,1,0.008861,RMS Threshold,0,0,1
2203,Normal,1,0.008719,RMS Threshold,0,0,1
2204,Noise,0.637707,0.073501,AST Model,0.356459,0.637707,0.005835
2205,Noise,0.95353,0.080281,AST Model,0.044847,0.95353,0.001623
2206,Normal,1,0.006814,RMS Threshold,0,0,1
2207,Normal,1,0.001892,RMS Threshold,0,0,1
2208,Normal,1,0.006868,RMS Threshold,0,0,1
2209,Normal,1,0.006861,RMS Threshold,0,0,1
2210,Normal,1,0.006905,RMS Threshold,0,0,1
2211,Normal,1,0.00708,RMS Threshold,0,0,1
2212,Baby_Cry,0.847249,0.012408,AST Model,0.847249,0.151001,0.00175
2213,Normal,1,0.007138,RMS Threshold,0,0,1
2214,Normal,1,0.006676,RMS Threshold,0,0,1
2215,Normal,1,0.006778,RMS Threshold,0,0,1
2216,Baby_Cry,0.976513,0.014789,AST Model,0.976513,0.022807,0.00068
2217,Normal,1,0.007095,RMS Threshold,0,0,1
2218,Normal,1,0.007218,RMS Threshold,0,0,1
2219,Normal,1,0.006768,RMS Threshold,0,0,1
2220,Normal,1,0.007356,RMS Threshold,0,0,1
2221,Noise,0.850311,0.082868,AST Model,0.142642,0.850311,0.007047
2222,Noise,0.957856,0.034492,AST Model,0.041593,0.957856,0.000551
2223,Normal,1,0.006939,RMS Threshold,0,0,1
2224,Normal,1,0.008376,RMS Threshold,0,0,1
2225,Normal,1,0.007729,RMS Threshold,0,0,1
2226,Noise,0.541196,0.090425,AST Model,0.45784,0.541196,0.000964
2227,Baby_Cry,0.70449,0.120493,AST Model,0.70449,0.292778,0.002732
2228,Normal,1,0.007914,RMS Threshold,0,0,1
2229,Baby_Cry,0.941815,0.025449,AST Model,0.941815,0.0567,0.001485
2230,Noise,0.999017,0.010804,AST Model,6.50E-05,0.999017,0.000918
2231,Baby_Cry,0.814764,0.025542,AST Model,0.814764,0.184211,0.001025
2232,Noise,0.950448,0.044854,AST Model,0.044446,0.950448,0.005106
2233,Normal,1,0.006231,RMS Threshold,0,0,1
2234,Baby_Cry,0.740914,0.081502,AST Model,0.740914,0.257607,0.001479
2235,Normal,1,0.007337,RMS Threshold,0,0,1
2236,Baby_Cry,0.998013,0.061616,AST Model,0.998013,0.001856,0.00013
2237,Normal,1,0.006331,RMS Threshold,0,0,1
2238,Noise,0.666161,0.049521,AST Model,0.331825,0.666161,0.002014
2239,Noise,0.996887,0.009563,AST Model,0.00149,0.996887,0.001624
2240,Noise,0.536129,0.009203,AST Model,0.461226,0.536129,0.002645
2241,Normal,1,0.007849,RMS Threshold,0,0,1
2242,Baby_Cry,0.905206,0.031982,AST Model,0.905206,0.09323,0.001564
2243,Normal,1,0.008497,RMS Threshold,0,0,1
2244,Normal,1,0.00716,RMS Threshold,0,0,1
2245,Noise,0.582033,0.124874,AST Model,0.415527,0.582033,0.00244
2246,Noise,0.959729,0.034133,AST Model,0.038251,0.959729,0.00202
2247,Noise,0.74052,0.069177,AST Model,0.258635,0.74052,0.000845
2248,Noise,0.912185,0.063963,AST Model,0.086611,0.912185,0.001204
2249,Normal,1,0.008905,RMS Threshold,0,0,1
2250,Noise,0.999246,0.009935,AST Model,0.00024,0.999246,0.000514
2251,Normal,1,0.002099,RMS Threshold,0,0,1
2252,Normal,1,0.007185,RMS Threshold,0,0,1
2253,Normal,1,0.007185,RMS Threshold,0,0,1
2254,Normal,1,0.006883,RMS Threshold,0,0,1
2255,Normal,1,0.007047,RMS Threshold,0,0,1
2256,Normal,1,0.007805,RMS Threshold,0,0,1
2257,Normal,1,0.008054,RMS Threshold,0,0,1
2258,Normal,1,0.007723,RMS Threshold,0,0,1
2259,Normal,1,0.007339,RMS Threshold,0,0,1
2260,Noise,0.998366,0.072903,AST Model,0.000515,0.998366,0.001119
2261,Noise,0.615875,0.077872,AST Model,0.382474,0.615875,0.001651
2262,Normal,1,0.007899,RMS Threshold,0,0,1
2263,Noise,0.995977,0.012938,AST Model,0.003853,0.995977,0.00017
2264,Noise,0.932987,0.04298,AST Model,0.065615,0.932987,0.001398
2265,Noise,0.97506,0.042239,AST Model,0.024615,0.97506,0.000325
2266,Normal,1,0.006101,RMS Threshold,0,0,1
2267,Normal,1,0.008317,RMS Threshold,0,0,1
2268,Normal,1,0.00767,RMS Threshold,0,0,1
2269,Normal,1,0.007912,RMS Threshold,0,0,1
2270,Normal,1,0.007285,RMS Threshold,0,0,1
2271,Baby_Cry,0.850079,0.038108,AST Model,0.850079,0.148942,0.000979
2272,Normal,1,0.008742,RMS Threshold,0,0,1
2273,Noise,0.955107,0.009289,AST Model,0.000338,0.955107,0.044555
2274,Noise,0.998489,0.03553,AST Model,0.001092,0.998489,0.000419
2275,Baby_Cry,0.969528,0.020814,AST Model,0.969528,0.029263,0.001209
2276,Normal,1,0.006905,RMS Threshold,0,0,1
2277,Normal,1,0.006474,RMS Threshold,0,0,1
2278,Noise,0.988784,0.020944,AST Model,0.010269,0.988784,0.000947
2279,Normal,1,0.001776,RMS Threshold,0,0,1
2280,Normal,1,0.007031,RMS Threshold,0,0,1
2281,Normal,1,0.008307,RMS Threshold,0,0,1
2282,Normal,1,0.006889,RMS Threshold,0,0,1
2283,Noise,0.996497,0.05439,AST Model,0.003392,0.996497,0.000111
2284,Normal,1,0.00706,RMS Threshold,0,0,1
2285,Normal,1,0.008086,RMS Threshold,0,0,1
2286,Normal,1,0.00703,RMS Threshold,0,0,1
2287,Normal,1,0.007913,RMS Threshold,0,0,1
2288,Baby_Cry,0.855136,0.06524,AST Model,0.855136,0.138693,0.006171
2289,Noise,0.990634,0.0791,AST Model,0.008739,0.990634,0.000627
2290,Noise,0.998482,0.014988,AST Model,0.001243,0.998482,0.000275
2291,Noise,0.999497,0.013042,AST Model,0.000416,0.999497,8.70E-05
2292,Noise,0.764528,0.060531,AST Model,0.229971,0.764528,0.005501
2293,Normal,1,0.005663,RMS Threshold,0,0,1
2294,Baby_Cry,0.990934,0.027465,AST Model,0.990934,0.008635,0.000432
2295,Noise,0.996076,0.025353,AST Model,0.003733,0.996076,0.000191
2296,Noise,0.99856,0.025375,AST Model,0.001138,0.99856,0.000302
2297,Noise,0.952669,0.062648,AST Model,0.046583,0.952669,0.000747
2298,Normal,1,0.007806,RMS Threshold,0,0,1
2299,Baby_Cry,0.643466,0.032805,AST Model,0.643466,0.355129,0.001405
2300,Noise,0.9988,0.019815,AST Model,0.000815,0.9988,0.000385
2301,Normal,1,0.008889,RMS Threshold,0,0,1
2302,Normal,1,0.008395,RMS Threshold,0,0,1
2303,Normal,1,0.008968,RMS Threshold,0,0,1
2304,Normal,1,0.007179,RMS Threshold,0,0,1
2305,Noise,0.999241,0.009589,AST Model,0.000109,0.999241,0.000651
2306,Noise,0.986249,0.09279,AST Model,0.012743,0.986249,0.001008
2307,Noise,0.998538,0.016016,AST Model,0.001314,0.998538,0.000149
2308,Noise,0.798208,0.049289,AST Model,0.198493,0.798208,0.003299
2309,Noise,0.909724,0.06552,AST Model,0.088961,0.909724,0.001316
2310,Normal,1,0.007159,RMS Threshold,0,0,1
2311,Normal,1,0.008214,RMS Threshold,0,0,1
2312,Normal,1,0.008119,RMS Threshold,0,0,1
2313,Noise,0.998071,0.013073,AST Model,0.001591,0.998071,0.000338
2314,Normal,1,0.006246,RMS Threshold,0,0,1
2315,Noise,0.999078,0.04203,AST Model,0.000602,0.999078,0.000321
2316,Noise,0.994822,0.023637,AST Model,0.004137,0.994822,0.001041
2317,Noise,0.99855,0.015086,AST Model,0.000921,0.99855,0.000529
2318,Noise,0.998942,0.013255,AST Model,0.000935,0.998942,0.000124
2319,Noise,0.998486,0.010112,AST Model,0.0008,0.998486,0.000715
2320,Normal,1,0.007526,RMS Threshold,0,0,1
2321,Normal,1,0.007191,RMS Threshold,0,0,1
2322,Noise,0.998504,0.02436,AST Model,0.001161,0.998504,0.000335
2323,Normal,1,0.007327,RMS Threshold,0,0,1
2324,Normal,1,0.002092,RMS Threshold,0,0,1
2325,Noise,0.998595,0.015881,AST Model,0.001063,0.998595,0.000342
2326,Normal,1,0.003108,RMS Threshold,0,0,1
2327,Noise,0.99924,0.010274,AST Model,0.00012,0.99924,0.000639
2328,Normal,1,0.002245,RMS Threshold,0,0,1
2329,Noise,0.999366,0.021071,AST Model,0.000421,0.999366,0.000213
2330,Normal,1,0.008319,RMS Threshold,0,0,1
2331,Normal,1,0.00855,RMS Threshold,0,0,1
2332,Normal,1,0.008481,RMS Threshold,0,0,1
2333,Normal,1,0.00748,RMS Threshold,0,0,1
2334,Normal,1,0.007594,RMS Threshold,0,0,1
2335,Normal,1,0.008205,RMS Threshold,0,0,1
2336,Normal,1,0.008428,RMS Threshold,0,0,1
2337,Normal,1,0.008151,RMS Threshold,0,0,1
2338,Normal,1,0.007844,RMS Threshold,0,0,1
2339,Normal,1,0.007336,RMS Threshold,0,0,1
2340,Normal,1,0.007657,RMS Threshold,0,0,1
2341,Normal,1,0.008451,RMS Threshold,0,0,1
2342,Normal,1,0.006099,RMS Threshold,0,0,1
2343,Normal,1,0.008307,RMS Threshold,0,0,1
2344,Normal,1,0.008252,RMS Threshold,0,0,1
2345,Normal,1,0.00679,RMS Threshold,0,0,1
2346,Normal,1,0.007072,RMS Threshold,0,0,1
2347,Normal,1,0.007629,RMS Threshold,0,0,1
2348,Normal,1,0.007167,RMS Threshold,0,0,1
2349,Normal,1,0.008238,RMS Threshold,0,0,1
2350,Normal,1,0.007995,RMS Threshold,0,0,1
2351,Normal,1,0.008013,RMS Threshold,0,0,1
2352,Normal,1,0.006936,RMS Threshold,0,0,1
2353,Normal,1,0.007471,RMS Threshold,0,0,1
2354,Normal,1,0.007418,RMS Threshold,0,0,1
2355,Normal,1,0.00715,RMS Threshold,0,0,1
2356,Normal,1,0.007736,RMS Threshold,0,0,1
2357,Normal,1,0.007559,RMS Threshold,0,0,1
2358,Normal,1,0.008236,RMS Threshold,0,0,1
2359,Normal,1,0.008104,RMS Threshold,0,0,1
2360,Normal,1,0.007697,RMS Threshold,0,0,1
2361,Normal,1,0.007193,RMS Threshold,0,0,1
2362,Normal,1,0.007656,RMS Threshold,0,0,1
2363,Normal,1,0.007018,RMS Threshold,0,0,1
2364,Normal,1,0.008232,RMS Threshold,0,0,1
2365,Normal,1,0.006815,RMS Threshold,0,0,1
2366,Normal,1,0.007089,RMS Threshold,0,0,1
2367,Normal,1,0.007709,RMS Threshold,0,0,1
2368,Normal,1,0.007,RMS Threshold,0,0,1
2369,Normal,1,0.007022,RMS Threshold,0,0,1
2370,Normal,1,0.006904,RMS Threshold,0,0,1
2371,Normal,1,0.007198,RMS Threshold,0,0,1
2372,Normal,1,0.007103,RMS Threshold,0,0,1
2373,Normal,1,0.007853,RMS Threshold,0,0,1
2374,Normal,1,0.00778,RMS Threshold,0,0,1
2375,Normal,1,0.005813,RMS Threshold,0,0,1
2376,Normal,1,0.007672,RMS Threshold,0,0,1
2377,Normal,1,0.007519,RMS Threshold,0,0,1
2378,Normal,1,0.007571,RMS Threshold,0,0,1
2379,Normal,1,0.007295,RMS Threshold,0,0,1
2380,Normal,1,0.007506,RMS Threshold,0,0,1
2381,Normal,1,0.007078,RMS Threshold,0,0,1
2382,Normal,1,0.007982,RMS Threshold,0,0,1
2383,Normal,1,0.006998,RMS Threshold,0,0,1
2384,Normal,1,0.0068,RMS Threshold,0,0,1
2385,Normal,1,0.00682,RMS Threshold,0,0,1
2386,Normal,1,0.007193,RMS Threshold,0,0,1
2387,Normal,1,0.007305,RMS Threshold,0,0,1
2388,Normal,1,0.007744,RMS Threshold,0,0,1
2389,Normal,1,0.007154,RMS Threshold,0,0,1
2390,Normal,1,0.005392,RMS Threshold,0,0,1
2391,Normal,1,0.008486,RMS Threshold,0,0,1
2392,Normal,1,0.008227,RMS Threshold,0,0,1
2393,Normal,1,0.00877,RMS Threshold,0,0,1
2394,Normal,1,0.008596,RMS Threshold,0,0,1
2395,Normal,1,0.006609,RMS Threshold,0,0,1
2396,Normal,1,0.007823,RMS Threshold,0,0,1
2397,Normal,1,0.007193,RMS Threshold,0,0,1
2398,Normal,1,0.00631,RMS Threshold,0,0,1
2399,Normal,1,0.007358,RMS Threshold,0,0,1
2400,Normal,1,0.007267,RMS Threshold,0,0,1
2401,Normal,1,0.007377,RMS Threshold,0,0,1
2402,Normal,1,0.007187,RMS Threshold,0,0,1
2403,Normal,1,0.007682,RMS Threshold,0,0,1
2404,Normal,1,0.007858,RMS Threshold,0,0,1
2405,Normal,1,0.006745,RMS Threshold,0,0,1
2406,Normal,1,0.007462,RMS Threshold,0,0,1
2407,Normal,1,0.006499,RMS Threshold,0,0,1
2408,Normal,1,0.005485,RMS Threshold,0,0,1
2409,Normal,1,0.001957,RMS Threshold,0,0,1
2410,Normal,1,0.007255,RMS Threshold,0,0,1
2411,Normal,1,0.007316,RMS Threshold,0,0,1
2412,Normal,1,0.007474,RMS Threshold,0,0,1
2413,Normal,1,0.00849,RMS Threshold,0,0,1
2414,Noise,0.995668,0.012343,AST Model,8.50E-05,0.995668,0.004247
2415,Normal,1,0.007882,RMS Threshold,0,0,1
2416,Normal,1,0.00746,RMS Threshold,0,0,1
2417,Normal,1,0.007528,RMS Threshold,0,0,1
2418,Normal,1,0.007607,RMS Threshold,0,0,1
2419,Normal,1,0.006196,RMS Threshold,0,0,1
2420,Normal,1,0.006843,RMS Threshold,0,0,1
2421,Normal,1,0.007614,RMS Threshold,0,0,1
2422,Normal,1,0.007556,RMS Threshold,0,0,1
2423,Noise,0.999787,0.029033,AST Model,9.90E-05,0.999787,0.000114
2424,Noise,0.998367,0.009478,AST Model,0.000961,0.998367,0.000671
2425,Normal,1,0.0081,RMS Threshold,0,0,1
2426,Normal,1,0.008139,RMS Threshold,0,0,1
2427,Noise,0.998181,0.011559,AST Model,0.001599,0.998181,0.00022
2428,Normal,1,0.008028,RMS Threshold,0,0,1
2429,Noise,0.727164,0.023131,AST Model,0.270826,0.727164,0.00201
2430,Noise,0.993969,0.010084,AST Model,0.005498,0.993969,0.000533
2431,Noise,0.993025,0.012177,AST Model,0.006669,0.993025,0.000306
2432,Normal,1,0.008464,RMS Threshold,0,0,1
2433,Noise,0.974111,0.082315,AST Model,0.024557,0.974111,0.001332
2434,Noise,0.999431,0.026995,AST Model,0.000439,0.999431,0.00013
2435,Normal,1,0.007727,RMS Threshold,0,0,1
2436,Normal,1,0.008032,RMS Threshold,0,0,1
2437,Normal,1,0.00806,RMS Threshold,0,0,1
2438,Noise,0.999426,0.017639,AST Model,0.000397,0.999426,0.000177
2439,Noise,0.995971,0.013603,AST Model,0.003598,0.995971,0.000431
2440,Normal,1,0.008337,RMS Threshold,0,0,1
2441,Noise,0.998034,0.015792,AST Model,0.001792,0.998034,0.000174
2442,Noise,0.998955,0.029222,AST Model,0.000991,0.998955,5.40E-05
2443,Normal,1,0.007284,RMS Threshold,0,0,1
2444,Normal,1,0.008837,RMS Threshold,0,0,1
2445,Normal,1,0.003492,RMS Threshold,0,0,1
2446,Noise,0.967854,0.055382,AST Model,0.030937,0.967854,0.00121
2447,Normal,1,0.003584,RMS Threshold,0,0,1
2448,Normal,1,0.008112,RMS Threshold,0,0,1
2449,Normal,1,0.007928,RMS Threshold,0,0,1
2450,Noise,0.999125,0.040116,AST Model,0.000536,0.999125,0.000339
2451,Noise,0.999431,0.011095,AST Model,0.000247,0.999431,0.000322
2452,Noise,0.827036,0.038969,AST Model,0.170941,0.827036,0.002022
2453,Normal,1,0.007261,RMS Threshold,0,0,1
2454,Noise,0.999372,0.019509,AST Model,0.000207,0.999372,0.000421
2455,Normal,1,0.008457,RMS Threshold,0,0,1
2456,Normal,1,0.008024,RMS Threshold,0,0,1
2457,Normal,1,0.003222,RMS Threshold,0,0,1
2458,Normal,1,0.008837,RMS Threshold,0,0,1
2459,Normal,1,0.007217,RMS Threshold,0,0,1
2460,Normal,1,0.008413,RMS Threshold,0,0,1
2461,Normal,1,0.005855,RMS Threshold,0,0,1
2462,Noise,0.998188,0.011589,AST Model,0.001685,0.998188,0.000127
2463,Normal,1,0.008475,RMS Threshold,0,0,1
2464,Noise,0.917661,0.020267,AST Model,0.080939,0.917661,0.001401
2465,Noise,0.998835,0.010995,AST Model,0.000789,0.998835,0.000376
2466,Noise,0.924047,0.075063,AST Model,0.074808,0.924047,0.001145
2467,Noise,0.689709,0.019445,AST Model,0.308382,0.689709,0.001909
2468,Normal,1,0.006794,RMS Threshold,0,0,1
2469,Normal,1,0.007982,RMS Threshold,0,0,1
2470,Noise,0.942405,0.049024,AST Model,0.052536,0.942405,0.005059
2471,Noise,0.997418,0.023411,AST Model,0.002275,0.997418,0.000307
2472,Noise,0.85494,0.038793,AST Model,0.142743,0.85494,0.002317
2473,Normal,1,0.004805,RMS Threshold,0,0,1
2474,Baby_Cry,0.955344,0.026262,AST Model,0.955344,0.043744,0.000912
2475,Noise,0.998883,0.015906,AST Model,0.000976,0.998883,0.000141
2476,Noise,0.997516,0.011665,AST Model,0.001999,0.997516,0.000485
2477,Noise,0.517941,0.079344,AST Model,0.480879,0.517941,0.00118
2478,Noise,0.999164,0.013272,AST Model,0.000725,0.999164,0.000111
2479,Normal,1,0.007618,RMS Threshold,0,0,1
2480,Normal,1,0.008008,RMS Threshold,0,0,1
2481,Normal,1,0.00701,RMS Threshold,0,0,1
2482,Normal,1,0.007158,RMS Threshold,0,0,1
2483,Normal,1,0.00671,RMS Threshold,0,0,1
2484,Normal,1,0.007131,RMS Threshold,0,0,1
2485,Normal,1,0.006827,RMS Threshold,0,0,1
2486,Normal,1,0.007164,RMS Threshold,0,0,1
2487,Normal,1,0.006822,RMS Threshold,0,0,1
2488,Normal,1,0.007537,RMS Threshold,0,0,1
2489,Normal,1,0.007653,RMS Threshold,0,0,1
2490,Normal,1,0.00812,RMS Threshold,0,0,1
2491,Normal,1,0.007842,RMS Threshold,0,0,1
2492,Normal,1,0.008061,RMS Threshold,0,0,1
2493,Normal,1,0.007841,RMS Threshold,0,0,1
2494,Normal,1,0.006637,RMS Threshold,0,0,1
2495,Normal,1,0.007791,RMS Threshold,0,0,1
2496,Normal,1,0.007978,RMS Threshold,0,0,1
2497,Normal,1,0.007091,RMS Threshold,0,0,1
2498,Normal,1,0.006845,RMS Threshold,0,0,1
2499,Normal,1,0.006762,RMS Threshold,0,0,1
2500,Normal,1,0.006358,RMS Threshold,0,0,1
2501,Normal,1,0.006321,RMS Threshold,0,0,1
2502,Normal,1,0.007015,RMS Threshold,0,0,1
2503,Noise,0.997174,0.009574,AST Model,0.000231,0.997174,0.002595
2504,Normal,1,0.008267,RMS Threshold,0,0,1
2505,Normal,1,0.008209,RMS Threshold,0,0,1
2506,Normal,1,0.006493,RMS Threshold,0,0,1
2507,Normal,1,0.007088,RMS Threshold,0,0,1
2508,Normal,1,0.006917,RMS Threshold,0,0,1
2509,Noise,0.926428,0.034878,AST Model,0.071571,0.926428,0.002001
2510,Noise,0.989637,0.038589,AST Model,0.00894,0.989637,0.001423
2511,Noise,0.986644,0.037071,AST Model,0.01198,0.986644,0.001376
2512,Normal,1,0.00702,RMS Threshold,0,0,1
2513,Noise,0.99855,0.017756,AST Model,0.001348,0.99855,0.000102
2514,Noise,0.996797,0.009231,AST Model,0.001191,0.996797,0.002013
2515,Noise,0.998729,0.010844,AST Model,0.001099,0.998729,0.000172
2516,Normal,1,0.006319,RMS Threshold,0,0,1
2517,Noise,0.999523,0.010813,AST Model,0.000377,0.999523,0.0001
2518,Noise,0.97864,0.010347,AST Model,0.000147,0.97864,0.021213
2519,Noise,0.937689,0.024937,AST Model,0.061496,0.937689,0.000815
2520,Normal,1,0.00683,RMS Threshold,0,0,1
2521,Noise,0.828257,0.040955,AST Model,0.170547,0.828257,0.001196
2522,Normal,1,0.008053,RMS Threshold,0,0,1
2523,Baby_Cry,0.654064,0.055569,AST Model,0.654064,0.343051,0.002886
2524,Noise,0.984826,0.045819,AST Model,0.014706,0.984826,0.000468
2525,Noise,0.954753,0.062211,AST Model,0.043874,0.954753,0.001373
2526,Baby_Cry,0.911735,0.103347,AST Model,0.911735,0.087551,0.000714
2527,Noise,0.828406,0.069171,AST Model,0.170523,0.828406,0.00107
2528,Noise,0.989321,0.041711,AST Model,0.010027,0.989321,0.000652
2529,Noise,0.999037,0.028233,AST Model,0.000823,0.999037,0.00014
2530,Noise,0.742508,0.035164,AST Model,0.257005,0.742508,0.000487
2531,Normal,1,0.002181,RMS Threshold,0,0,1
2532,Noise,0.997694,0.02248,AST Model,0.002016,0.997694,0.00029
2533,Noise,0.997711,0.039661,AST Model,0.001754,0.997711,0.000535
2534,Normal,1,0.007639,RMS Threshold,0,0,1
2535,Noise,0.923883,0.066439,AST Model,0.075756,0.923883,0.000361
2536,Noise,0.999479,0.024016,AST Model,0.000339,0.999479,0.000182
2537,Normal,1,0.006716,RMS Threshold,0,0,1
2538,Noise,0.999702,0.010655,AST Model,0.000242,0.999702,5.60E-05
2539,Baby_Cry,0.662809,0.075474,AST Model,0.662809,0.336293,0.000899
2540,Noise,0.928564,0.027833,AST Model,0.070614,0.928564,0.000822
2541,Noise,0.992436,0.024683,AST Model,0.006686,0.992436,0.000878
2542,Noise,0.838089,0.029793,AST Model,0.157647,0.838089,0.004264
2543,Noise,0.998178,0.022444,AST Model,0.001617,0.998178,0.000205
2544,Normal,1,0.002218,RMS Threshold,0,0,1
2545,Noise,0.999268,0.016089,AST Model,0.000433,0.999268,0.000299
2546,Noise,0.998326,0.025756,AST Model,0.001398,0.998326,0.000275
2547,Normal,1,0.004184,RMS Threshold,0,0,1
2548,Normal,1,0.006714,RMS Threshold,0,0,1
2549,Noise,0.999246,0.010755,AST Model,0.00057,0.999246,0.000183
2550,Noise,0.996602,0.019967,AST Model,0.00329,0.996602,0.000108
2551,Normal,1,0.008757,RMS Threshold,0,0,1
2552,Noise,0.994212,0.016687,AST Model,0.005347,0.994212,0.000442
2553,Normal,1,0.007147,RMS Threshold,0,0,1
2554,Normal,1,0.005457,RMS Threshold,0,0,1
2555,Normal,1,0.00631,RMS Threshold,0,0,1
2556,Normal,1,0.008828,RMS Threshold,0,0,1
2557,Normal,1,0.008234,RMS Threshold,0,0,1
2558,Normal,1,0.007346,RMS Threshold,0,0,1
2559,Normal,1,0.007888,RMS Threshold,0,0,1
2560,Normal,1,0.005217,RMS Threshold,0,0,1
2561,Normal,1,0.007739,RMS Threshold,0,0,1
2562,Normal,1,0.008548,RMS Threshold,0,0,1
2563,Normal,1,0.007709,RMS Threshold,0,0,1
2564,Normal,1,0.008259,RMS Threshold,0,0,1
2565,Normal,1,0.007478,RMS Threshold,0,0,1
2566,Normal,1,0.007182,RMS Threshold,0,0,1
2567,Normal,1,0.007645,RMS Threshold,0,0,1
2568,Noise,0.995343,0.011212,AST Model,0.000142,0.995343,0.004516
2569,Normal,1,0.008474,RMS Threshold,0,0,1
2570,Normal,1,0.008397,RMS Threshold,0,0,1
2571,Normal,1,0.00826,RMS Threshold,0,0,1
2572,Normal,1,0.006616,RMS Threshold,0,0,1
2573,Normal,1,0.007248,RMS Threshold,0,0,1
2574,Normal,1,0.007434,RMS Threshold,0,0,1
2575,Normal,1,0.007492,RMS Threshold,0,0,1
2576,Normal,1,0.006928,RMS Threshold,0,0,1
2577,Normal,1,0.007651,RMS Threshold,0,0,1
2578,Normal,1,0.008103,RMS Threshold,0,0,1
2579,Normal,1,0.008833,RMS Threshold,0,0,1
2580,Normal,1,0.008182,RMS Threshold,0,0,1
2581,Normal,1,0.007387,RMS Threshold,0,0,1
2582,Normal,1,0.007821,RMS Threshold,0,0,1
2583,Normal,1,0.006757,RMS Threshold,0,0,1
2584,Normal,1,0.008291,RMS Threshold,0,0,1
2585,Normal,1,0.006983,RMS Threshold,0,0,1
2586,Noise,0.99977,0.018201,AST Model,8.10E-05,0.99977,0.000149
2587,Normal,1,0.004284,RMS Threshold,0,0,1
2588,Normal,1,0.008451,RMS Threshold,0,0,1
2589,Normal,1,0.008668,RMS Threshold,0,0,1
2590,Normal,1,0.005101,RMS Threshold,0,0,1
2591,Normal,1,0.007595,RMS Threshold,0,0,1
2592,Normal,1,0.005166,RMS Threshold,0,0,1
2593,Normal,1,0.005011,RMS Threshold,0,0,1
2594,Normal,1,0.0079,RMS Threshold,0,0,1
2595,Normal,1,0.007065,RMS Threshold,0,0,1
2596,Normal,1,0.007498,RMS Threshold,0,0,1
2597,Normal,1,0.008363,RMS Threshold,0,0,1
2598,Normal,1,0.007064,RMS Threshold,0,0,1
2599,Normal,1,0.007803,RMS Threshold,0,0,1
2600,Noise,0.999268,0.009391,AST Model,0.000575,0.999268,0.000157
2601,Normal,1,0.008342,RMS Threshold,0,0,1
2602,Noise,0.9994,0.009386,AST Model,0.000366,0.9994,0.000234
2603,Normal,1,0.008993,RMS Threshold,0,0,1
2604,Noise,0.997803,0.015009,AST Model,0.002009,0.997803,0.000188
2605,Normal,1,0.008771,RMS Threshold,0,0,1
2606,Normal,1,0.008143,RMS Threshold,0,0,1
2607,Normal,1,0.008848,RMS Threshold,0,0,1
2608,Normal,1,0.008717,RMS Threshold,0,0,1
2609,Noise,0.996318,0.009051,AST Model,0.00016,0.996318,0.003522
2610,Normal,1,0.007512,RMS Threshold,0,0,1
2611,Noise,0.999597,0.009271,AST Model,0.000288,0.999597,0.000116
2612,Noise,0.999551,0.009854,AST Model,0.000246,0.999551,0.000202
2613,Normal,1,0.00809,RMS Threshold,0,0,1
2614,Normal,1,0.007691,RMS Threshold,0,0,1
2615,Normal,1,0.004824,RMS Threshold,0,0,1
2616,Normal,1,0.008216,RMS Threshold,0,0,1
2617,Normal,1,0.007707,RMS Threshold,0,0,1
2618,Normal,1,0.007883,RMS Threshold,0,0,1
2619,Normal,1,0.007841,RMS Threshold,0,0,1
2620,Normal,1,0.007551,RMS Threshold,0,0,1
2621,Normal,1,0.007775,RMS Threshold,0,0,1
2622,Normal,1,0.007974,RMS Threshold,0,0,1
2623,Normal,1,0.007203,RMS Threshold,0,0,1
2624,Normal,1,0.008247,RMS Threshold,0,0,1
2625,Normal,1,0.007596,RMS Threshold,0,0,1
2626,Normal,1,0.007653,RMS Threshold,0,0,1
2627,Noise,0.999353,0.009374,AST Model,0.0003,0.999353,0.000347
2628,Normal,1,0.008349,RMS Threshold,0,0,1
2629,Normal,1,0.005163,RMS Threshold,0,0,1
2630,Normal,1,0.007245,RMS Threshold,0,0,1
2631,Normal,1,0.008522,RMS Threshold,0,0,1
2632,Normal,1,0.007398,RMS Threshold,0,0,1
2633,Normal,1,0.007819,RMS Threshold,0,0,1
2634,Normal,1,0.007926,RMS Threshold,0,0,1
2635,Normal,1,0.008381,RMS Threshold,0,0,1
2636,Normal,1,0.007824,RMS Threshold,0,0,1
2637,Normal,1,0.007422,RMS Threshold,0,0,1
2638,Normal,1,0.008197,RMS Threshold,0,0,1
2639,Normal,1,0.007487,RMS Threshold,0,0,1
2640,Normal,1,0.008452,RMS Threshold,0,0,1
2641,Baby_Cry,0.837204,0.038722,AST Model,0.837204,0.162474,0.000322
2642,Noise,0.979501,0.01769,AST Model,0.020139,0.979501,0.00036
2643,Noise,0.90621,0.018232,AST Model,0.093565,0.90621,0.000225
2644,Noise,0.999797,0.014731,AST Model,0.000147,0.999797,5.60E-05
2645,Noise,0.99916,0.027888,AST Model,0.000748,0.99916,9.20E-05
2646,Normal,1,0.007348,RMS Threshold,0,0,1
2647,Noise,0.985948,0.028763,AST Model,0.013591,0.985948,0.000461
2648,Baby_Cry,0.999124,0.079731,AST Model,0.999124,0.00082,5.60E-05
2649,Baby_Cry,0.902767,0.01071,AST Model,0.902767,0.096844,0.00039
2650,Normal,1,0.007187,RMS Threshold,0,0,1
2651,Normal,1,0.007853,RMS Threshold,0,0,1
2652,Noise,0.996475,0.011927,AST Model,0.003378,0.996475,0.000147
2653,Normal,1,0.003014,RMS Threshold,0,0,1
2654,Normal,1,0.005058,RMS Threshold,0,0,1
2655,Baby_Cry,0.971038,0.014884,AST Model,0.971038,0.028656,0.000306
2656,Normal,1,0.007963,RMS Threshold,0,0,1
2657,Normal,1,0.007062,RMS Threshold,0,0,1
2658,Normal,1,0.007888,RMS Threshold,0,0,1
2659,Noise,0.999537,0.010477,AST Model,0.0003,0.999537,0.000163
2660,Noise,0.999812,0.015366,AST Model,0.000133,0.999812,5.60E-05
2661,Noise,0.960145,0.017777,AST Model,0.039138,0.960145,0.000717
2662,Normal,1,0.007717,RMS Threshold,0,0,1
2663,Normal,1,0.003054,RMS Threshold,0,0,1
2664,Noise,0.993522,0.009785,AST Model,0.00622,0.993522,0.000258
2665,Noise,0.994652,0.017985,AST Model,0.005091,0.994652,0.000258
2666,Baby_Cry,0.576403,0.012898,AST Model,0.576403,0.422701,0.000896
2667,Normal,1,0.006219,RMS Threshold,0,0,1
2668,Normal,1,0.008775,RMS Threshold,0,0,1
2669,Noise,0.988844,0.023796,AST Model,0.010966,0.988844,0.00019
2670,Normal,1,0.004891,RMS Threshold,0,0,1
2671,Noise,0.93392,0.009375,AST Model,0.065176,0.93392,0.000904
2672,Noise,0.999733,0.013274,AST Model,0.000185,0.999733,8.20E-05
2673,Normal,1,0.003445,RMS Threshold,0,0,1
2674,Noise,0.946135,0.011916,AST Model,0.053566,0.946135,0.000299
2675,Noise,0.999818,0.011702,AST Model,0.000105,0.999818,7.70E-05
2676,Normal,1,0.002555,RMS Threshold,0,0,1
2677,Noise,0.987493,0.020169,AST Model,0.012279,0.987493,0.000228
2678,Normal,1,0.004017,RMS Threshold,0,0,1
2679,Normal,1,0.002104,RMS Threshold,0,0,1
2680,Normal,1,0.00422,RMS Threshold,0,0,1
2681,Normal,1,0.002839,RMS Threshold,0,0,1
2682,Normal,1,0.002965,RMS Threshold,0,0,1
2683,Normal,1,0.002367,RMS Threshold,0,0,1
2684,Noise,0.997465,0.01123,AST Model,0.002458,0.997465,7.70E-05
2685,Normal,1,0.005451,RMS Threshold,0,0,1
2686,Normal,1,0.004471,RMS Threshold,0,0,1
2687,Normal,1,0.007325,RMS Threshold,0,0,1
2688,Normal,1,0.00644,RMS Threshold,0,0,1
2689,Normal,1,0.002378,RMS Threshold,0,0,1
2690,Normal,1,0.008089,RMS Threshold,0,0,1
2691,Normal,1,0.002357,RMS Threshold,0,0,1
2692,Baby_Cry,0.984781,0.011748,AST Model,0.984781,0.014954,0.000265
2693,Baby_Cry,0.848364,0.031406,AST Model,0.848364,0.151148,0.000488
2694,Baby_Cry,0.993226,0.015404,AST Model,0.993226,0.006519,0.000256
2695,Normal,1,0.007655,RMS Threshold,0,0,1
2696,Normal,1,0.00232,RMS Threshold,0,0,1
2697,Normal,1,0.003948,RMS Threshold,0,0,1
2698,Normal,1,0.002485,RMS Threshold,0,0,1
2699,Normal,1,0.002692,RMS Threshold,0,0,1
2700,Normal,1,0.006946,RMS Threshold,0,0,1
2701,Baby_Cry,0.987771,0.009582,AST Model,0.987771,0.012108,0.00012
2702,Baby_Cry,0.962243,0.015902,AST Model,0.962243,0.037537,0.000219
2703,Baby_Cry,0.936734,0.019599,AST Model,0.936734,0.062945,0.000321
2704,Normal,1,0.005996,RMS Threshold,0,0,1
2705,Baby_Cry,0.990838,0.037087,AST Model,0.990838,0.009026,0.000136
2706,Baby_Cry,0.997513,0.031304,AST Model,0.997513,0.002387,9.90E-05
2707,Baby_Cry,0.994467,0.017285,AST Model,0.994467,0.005448,8.50E-05
2708,Normal,1,0.006293,RMS Threshold,0,0,1
2709,Normal,1,0.002723,RMS Threshold,0,0,1
2710,Baby_Cry,0.577889,0.012689,AST Model,0.577889,0.421582,0.000529
2711,Normal,1,0.001848,RMS Threshold,0,0,1
2712,Normal,1,0.007363,RMS Threshold,0,0,1
2713,Normal,1,0.00216,RMS Threshold,0,0,1
2714,Normal,1,0.003999,RMS Threshold,0,0,1
2715,Baby_Cry,0.840935,0.011134,AST Model,0.840935,0.158612,0.000453
2716,Normal,1,0.003986,RMS Threshold,0,0,1
2717,Normal,1,0.004433,RMS Threshold,0,0,1
2718,Normal,1,0.004582,RMS Threshold,0,0,1
2719,Baby_Cry,0.97723,0.015917,AST Model,0.97723,0.022585,0.000184
2720,Normal,1,0.007668,RMS Threshold,0,0,1
2721,Normal,1,0.003212,RMS Threshold,0,0,1
2722,Normal,1,0.00488,RMS Threshold,0,0,1
2723,Normal,1,0.005107,RMS Threshold,0,0,1
2724,Normal,1,0.003633,RMS Threshold,0,0,1
2725,Normal,1,0.004767,RMS Threshold,0,0,1
2726,Normal,1,0.00303,RMS Threshold,0,0,1
2727,Normal,1,0.003415,RMS Threshold,0,0,1
2728,Normal,1,0.007397,RMS Threshold,0,0,1
2729,Baby_Cry,0.914357,0.039996,AST Model,0.914357,0.085258,0.000385
2730,Baby_Cry,0.898876,0.030385,AST Model,0.898876,0.100571,0.000552
2731,Normal,1,0.007842,RMS Threshold,0,0,1
2732,Normal,1,0.00359,RMS Threshold,0,0,1
2733,Baby_Cry,0.923732,0.030847,AST Model,0.923732,0.075981,0.000287
2734,Noise,0.709319,0.009661,AST Model,0.289166,0.709319,0.001514
2735,Noise,0.94176,0.011039,AST Model,0.057891,0.94176,0.000349
2736,Normal,1,0.004982,RMS Threshold,0,0,1
2737,Normal,1,0.003939,RMS Threshold,0,0,1
2738,Noise,0.990795,0.016101,AST Model,0.008959,0.990795,0.000246
2739,Normal,1,0.00408,RMS Threshold,0,0,1
2740,Normal,1,0.007446,RMS Threshold,0,0,1
2741,Noise,0.997701,0.009225,AST Model,0.000106,0.997701,0.002193
2742,Normal,1,0.007312,RMS Threshold,0,0,1
2743,Normal,1,0.006892,RMS Threshold,0,0,1
2744,Normal,1,0.008423,RMS Threshold,0,0,1
2745,Baby_Cry,0.692059,0.020187,AST Model,0.692059,0.307342,0.000599
2746,Normal,1,0.006664,RMS Threshold,0,0,1
2747,Baby_Cry,0.975992,0.031789,AST Model,0.975992,0.023808,0.000199
2748,Baby_Cry,0.986631,0.012889,AST Model,0.986631,0.01324,0.000129
2749,Baby_Cry,0.966128,0.020603,AST Model,0.966128,0.033764,0.000109
2750,Normal,1,0.006699,RMS Threshold,0,0,1
2751,Baby_Cry,0.975033,0.011808,AST Model,0.975033,0.024603,0.000364
2752,Normal,1,0.008017,RMS Threshold,0,0,1
2753,Baby_Cry,0.726952,0.018621,AST Model,0.726952,0.272751,0.000296
2754,Baby_Cry,0.984106,0.010103,AST Model,0.984106,0.015757,0.000137
2755,Normal,1,0.004231,RMS Threshold,0,0,1
2756,Baby_Cry,0.690523,0.014083,AST Model,0.690523,0.309087,0.00039
2757,Normal,1,0.008535,RMS Threshold,0,0,1
2758,Normal,1,0.005962,RMS Threshold,0,0,1
2759,Baby_Cry,0.997904,0.025558,AST Model,0.997904,0.001989,0.000107
2760,Baby_Cry,0.97898,0.014001,AST Model,0.97898,0.020741,0.000279
2761,Baby_Cry,0.991322,0.01316,AST Model,0.991322,0.008551,0.000127
2762,Baby_Cry,0.888683,0.009454,AST Model,0.888683,0.111093,0.000224
2763,Baby_Cry,0.956877,0.01302,AST Model,0.956877,0.042826,0.000296
2764,Baby_Cry,0.987747,0.023695,AST Model,0.987747,0.011946,0.000307
2765,Baby_Cry,0.831562,0.010437,AST Model,0.831562,0.167902,0.000536
2766,Noise,0.924632,0.020719,AST Model,0.07525,0.924632,0.000119
2767,Normal,1,0.004786,RMS Threshold,0,0,1
2768,Normal,1,0.005065,RMS Threshold,0,0,1
2769,Normal,1,0.003377,RMS Threshold,0,0,1
2770,Baby_Cry,0.889978,0.015853,AST Model,0.889978,0.109564,0.000458
2771,Normal,1,0.005644,RMS Threshold,0,0,1
2772,Normal,1,0.005568,RMS Threshold,0,0,1
2773,Baby_Cry,0.987268,0.010723,AST Model,0.987268,0.012517,0.000214
2774,Noise,0.997632,0.009968,AST Model,0.002318,0.997632,5.10E-05
2775,Normal,1,0.002506,RMS Threshold,0,0,1
2776,Baby_Cry,0.835066,0.01378,AST Model,0.835066,0.164368,0.000566
2777,Baby_Cry,0.995793,0.014235,AST Model,0.995793,0.004054,0.000153
2778,Baby_Cry,0.99531,0.021883,AST Model,0.99531,0.00456,0.00013
2779,Normal,1,0.008413,RMS Threshold,0,0,1
2780,Noise,0.995167,0.010769,AST Model,0.004775,0.995167,5.80E-05
2781,Baby_Cry,0.978353,0.026894,AST Model,0.978353,0.021351,0.000296
2782,Normal,1,0.008446,RMS Threshold,0,0,1
2783,Baby_Cry,0.992943,0.012876,AST Model,0.992943,0.006815,0.000242
2784,Baby_Cry,0.998388,0.039871,AST Model,0.998388,0.00156,5.20E-05
2785,Baby_Cry,0.800782,0.011241,AST Model,0.800782,0.198821,0.000397
2786,Baby_Cry,0.976773,0.027148,AST Model,0.976773,0.023076,0.000151
2787,Baby_Cry,0.639809,0.017735,AST Model,0.639809,0.35967,0.000521
2788,Baby_Cry,0.986187,0.024577,AST Model,0.986187,0.013721,9.20E-05
2789,Baby_Cry,0.970266,0.009936,AST Model,0.970266,0.029445,0.00029
2790,Normal,1,0.004962,RMS Threshold,0,0,1
2791,Baby_Cry,0.994598,0.017012,AST Model,0.994598,0.005059,0.000343
2792,Baby_Cry,0.922334,0.009393,AST Model,0.922334,0.076108,0.001558
2793,Baby_Cry,0.965455,0.011409,AST Model,0.965455,0.034262,0.000283
2794,Normal,1,0.00817,RMS Threshold,0,0,1
2795,Baby_Cry,0.992898,0.029744,AST Model,0.992898,0.006969,0.000133
2796,Normal,1,0.006729,RMS Threshold,0,0,1
2797,Baby_Cry,0.995431,0.012302,AST Model,0.995431,0.004472,9.80E-05
2798,Noise,0.923164,0.016704,AST Model,0.075455,0.923164,0.00138
2799,Baby_Cry,0.990195,0.053155,AST Model,0.990195,0.00966,0.000145
2800,Baby_Cry,0.880517,0.027275,AST Model,0.880517,0.119289,0.000194
2801,Noise,0.846706,0.009064,AST Model,0.15282,0.846706,0.000474
2802,Baby_Cry,0.999297,0.041344,AST Model,0.999297,0.000645,5.80E-05
2803,Baby_Cry,0.995533,0.03625,AST Model,0.995533,0.004393,7.40E-05
2804,Baby_Cry,0.994725,0.027051,AST Model,0.994725,0.005119,0.000156
2805,Baby_Cry,0.990639,0.040322,AST Model,0.990639,0.009264,9.80E-05
2806,Noise,0.656428,0.020833,AST Model,0.342839,0.656428,0.000733
2807,Normal,1,0.006201,RMS Threshold,0,0,1
2808,Baby_Cry,0.759794,0.017597,AST Model,0.759794,0.239865,0.000341
2809,Baby_Cry,0.848587,0.020262,AST Model,0.848587,0.150835,0.000578
2810,Baby_Cry,0.998018,0.028305,AST Model,0.998018,0.001895,8.80E-05
2811,Baby_Cry,0.946179,0.011495,AST Model,0.946179,0.053591,0.00023
2812,Normal,1,0.005125,RMS Threshold,0,0,1
2813,Baby_Cry,0.987722,0.017427,AST Model,0.987722,0.012166,0.000112
2814,Normal,1,0.005064,RMS Threshold,0,0,1
2815,Baby_Cry,0.995083,0.019514,AST Model,0.995083,0.00477,0.000147
2816,Baby_Cry,0.945857,0.010459,AST Model,0.945857,0.05395,0.000193
2817,Baby_Cry,0.994521,0.030523,AST Model,0.994521,0.00537,0.000109
2818,Baby_Cry,0.975186,0.009414,AST Model,0.975186,0.024679,0.000135
2819,Baby_Cry,0.980809,0.053811,AST Model,0.980809,0.019057,0.000134
2820,Normal,1,0.007083,RMS Threshold,0,0,1
2821,Noise,0.909725,0.010666,AST Model,0.089906,0.909725,0.000369
2822,Noise,0.502195,0.011975,AST Model,0.496868,0.502195,0.000936
2823,Normal,1,0.005401,RMS Threshold,0,0,1
2824,Normal,1,0.007901,RMS Threshold,0,0,1
2825,Normal,1,0.006578,RMS Threshold,0,0,1
2826,Baby_Cry,0.780166,0.014922,AST Model,0.780166,0.219575,0.000259
2827,Normal,1,0.003911,RMS Threshold,0,0,1
2828,Normal,1,0.008007,RMS Threshold,0,0,1
2829,Normal,1,0.003999,RMS Threshold,0,0,1
2830,Baby_Cry,0.995056,0.013163,AST Model,0.995056,0.004783,0.00016
2831,Normal,1,0.00762,RMS Threshold,0,0,1
2832,Normal,1,0.004242,RMS Threshold,0,0,1
2833,Normal,1,0.003477,RMS Threshold,0,0,1
2834,Baby_Cry,0.985965,0.010021,AST Model,0.985965,0.013793,0.000242
2835,Normal,1,0.003498,RMS Threshold,0,0,1
2836,Normal,1,0.005464,RMS Threshold,0,0,1
2837,Normal,1,0.007482,RMS Threshold,0,0,1
2838,Normal,1,0.0031,RMS Threshold,0,0,1
2839,Normal,1,0.005621,RMS Threshold,0,0,1
2840,Normal,1,0.004009,RMS Threshold,0,0,1
2841,Normal,1,0.007349,RMS Threshold,0,0,1
2842,Normal,1,0.006248,RMS Threshold,0,0,1
2843,Normal,1,0.005899,RMS Threshold,0,0,1
2844,Normal,1,0.003311,RMS Threshold,0,0,1
2845,Normal,1,0.004075,RMS Threshold,0,0,1
2846,Normal,1,0.005781,RMS Threshold,0,0,1
2847,Normal,1,0.003666,RMS Threshold,0,0,1
2848,Normal,1,0.004596,RMS Threshold,0,0,1
2849,Normal,1,0.004347,RMS Threshold,0,0,1
2850,Baby_Cry,0.996366,0.011677,AST Model,0.996366,0.00354,9.40E-05
2851,Normal,1,0.007103,RMS Threshold,0,0,1
2852,Baby_Cry,0.9644,0.011887,AST Model,0.9644,0.035212,0.000388
2853,Normal,1,0.004521,RMS Threshold,0,0,1
2854,Noise,0.998566,0.009265,AST Model,0.001397,0.998566,3.80E-05
2855,Normal,1,0.002613,RMS Threshold,0,0,1
2856,Baby_Cry,0.988891,0.018069,AST Model,0.988891,0.010917,0.000192
2857,Normal,1,0.005334,RMS Threshold,0,0,1
2858,Normal,1,0.002632,RMS Threshold,0,0,1
2859,Normal,1,0.005142,RMS Threshold,0,0,1
2860,Baby_Cry,0.979667,0.013944,AST Model,0.979667,0.020191,0.000142
2861,Normal,1,0.005792,RMS Threshold,0,0,1
2862,Baby_Cry,0.557278,0.016826,AST Model,0.557278,0.44242,0.000302
2863,Normal,1,0.006482,RMS Threshold,0,0,1
2864,Normal,1,0.008629,RMS Threshold,0,0,1
2865,Normal,1,0.007445,RMS Threshold,0,0,1
2866,Normal,1,0.006582,RMS Threshold,0,0,1
2867,Normal,1,0.007644,RMS Threshold,0,0,1
2868,Normal,1,0.003192,RMS Threshold,0,0,1
2869,Normal,1,0.003665,RMS Threshold,0,0,1
2870,Normal,1,0.008129,RMS Threshold,0,0,1
2871,Baby_Cry,0.988495,0.012284,AST Model,0.988495,0.011375,0.00013
2872,Noise,0.845156,0.010377,AST Model,0.153965,0.845156,0.000879
2873,Normal,1,0.00422,RMS Threshold,0,0,1
2874,Normal,1,0.003896,RMS Threshold,0,0,1
2875,Baby_Cry,0.97893,0.012012,AST Model,0.97893,0.020897,0.000173
2876,Normal,1,0.005608,RMS Threshold,0,0,1
2877,Normal,1,0.003812,RMS Threshold,0,0,1
2878,Normal,1,0.007775,RMS Threshold,0,0,1
2879,Normal,1,0.008716,RMS Threshold,0,0,1
2880,Normal,1,0.003145,RMS Threshold,0,0,1
2881,Normal,1,0.004295,RMS Threshold,0,0,1
2882,Normal,1,0.004601,RMS Threshold,0,0,1
2883,Normal,1,0.00602,RMS Threshold,0,0,1
2884,Noise,0.956501,0.018068,AST Model,0.042396,0.956501,0.001103
2885,Normal,1,0.0054,RMS Threshold,0,0,1
2886,Normal,1,0.006478,RMS Threshold,0,0,1
2887,Normal,1,0.005944,RMS Threshold,0,0,1
2888,Normal,1,0.008306,RMS Threshold,0,0,1
2889,Normal,1,0.006903,RMS Threshold,0,0,1
2890,Normal,1,0.006117,RMS Threshold,0,0,1
2891,Normal,1,0.007944,RMS Threshold,0,0,1
2892,Normal,1,0.00428,RMS Threshold,0,0,1
2893,Normal,1,0.003041,RMS Threshold,0,0,1
2894,Normal,1,0.003413,RMS Threshold,0,0,1
2895,Normal,1,0.00338,RMS Threshold,0,0,1
2896,Normal,1,0.004613,RMS Threshold,0,0,1
2897,Normal,1,0.003484,RMS Threshold,0,0,1
2898,Normal,1,0.007137,RMS Threshold,0,0,1
2899,Normal,1,0.007471,RMS Threshold,0,0,1
2900,Normal,1,0.004587,RMS Threshold,0,0,1
2901,Normal,1,0.006575,RMS Threshold,0,0,1
2902,Normal,1,0.003907,RMS Threshold,0,0,1
2903,Normal,1,0.00332,RMS Threshold,0,0,1
2904,Baby_Cry,0.604112,0.017882,AST Model,0.604112,0.395446,0.000443
2905,Baby_Cry,0.994144,0.03377,AST Model,0.994144,0.005714,0.000142
2906,Baby_Cry,0.987954,0.055475,AST Model,0.987954,0.011896,0.00015
2907,Baby_Cry,0.989045,0.048411,AST Model,0.989045,0.010779,0.000177
2908,Baby_Cry,0.996675,0.059534,AST Model,0.996675,0.003163,0.000161
2909,Noise,0.524038,0.02209,AST Model,0.475456,0.524038,0.000506
2910,Baby_Cry,0.980511,0.062546,AST Model,0.980511,0.019331,0.000157
2911,Baby_Cry,0.990309,0.019153,AST Model,0.990309,0.009562,0.000129
2912,Baby_Cry,0.983116,0.020446,AST Model,0.983116,0.016684,0.0002
2913,Baby_Cry,0.985865,0.017612,AST Model,0.985865,0.014012,0.000123
2914,Baby_Cry,0.987106,0.009788,AST Model,0.987106,0.012696,0.000198
2915,Normal,1,0.005488,RMS Threshold,0,0,1
2916,Normal,1,0.008239,RMS Threshold,0,0,1
2917,Noise,0.999722,0.00987,AST Model,0.000151,0.999722,0.000127
2918,Normal,1,0.007992,RMS Threshold,0,0,1
2919,Normal,1,0.004941,RMS Threshold,0,0,1
2920,Noise,0.99821,0.009235,AST Model,0.000314,0.99821,0.001475
2921,Normal,1,0.008647,RMS Threshold,0,0,1
2922,Normal,1,0.008098,RMS Threshold,0,0,1
2923,Normal,1,0.008031,RMS Threshold,0,0,1
2924,Normal,1,0.003434,RMS Threshold,0,0,1
2925,Baby_Cry,0.998879,0.03082,AST Model,0.998879,0.000976,0.000145
2926,Normal,1,0.00541,RMS Threshold,0,0,1
2927,Normal,1,0.004553,RMS Threshold,0,0,1
2928,Normal,1,0.004078,RMS Threshold,0,0,1
2929,Normal,1,0.008536,RMS Threshold,0,0,1
2930,Normal,1,0.003948,RMS Threshold,0,0,1
2931,Normal,1,0.005271,RMS Threshold,0,0,1
2932,Baby_Cry,0.842873,0.018455,AST Model,0.842873,0.156968,0.000159
2933,Baby_Cry,0.520011,0.044551,AST Model,0.520011,0.479655,0.000334
2934,Noise,0.999072,0.010613,AST Model,0.00063,0.999072,0.000298
2935,Noise,0.997844,0.018883,AST Model,0.001969,0.997844,0.000187
2936,Normal,1,0.006348,RMS Threshold,0,0,1
2937,Noise,0.999678,0.015431,AST Model,0.000239,0.999678,8.20E-05
2938,Noise,0.957058,0.078498,AST Model,0.042277,0.957058,0.000665
2939,Noise,0.998798,0.009938,AST Model,0.000731,0.998798,0.000471
2940,Noise,0.991697,0.016894,AST Model,0.008011,0.991697,0.000292
2941,Normal,1,0.00885,RMS Threshold,0,0,1
2942,Noise,0.999173,0.010819,AST Model,0.000175,0.999173,0.000652
2943,Noise,0.98714,0.043563,AST Model,0.012743,0.98714,0.000116
2944,Noise,0.998587,0.022784,AST Model,0.001176,0.998587,0.000237
2945,Normal,1,0.002826,RMS Threshold,0,0,1
2946,Normal,1,0.006969,RMS Threshold,0,0,1
2947,Noise,0.999343,0.011057,AST Model,0.000566,0.999343,9.00E-05
2948,Normal,1,0.002218,RMS Threshold,0,0,1
2949,Normal,1,0.004846,RMS Threshold,0,0,1
2950,Noise,0.963025,0.041058,AST Model,0.036574,0.963025,0.000401
2951,Normal,1,0.00753,RMS Threshold,0,0,1
2952,Noise,0.998734,0.009997,AST Model,0.000295,0.998734,0.000971
2953,Baby_Cry,0.966553,0.072841,AST Model,0.966553,0.03223,0.001217
2954,Noise,0.999225,0.010595,AST Model,0.00061,0.999225,0.000165
2955,Noise,0.826092,0.060336,AST Model,0.172829,0.826092,0.001079
2956,Normal,1,0.008686,RMS Threshold,0,0,1
2957,Noise,0.999596,0.009702,AST Model,3.20E-05,0.999596,0.000372
2958,Normal,1,0.007869,RMS Threshold,0,0,1
2959,Noise,0.97149,0.051638,AST Model,0.02649,0.97149,0.00202
2960,Noise,0.999646,0.009034,AST Model,0.000223,0.999646,0.000131
2961,Noise,0.951931,0.08682,AST Model,0.047128,0.951931,0.00094
2962,Normal,1,0.008409,RMS Threshold,0,0,1
2963,Noise,0.988893,0.009475,AST Model,0.000385,0.988893,0.010721
2964,Noise,0.999183,0.009285,AST Model,0.000546,0.999183,0.000272
2965,Noise,0.60544,0.034846,AST Model,0.391538,0.60544,0.003022
2966,Normal,1,0.006461,RMS Threshold,0,0,1
2967,Noise,0.574,0.051741,AST Model,0.418981,0.574,0.007019
2968,Noise,0.999542,0.010321,AST Model,0.000212,0.999542,0.000246
2969,Noise,0.965264,0.009977,AST Model,0.033805,0.965264,0.000931
2970,Noise,0.998849,0.014568,AST Model,0.000769,0.998849,0.000382
2971,Noise,0.999592,0.011045,AST Model,0.000344,0.999592,6.40E-05
2972,Normal,1,0.006865,RMS Threshold,0,0,1
2973,Noise,0.992843,0.01073,AST Model,0.006892,0.992843,0.000265
2974,Noise,0.998594,0.017657,AST Model,0.001251,0.998594,0.000154
2975,Noise,0.998425,0.012448,AST Model,0.001381,0.998425,0.000195
2976,Normal,1,0.008764,RMS Threshold,0,0,1
2977,Noise,0.955362,0.044145,AST Model,0.042149,0.955362,0.00249
2978,Noise,0.997671,0.040878,AST Model,0.001802,0.997671,0.000527
2979,Noise,0.99904,0.009749,AST Model,0.00032,0.99904,0.00064
2980,Noise,0.975328,0.013955,AST Model,0.023476,0.975328,0.001196
2981,Normal,1,0.006367,RMS Threshold,0,0,1
2982,Normal,1,0.008249,RMS Threshold,0,0,1
2983,Normal,1,0.00832,RMS Threshold,0,0,1
2984,Noise,0.985815,0.014461,AST Model,0.013763,0.985815,0.000422
2985,Normal,1,0.008484,RMS Threshold,0,0,1
2986,Noise,0.975861,0.013327,AST Model,0.023527,0.975861,0.000612
2987,Normal,1,0.008599,RMS Threshold,0,0,1
2988,Noise,0.997771,0.026566,AST Model,0.00129,0.997771,0.00094
2989,Noise,0.99858,0.013001,AST Model,0.000744,0.99858,0.000676
2990,Noise,0.99879,0.009003,AST Model,0.000197,0.99879,0.001013
2991,Normal,1,0.008862,RMS Threshold,0,0,1
2992,Normal,1,0.002333,RMS Threshold,0,0,1
2993,Normal,1,0.008984,RMS Threshold,0,0,1
2994,Normal,1,0.005417,RMS Threshold,0,0,1
2995,Normal,1,0.003675,RMS Threshold,0,0,1
2996,Normal,1,0.008964,RMS Threshold,0,0,1
2997,Normal,1,0.008746,RMS Threshold,0,0,1
2998,Noise,0.999319,0.009438,AST Model,0.000187,0.999319,0.000493
2999,Noise,0.997409,0.050583,AST Model,0.002161,0.997409,0.00043
3000,Normal,1,0.00328,RMS Threshold,0,0,1
3001,Normal,1,0.002783,RMS Threshold,0,0,1
3002,Noise,0.997938,0.019608,AST Model,0.001887,0.997938,0.000175
3003,Noise,0.99764,0.009067,AST Model,0.002203,0.99764,0.000158
3004,Normal,1,0.001968,RMS Threshold,0,0,1
3005,Normal,1,0.008676,RMS Threshold,0,0,1
3006,Noise,0.998728,0.030088,AST Model,0.001211,0.998728,6.20E-05
3007,Normal,1,0.008874,RMS Threshold,0,0,1
3008,Noise,0.99986,0.009538,AST Model,6.60E-05,0.99986,7.40E-05
3009,Normal,1,0.007856,RMS Threshold,0,0,1
3010,Normal,1,0.007937,RMS Threshold,0,0,1
3011,Normal,1,0.008167,RMS Threshold,0,0,1
3012,Noise,0.999794,0.009745,AST Model,9.30E-05,0.999794,0.000113
3013,Noise,0.999694,0.009377,AST Model,6.30E-05,0.999694,0.000243
3014,Noise,0.99253,0.009115,AST Model,0.00025,0.99253,0.007221
3015,Noise,0.994498,0.033392,AST Model,0.005106,0.994498,0.000396
3016,Normal,1,0.008547,RMS Threshold,0,0,1
3017,Normal,1,0.008267,RMS Threshold,0,0,1
3018,Normal,1,0.00743,RMS Threshold,0,0,1
3019,Normal,1,0.008264,RMS Threshold,0,0,1
3020,Normal,1,0.008723,RMS Threshold,0,0,1
3021,Normal,1,0.008215,RMS Threshold,0,0,1
3022,Noise,0.993287,0.011246,AST Model,0.006288,0.993287,0.000425
3023,Noise,0.998913,0.019341,AST Model,0.000855,0.998913,0.000232
3024,Normal,1,0.00741,RMS Threshold,0,0,1
3025,Noise,0.987987,0.021851,AST Model,0.009514,0.987987,0.002499
3026,Noise,0.994978,0.009976,AST Model,0.000321,0.994978,0.004702
3027,Normal,1,0.0083,RMS Threshold,0,0,1
3028,Normal,1,0.008834,RMS Threshold,0,0,1
3029,Noise,0.993867,0.009355,AST Model,0.000135,0.993867,0.005998
3030,Normal,1,0.006807,RMS Threshold,0,0,1
3031,Noise,0.999311,0.009454,AST Model,0.000512,0.999311,0.000177
3032,Normal,1,0.008059,RMS Threshold,0,0,1
3033,Noise,0.996788,0.016062,AST Model,0.002678,0.996788,0.000534
3034,Normal,1,0.007688,RMS Threshold,0,0,1
3035,Noise,0.999443,0.009509,AST Model,0.000222,0.999443,0.000335
3036,Normal,1,0.007801,RMS Threshold,0,0,1
3037,Normal,1,0.008318,RMS Threshold,0,0,1
3038,Noise,0.92889,0.05133,AST Model,0.07072,0.92889,0.000391
3039,Normal,1,0.007937,RMS Threshold,0,0,1
3040,Noise,0.997928,0.014047,AST Model,0.001592,0.997928,0.000481
3041,Normal,1,0.008423,RMS Threshold,0,0,1
3042,Noise,0.999606,0.00922,AST Model,4.50E-05,0.999606,0.000349
3043,Normal,1,0.003679,RMS Threshold,0,0,1
3044,Normal,1,0.008564,RMS Threshold,0,0,1
3045,Noise,0.998361,0.047592,AST Model,0.00158,0.998361,5.90E-05
3046,Noise,0.998382,0.012224,AST Model,0.000848,0.998382,0.00077
3047,Normal,1,0.008073,RMS Threshold,0,0,1
3048,Normal,1,0.008878,RMS Threshold,0,0,1
3049,Normal,1,0.008944,RMS Threshold,0,0,1
3050,Noise,0.988536,0.057329,AST Model,0.010424,0.988536,0.00104
3051,Noise,0.989702,0.010562,AST Model,0.009577,0.989702,0.00072
3052,Normal,1,0.007828,RMS Threshold,0,0,1
3053,Noise,0.998179,0.010042,AST Model,7.00E-05,0.998179,0.001751
3054,Noise,0.999485,0.009489,AST Model,0.000152,0.999485,0.000363
3055,Normal,1,0.008395,RMS Threshold,0,0,1
3056,Noise,0.999483,0.009141,AST Model,0.000274,0.999483,0.000243
3057,Noise,0.999595,0.009725,AST Model,6.40E-05,0.999595,0.000341
3058,Noise,0.999127,0.009785,AST Model,0.000303,0.999127,0.00057
3059,Normal,1,0.006416,RMS Threshold,0,0,1
3060,Normal,1,0.008474,RMS Threshold,0,0,1
3061,Normal,1,0.008326,RMS Threshold,0,0,1
3062,Noise,0.999378,0.009523,AST Model,0.000301,0.999378,0.000321
3063,Normal,1,0.008964,RMS Threshold,0,0,1
3064,Noise,0.99876,0.072738,AST Model,0.000736,0.99876,0.000504
3065,Noise,0.997477,0.039284,AST Model,0.002426,0.997477,9.70E-05
3066,Noise,0.999705,0.009259,AST Model,8.70E-05,0.999705,0.000208
3067,Normal,1,0.008444,RMS Threshold,0,0,1
3068,Noise,0.730732,0.014069,AST Model,0.266017,0.730732,0.003251
3069,Normal,1,0.0085,RMS Threshold,0,0,1
3070,Noise,0.522814,0.046155,AST Model,0.474348,0.522814,0.002838
3071,Noise,0.999459,0.009407,AST Model,0.00031,0.999459,0.00023
3072,Normal,1,0.00811,RMS Threshold,0,0,1
3073,Normal,1,0.008001,RMS Threshold,0,0,1
3074,Normal,1,0.008334,RMS Threshold,0,0,1
3075,Noise,0.998604,0.010145,AST Model,0.001123,0.998604,0.000273
3076,Noise,0.99871,0.00971,AST Model,0.000385,0.99871,0.000905
3077,Noise,0.999621,0.011654,AST Model,6.20E-05,0.999621,0.000317
3078,Noise,0.99768,0.009626,AST Model,0.001133,0.99768,0.001187
3079,Normal,1,0.007634,RMS Threshold,0,0,1
3080,Noise,0.998699,0.009046,AST Model,0.000129,0.998699,0.001172
3081,Normal,1,0.008731,RMS Threshold,0,0,1
3082,Normal,1,0.008825,RMS Threshold,0,0,1
3083,Normal,1,0.00381,RMS Threshold,0,0,1
3084,Noise,0.998784,0.009476,AST Model,5.40E-05,0.998784,0.001162
3085,Normal,1,0.008227,RMS Threshold,0,0,1
3086,Normal,1,0.007818,RMS Threshold,0,0,1
3087,Normal,1,0.005895,RMS Threshold,0,0,1
3088,Normal,1,0.007471,RMS Threshold,0,0,1
3089,Normal,1,0.003557,RMS Threshold,0,0,1
3090,Normal,1,0.00514,RMS Threshold,0,0,1
3091,Normal,1,0.007085,RMS Threshold,0,0,1
3092,Normal,1,0.008129,RMS Threshold,0,0,1
3093,Noise,0.999675,0.009801,AST Model,0.00011,0.999675,0.000215
3094,Normal,1,0.007376,RMS Threshold,0,0,1
3095,Noise,0.999238,0.010054,AST Model,0.000447,0.999238,0.000314
3096,Normal,1,0.008962,RMS Threshold,0,0,1
3097,Normal,1,0.00854,RMS Threshold,0,0,1
3098,Normal,1,0.008372,RMS Threshold,0,0,1
3099,Noise,0.999797,0.00922,AST Model,8.10E-05,0.999797,0.000121
3100,Normal,1,0.008873,RMS Threshold,0,0,1
3101,Normal,1,0.008299,RMS Threshold,0,0,1
3102,Noise,0.999026,0.010606,AST Model,0.000506,0.999026,0.000468
3103,Noise,0.995376,0.009269,AST Model,0.00152,0.995376,0.003103
3104,Normal,1,0.007874,RMS Threshold,0,0,1
3105,Normal,1,0.007365,RMS Threshold,0,0,1
3106,Normal,1,0.008263,RMS Threshold,0,0,1
3107,Normal,1,0.006545,RMS Threshold,0,0,1
3108,Normal,1,0.008632,RMS Threshold,0,0,1
3109,Normal,1,0.007365,RMS Threshold,0,0,1
3110,Normal,1,0.008439,RMS Threshold,0,0,1
3111,Normal,1,0.00707,RMS Threshold,0,0,1
3112,Normal,1,0.008891,RMS Threshold,0,0,1
3113,Noise,0.999322,0.010789,AST Model,0.000147,0.999322,0.00053
3114,Normal,1,0.006517,RMS Threshold,0,0,1
3115,Noise,0.999439,0.009839,AST Model,0.000236,0.999439,0.000325
3116,Normal,1,0.007992,RMS Threshold,0,0,1
3117,Noise,0.999528,0.010179,AST Model,0.000128,0.999528,0.000344
3118,Normal,1,0.008524,RMS Threshold,0,0,1
3119,Noise,0.998138,0.009536,AST Model,0.001513,0.998138,0.000349
3120,Normal,1,0.007199,RMS Threshold,0,0,1
3121,Normal,1,0.008006,RMS Threshold,0,0,1
3122,Noise,0.999664,0.010605,AST Model,0.0001,0.999664,0.000236
3123,Normal,1,0.008766,RMS Threshold,0,0,1
3124,Normal,1,0.006701,RMS Threshold,0,0,1
3125,Normal,1,0.004159,RMS Threshold,0,0,1
3126,Normal,1,0.006121,RMS Threshold,0,0,1
3127,Normal,1,0.007359,RMS Threshold,0,0,1
3128,Normal,1,0.008642,RMS Threshold,0,0,1
3129,Normal,1,0.007015,RMS Threshold,0,0,1
3130,Normal,1,0.007391,RMS Threshold,0,0,1
3131,Normal,1,0.008755,RMS Threshold,0,0,1
3132,Noise,0.996286,0.012193,AST Model,0.003512,0.996286,0.000203
3133,Normal,1,0.004567,RMS Threshold,0,0,1
3134,Normal,1,0.004389,RMS Threshold,0,0,1
3135,Normal,1,0.003501,RMS Threshold,0,0,1
3136,Baby_Cry,0.991094,0.009507,AST Model,0.991094,0.008641,0.000265
3137,Baby_Cry,0.968514,0.023521,AST Model,0.968514,0.031335,0.000151
3138,Normal,1,0.002658,RMS Threshold,0,0,1
3139,Baby_Cry,0.996176,0.025941,AST Model,0.996176,0.003684,0.00014
3140,Baby_Cry,0.99161,0.019499,AST Model,0.99161,0.008193,0.000197
3141,Baby_Cry,0.862883,0.021591,AST Model,0.862883,0.136654,0.000463
3142,Baby_Cry,0.647254,0.012289,AST Model,0.647254,0.352443,0.000304
3143,Baby_Cry,0.884547,0.024768,AST Model,0.884547,0.114668,0.000786
3144,Baby_Cry,0.961585,0.021189,AST Model,0.961585,0.038165,0.00025
3145,Normal,1,0.005184,RMS Threshold,0,0,1
3146,Normal,1,0.006175,RMS Threshold,0,0,1
3147,Baby_Cry,0.952254,0.013965,AST Model,0.952254,0.04718,0.000567
3148,Baby_Cry,0.984757,0.015636,AST Model,0.984757,0.015009,0.000235
3149,Baby_Cry,0.991633,0.014818,AST Model,0.991633,0.008238,0.00013
3150,Normal,1,0.006005,RMS Threshold,0,0,1
3151,Normal,1,0.00733,RMS Threshold,0,0,1
3152,Normal,1,0.004358,RMS Threshold,0,0,1
3153,Normal,1,0.00322,RMS Threshold,0,0,1
3154,Baby_Cry,0.988297,0.013985,AST Model,0.988297,0.011467,0.000236
3155,Baby_Cry,0.65071,0.019348,AST Model,0.65071,0.348912,0.000378
3156,Baby_Cry,0.747432,0.010178,AST Model,0.747432,0.251743,0.000825
3157,Baby_Cry,0.967119,0.022009,AST Model,0.967119,0.032745,0.000136
3158,Baby_Cry,0.650533,0.018279,AST Model,0.650533,0.348877,0.00059
3159,Normal,1,0.005787,RMS Threshold,0,0,1
3160,Baby_Cry,0.874581,0.013151,AST Model,0.874581,0.125154,0.000265
3161,Baby_Cry,0.894274,0.017283,AST Model,0.894274,0.105115,0.000611
3162,Baby_Cry,0.992955,0.021353,AST Model,0.992955,0.006799,0.000246
3163,Baby_Cry,0.983475,0.013737,AST Model,0.983475,0.01629,0.000235
3164,Normal,1,0.004336,RMS Threshold,0,0,1
3165,Normal,1,0.005709,RMS Threshold,0,0,1
3166,Normal,1,0.007445,RMS Threshold,0,0,1
3167,Normal,1,0.007254,RMS Threshold,0,0,1
3168,Normal,1,0.007349,RMS Threshold,0,0,1
3169,Noise,0.892489,0.011741,AST Model,0.107318,0.892489,0.000193
3170,Baby_Cry,0.701572,0.011986,AST Model,0.701572,0.298005,0.000424
3171,Baby_Cry,0.86968,0.0113,AST Model,0.86968,0.129584,0.000736
3172,Baby_Cry,0.595419,0.010852,AST Model,0.595419,0.404097,0.000485
3173,Normal,1,0.003897,RMS Threshold,0,0,1
3174,Baby_Cry,0.992271,0.015262,AST Model,0.992271,0.007566,0.000163
3175,Baby_Cry,0.956063,0.023037,AST Model,0.956063,0.043451,0.000486
3176,Baby_Cry,0.83956,0.021266,AST Model,0.83956,0.160039,0.000401
3177,Baby_Cry,0.997629,0.044209,AST Model,0.997629,0.00229,8.10E-05
3178,Baby_Cry,0.835736,0.013136,AST Model,0.835736,0.163778,0.000486
3179,Baby_Cry,0.969216,0.015866,AST Model,0.969216,0.030416,0.000368
3180,Normal,1,0.004927,RMS Threshold,0,0,1
3181,Normal,1,0.003335,RMS Threshold,0,0,1
3182,Baby_Cry,0.995502,0.014633,AST Model,0.995502,0.004298,0.0002
3183,Normal,1,0.005796,RMS Threshold,0,0,1
3184,Normal,1,0.006687,RMS Threshold,0,0,1
3185,Baby_Cry,0.954917,0.013976,AST Model,0.954917,0.044907,0.000176
3186,Normal,1,0.003098,RMS Threshold,0,0,1
3187,Baby_Cry,0.993985,0.01678,AST Model,0.993985,0.005957,5.90E-05
3188,Baby_Cry,0.979408,0.010358,AST Model,0.979408,0.020338,0.000254
3189,Baby_Cry,0.993749,0.036417,AST Model,0.993749,0.006076,0.000175
3190,Normal,1,0.008117,RMS Threshold,0,0,1
3191,Normal,1,0.006619,RMS Threshold,0,0,1
3192,Baby_Cry,0.793369,0.017372,AST Model,0.793369,0.205991,0.000641
3193,Baby_Cry,0.996127,0.015372,AST Model,0.996127,0.003791,8.20E-05
3194,Normal,1,0.005315,RMS Threshold,0,0,1
3195,Baby_Cry,0.974388,0.016675,AST Model,0.974388,0.025243,0.000369
3196,Baby_Cry,0.977928,0.015741,AST Model,0.977928,0.021843,0.000229
3197,Noise,0.547369,0.009778,AST Model,0.452123,0.547369,0.000509
3198,Baby_Cry,0.778772,0.011109,AST Model,0.778772,0.220781,0.000446
3199,Baby_Cry,0.995267,0.020832,AST Model,0.995267,0.004582,0.000151
3200,Baby_Cry,0.996942,0.012603,AST Model,0.996942,0.002891,0.000167
3201,Baby_Cry,0.950848,0.018863,AST Model,0.950848,0.048535,0.000616
3202,Normal,1,0.004345,RMS Threshold,0,0,1
3203,Normal,1,0.002801,RMS Threshold,0,0,1
3204,Normal,1,0.006695,RMS Threshold,0,0,1
3205,Baby_Cry,0.927206,0.014486,AST Model,0.927206,0.072635,0.000159
3206,Baby_Cry,0.997003,0.018287,AST Model,0.997003,0.002742,0.000255
3207,Normal,1,0.006931,RMS Threshold,0,0,1
3208,Baby_Cry,0.947748,0.01988,AST Model,0.947748,0.052125,0.000126
3209,Baby_Cry,0.76219,0.011542,AST Model,0.76219,0.237499,0.000312
3210,Baby_Cry,0.97982,0.019306,AST Model,0.97982,0.020011,0.000169
3211,Baby_Cry,0.874192,0.030321,AST Model,0.874192,0.125245,0.000563
3212,Baby_Cry,0.975721,0.014393,AST Model,0.975721,0.024177,0.000102
3213,Normal,1,0.002762,RMS Threshold,0,0,1
3214,Baby_Cry,0.996365,0.016776,AST Model,0.996365,0.003551,8.40E-05
3215,Baby_Cry,0.755333,0.012317,AST Model,0.755333,0.243919,0.000748
3216,Normal,1,0.002419,RMS Threshold,0,0,1
3217,Normal,1,0.002648,RMS Threshold,0,0,1
3218,Normal,1,0.007445,RMS Threshold,0,0,1
3219,Baby_Cry,0.996105,0.018951,AST Model,0.996105,0.003613,0.000283
3220,Baby_Cry,0.986948,0.014365,AST Model,0.986948,0.012688,0.000364
3221,Normal,1,0.003214,RMS Threshold,0,0,1
3222,Baby_Cry,0.991131,0.018602,AST Model,0.991131,0.008543,0.000326
3223,Baby_Cry,0.853611,0.010327,AST Model,0.853611,0.146159,0.00023
3224,Baby_Cry,0.991098,0.020753,AST Model,0.991098,0.008782,0.000119
3225,Normal,1,0.007589,RMS Threshold,0,0,1
3226,Normal,1,0.004461,RMS Threshold,0,0,1
3227,Baby_Cry,0.779012,0.010505,AST Model,0.779012,0.219891,0.001098
3228,Normal,1,0.00722,RMS Threshold,0,0,1
3229,Normal,1,0.005506,RMS Threshold,0,0,1
3230,Normal,1,0.008413,RMS Threshold,0,0,1
3231,Normal,1,0.00438,RMS Threshold,0,0,1
3232,Baby_Cry,0.996364,0.010941,AST Model,0.996364,0.003526,0.00011
3233,Baby_Cry,0.928239,0.024528,AST Model,0.928239,0.07045,0.001312
3234,Normal,1,0.005516,RMS Threshold,0,0,1
3235,Normal,1,0.006515,RMS Threshold,0,0,1
3236,Baby_Cry,0.573501,0.021853,AST Model,0.573501,0.426013,0.000486
3237,Baby_Cry,0.928571,0.010161,AST Model,0.928571,0.070494,0.000935
3238,Baby_Cry,0.981412,0.023859,AST Model,0.981412,0.018357,0.000232
3239,Normal,1,0.00845,RMS Threshold,0,0,1
3240,Normal,1,0.003747,RMS Threshold,0,0,1
3241,Baby_Cry,0.870843,0.014208,AST Model,0.870843,0.128857,0.000299
3242,Normal,1,0.007096,RMS Threshold,0,0,1
3243,Normal,1,0.00895,RMS Threshold,0,0,1
3244,Baby_Cry,0.981412,0.038459,AST Model,0.981412,0.018454,0.000135
3245,Normal,1,0.004694,RMS Threshold,0,0,1
3246,Normal,1,0.004597,RMS Threshold,0,0,1
3247,Baby_Cry,0.576626,0.023366,AST Model,0.576626,0.421914,0.00146
3248,Normal,1,0.003358,RMS Threshold,0,0,1
3249,Noise,0.80788,0.011734,AST Model,0.191415,0.80788,0.000705
3250,Noise,0.938046,0.021112,AST Model,0.061489,0.938046,0.000464
3251,Normal,1,0.00249,RMS Threshold,0,0,1
3252,Baby_Cry,0.932277,0.01108,AST Model,0.932277,0.067318,0.000405
3253,Normal,1,0.002743,RMS Threshold,0,0,1
3254,Normal,1,0.001982,RMS Threshold,0,0,1
3255,Normal,1,0.004706,RMS Threshold,0,0,1
3256,Noise,0.516614,0.017339,AST Model,0.482542,0.516614,0.000845
3257,Baby_Cry,0.858616,0.014565,AST Model,0.858616,0.140211,0.001174
3258,Normal,1,0.003063,RMS Threshold,0,0,1
3259,Baby_Cry,0.975079,0.031903,AST Model,0.975079,0.024722,0.000199
3260,Baby_Cry,0.843844,0.029659,AST Model,0.843844,0.155559,0.000597
3261,Normal,1,0.007,RMS Threshold,0,0,1
3262,Noise,0.508432,0.015273,AST Model,0.490893,0.508432,0.000675
3263,Noise,0.914926,0.02336,AST Model,0.0845,0.914926,0.000574
3264,Normal,1,0.002918,RMS Threshold,0,0,1
3265,Baby_Cry,0.73942,0.01277,AST Model,0.73942,0.259828,0.000752
3266,Normal,1,0.002219,RMS Threshold,0,0,1
3267,Normal,1,0.002804,RMS Threshold,0,0,1
3268,Baby_Cry,0.949988,0.013845,AST Model,0.949988,0.049742,0.00027
3269,Baby_Cry,0.981632,0.010371,AST Model,0.981632,0.018146,0.000222
3270,Baby_Cry,0.708982,0.014138,AST Model,0.708982,0.290459,0.000559
3271,Normal,1,0.00292,RMS Threshold,0,0,1
3272,Normal,1,0.002255,RMS Threshold,0,0,1
3273,Normal,1,0.006305,RMS Threshold,0,0,1
3274,Normal,1,0.007103,RMS Threshold,0,0,1
3275,Baby_Cry,0.997606,0.01833,AST Model,0.997606,0.00232,7.40E-05
3276,Normal,1,0.005532,RMS Threshold,0,0,1
3277,Normal,1,0.005008,RMS Threshold,0,0,1
3278,Normal,1,0.006446,RMS Threshold,0,0,1
3279,Normal,1,0.004682,RMS Threshold,0,0,1
3280,Normal,1,0.004425,RMS Threshold,0,0,1
3281,Normal,1,0.008284,RMS Threshold,0,0,1
3282,Normal,1,0.00226,RMS Threshold,0,0,1
3283,Normal,1,0.005435,RMS Threshold,0,0,1
3284,Normal,1,0.003885,RMS Threshold,0,0,1
3285,Normal,1,0.006728,RMS Threshold,0,0,1
3286,Baby_Cry,0.973522,0.01649,AST Model,0.973522,0.026129,0.00035
3287,Normal,1,0.003275,RMS Threshold,0,0,1
3288,Baby_Cry,0.969404,0.009874,AST Model,0.969404,0.030435,0.000161
3289,Normal,1,0.005759,RMS Threshold,0,0,1
3290,Baby_Cry,0.555831,0.017478,AST Model,0.555831,0.443415,0.000754
3291,Noise,0.796822,0.01714,AST Model,0.202552,0.796822,0.000626
3292,Noise,0.916477,0.015535,AST Model,0.082545,0.916477,0.000978
3293,Baby_Cry,0.926267,0.016265,AST Model,0.926267,0.073338,0.000395
3294,Normal,1,0.005195,RMS Threshold,0,0,1
3295,Normal,1,0.007192,RMS Threshold,0,0,1
3296,Baby_Cry,0.910721,0.014774,AST Model,0.910721,0.088669,0.00061
3297,Baby_Cry,0.630616,0.022811,AST Model,0.630616,0.368586,0.000798
3298,Baby_Cry,0.969328,0.015208,AST Model,0.969328,0.030254,0.000418
3299,Noise,0.819522,0.016953,AST Model,0.179475,0.819522,0.001003
3300,Baby_Cry,0.851033,0.016385,AST Model,0.851033,0.148531,0.000437
3301,Normal,1,0.003226,RMS Threshold,0,0,1
3302,Normal,1,0.005639,RMS Threshold,0,0,1
3303,Normal,1,0.004409,RMS Threshold,0,0,1
3304,Normal,1,0.0089,RMS Threshold,0,0,1
3305,Noise,0.999563,0.011788,AST Model,0.000324,0.999563,0.000113
3306,Normal,1,0.004463,RMS Threshold,0,0,1
3307,Normal,1,0.00501,RMS Threshold,0,0,1
3308,Normal,1,0.007282,RMS Threshold,0,0,1
3309,Baby_Cry,0.94952,0.023035,AST Model,0.94952,0.050225,0.000255
3310,Normal,1,0.002734,RMS Threshold,0,0,1
3311,Normal,1,0.002436,RMS Threshold,0,0,1
3312,Normal,1,0.006591,RMS Threshold,0,0,1
3313,Noise,0.61967,0.011767,AST Model,0.379683,0.61967,0.000647
3314,Noise,0.935987,0.012664,AST Model,0.063473,0.935987,0.000539
3315,Normal,1,0.005943,RMS Threshold,0,0,1
3316,Baby_Cry,0.927035,0.0102,AST Model,0.927035,0.072533,0.000432
3317,Baby_Cry,0.95175,0.026374,AST Model,0.95175,0.047999,0.000251
3318,Normal,1,0.003205,RMS Threshold,0,0,1
3319,Normal,1,0.003048,RMS Threshold,0,0,1
3320,Noise,0.73517,0.01273,AST Model,0.264343,0.73517,0.000488
3321,Normal,1,0.002243,RMS Threshold,0,0,1
3322,Noise,0.674231,0.011198,AST Model,0.324888,0.674231,0.000882
3323,Normal,1,0.003184,RMS Threshold,0,0,1
3324,Normal,1,0.002756,RMS Threshold,0,0,1
3325,Baby_Cry,0.520696,0.015838,AST Model,0.520696,0.478067,0.001237
3326,Normal,1,0.002965,RMS Threshold,0,0,1
3327,Normal,1,0.005417,RMS Threshold,0,0,1
3328,Baby_Cry,0.854962,0.009116,AST Model,0.854962,0.144208,0.00083
3329,Normal,1,0.005481,RMS Threshold,0,0,1
3330,Normal,1,0.0085,RMS Threshold,0,0,1
3331,Noise,0.817754,0.012804,AST Model,0.181766,0.817754,0.00048
3332,Normal,1,0.004826,RMS Threshold,0,0,1
3333,Normal,1,0.003463,RMS Threshold,0,0,1
3334,Baby_Cry,0.957138,0.02368,AST Model,0.957138,0.042586,0.000276
3335,Noise,0.986617,0.010513,AST Model,0.013309,0.986617,7.40E-05
3336,Baby_Cry,0.868511,0.012789,AST Model,0.868511,0.130884,0.000606
3337,Normal,1,0.004768,RMS Threshold,0,0,1
3338,Normal,1,0.004184,RMS Threshold,0,0,1
3339,Baby_Cry,0.979977,0.022342,AST Model,0.979977,0.019803,0.00022
3340,Normal,1,0.004851,RMS Threshold,0,0,1
3341,Normal,1,0.004733,RMS Threshold,0,0,1
3342,Baby_Cry,0.978209,0.029921,AST Model,0.978209,0.021482,0.000309
3343,Normal,1,0.0083,RMS Threshold,0,0,1
3344,Normal,1,0.00395,RMS Threshold,0,0,1
3345,Normal,1,0.008545,RMS Threshold,0,0,1
3346,Normal,1,0.002616,RMS Threshold,0,0,1
3347,Normal,1,0.004452,RMS Threshold,0,0,1
3348,Normal,1,0.008764,RMS Threshold,0,0,1
3349,Normal,1,0.00546,RMS Threshold,0,0,1
3350,Normal,1,0.003033,RMS Threshold,0,0,1
3351,Normal,1,0.003102,RMS Threshold,0,0,1
3352,Normal,1,0.008984,RMS Threshold,0,0,1
3353,Baby_Cry,0.853306,0.020294,AST Model,0.853306,0.146215,0.000479
3354,Normal,1,0.004154,RMS Threshold,0,0,1
3355,Baby_Cry,0.951781,0.009337,AST Model,0.951781,0.04769,0.000529
3356,Noise,0.986739,0.009817,AST Model,0.013126,0.986739,0.000136
3357,Normal,1,0.005889,RMS Threshold,0,0,1
3358,Normal,1,0.008479,RMS Threshold,0,0,1
3359,Normal,1,0.005655,RMS Threshold,0,0,1
3360,Normal,1,0.005964,RMS Threshold,0,0,1
3361,Baby_Cry,0.95375,0.01609,AST Model,0.95375,0.046011,0.000239
3362,Normal,1,0.004102,RMS Threshold,0,0,1
3363,Normal,1,0.002712,RMS Threshold,0,0,1
3364,Baby_Cry,0.977198,0.016705,AST Model,0.977198,0.022588,0.000213
3365,Normal,1,0.002345,RMS Threshold,0,0,1
3366,Normal,1,0.003124,RMS Threshold,0,0,1
3367,Normal,1,0.006688,RMS Threshold,0,0,1
3368,Normal,1,0.003764,RMS Threshold,0,0,1
3369,Normal,1,0.004054,RMS Threshold,0,0,1
3370,Normal,1,0.008387,RMS Threshold,0,0,1
3371,Noise,0.690214,0.012789,AST Model,0.309336,0.690214,0.00045
3372,Normal,1,0.004975,RMS Threshold,0,0,1
3373,Baby_Cry,0.956331,0.024777,AST Model,0.956331,0.043407,0.000262
3374,Normal,1,0.007446,RMS Threshold,0,0,1
3375,Normal,1,0.004466,RMS Threshold,0,0,1
3376,Normal,1,0.007072,RMS Threshold,0,0,1
3377,Normal,1,0.004138,RMS Threshold,0,0,1
3378,Normal,1,0.006463,RMS Threshold,0,0,1
3379,Normal,1,0.005945,RMS Threshold,0,0,1
3380,Normal,1,0.002746,RMS Threshold,0,0,1
3381,Normal,1,0.006901,RMS Threshold,0,0,1
3382,Normal,1,0.003359,RMS Threshold,0,0,1
3383,Normal,1,0.00871,RMS Threshold,0,0,1
3384,Noise,0.72138,0.011238,AST Model,0.277894,0.72138,0.000727
3385,Normal,1,0.005182,RMS Threshold,0,0,1
3386,Baby_Cry,0.636784,0.012068,AST Model,0.636784,0.362471,0.000744
3387,Normal,1,0.00652,RMS Threshold,0,0,1
3388,Normal,1,0.003774,RMS Threshold,0,0,1
3389,Baby_Cry,0.906254,0.0112,AST Model,0.906254,0.09315,0.000596
3390,Normal,1,0.00419,RMS Threshold,0,0,1
3391,Normal,1,0.003235,RMS Threshold,0,0,1
3392,Noise,0.560394,0.009531,AST Model,0.438896,0.560394,0.00071
3393,Normal,1,0.00313,RMS Threshold,0,0,1
3394,Normal,1,0.002409,RMS Threshold,0,0,1
3395,Normal,1,0.006414,RMS Threshold,0,0,1
3396,Normal,1,0.003487,RMS Threshold,0,0,1
3397,Normal,1,0.006577,RMS Threshold,0,0,1
3398,Baby_Cry,0.641497,0.013899,AST Model,0.641497,0.357929,0.000574
3399,Normal,1,0.004892,RMS Threshold,0,0,1
3400,Normal,1,0.004195,RMS Threshold,0,0,1
3401,Normal,1,0.008749,RMS Threshold,0,0,1
3402,Normal,1,0.00729,RMS Threshold,0,0,1
3403,Baby_Cry,0.972391,0.029276,AST Model,0.972391,0.027521,8.80E-05
3404,Baby_Cry,0.949548,0.011073,AST Model,0.949548,0.049897,0.000555
3405,Normal,1,0.005466,RMS Threshold,0,0,1
3406,Normal,1,0.00432,RMS Threshold,0,0,1
3407,Baby_Cry,0.988429,0.021565,AST Model,0.988429,0.011415,0.000156
3408,Baby_Cry,0.766245,0.01087,AST Model,0.766245,0.233536,0.000219
3409,Baby_Cry,0.984677,0.012375,AST Model,0.984677,0.015076,0.000247
3410,Noise,0.96283,0.009957,AST Model,0.037008,0.96283,0.000162
3411,Normal,1,0.008168,RMS Threshold,0,0,1
3412,Normal,1,0.002806,RMS Threshold,0,0,1
3413,Normal,1,0.007602,RMS Threshold,0,0,1
3414,Normal,1,0.005023,RMS Threshold,0,0,1
3415,Baby_Cry,0.9856,0.022548,AST Model,0.9856,0.014242,0.000159
3416,Normal,1,0.007473,RMS Threshold,0,0,1
3417,Normal,1,0.004404,RMS Threshold,0,0,1
3418,Normal,1,0.006149,RMS Threshold,0,0,1
3419,Normal,1,0.003075,RMS Threshold,0,0,1
3420,Normal,1,0.007678,RMS Threshold,0,0,1
3421,Normal,1,0.006597,RMS Threshold,0,0,1
3422,Normal,1,0.007432,RMS Threshold,0,0,1
3423,Normal,1,0.007999,RMS Threshold,0,0,1
3424,Normal,1,0.00299,RMS Threshold,0,0,1
3425,Baby_Cry,0.984584,0.025356,AST Model,0.984584,0.015223,0.000194
3426,Normal,1,0.007802,RMS Threshold,0,0,1
3427,Normal,1,0.004851,RMS Threshold,0,0,1
3428,Baby_Cry,0.976517,0.013329,AST Model,0.976517,0.023243,0.00024
3429,Normal,1,0.007756,RMS Threshold,0,0,1
3430,Normal,1,0.004171,RMS Threshold,0,0,1
3431,Baby_Cry,0.870633,0.016595,AST Model,0.870633,0.129094,0.000273
3432,Normal,1,0.004453,RMS Threshold,0,0,1
3433,Normal,1,0.002957,RMS Threshold,0,0,1
3434,Normal,1,0.00614,RMS Threshold,0,0,1
3435,Normal,1,0.00486,RMS Threshold,0,0,1
3436,Normal,1,0.008495,RMS Threshold,0,0,1
3437,Normal,1,0.0049,RMS Threshold,0,0,1
3438,Normal,1,0.002616,RMS Threshold,0,0,1
3439,Normal,1,0.007067,RMS Threshold,0,0,1
3440,Normal,1,0.004471,RMS Threshold,0,0,1
3441,Normal,1,0.008703,RMS Threshold,0,0,1
3442,Normal,1,0.003445,RMS Threshold,0,0,1
3443,Normal,1,0.002401,RMS Threshold,0,0,1
3444,Normal,1,0.004076,RMS Threshold,0,0,1
3445,Normal,1,0.006897,RMS Threshold,0,0,1
3446,Normal,1,0.004994,RMS Threshold,0,0,1
3447,Normal,1,0.00428,RMS Threshold,0,0,1
3448,Normal,1,0.004147,RMS Threshold,0,0,1
3449,Normal,1,0.008125,RMS Threshold,0,0,1
3450,Normal,1,0.00445,RMS Threshold,0,0,1
3451,Normal,1,0.003424,RMS Threshold,0,0,1
3452,Baby_Cry,0.819783,0.013842,AST Model,0.819783,0.179519,0.000698
3453,Normal,1,0.002823,RMS Threshold,0,0,1
3454,Normal,1,0.002648,RMS Threshold,0,0,1
3455,Normal,1,0.006817,RMS Threshold,0,0,1
3456,Normal,1,0.006129,RMS Threshold,0,0,1
3457,Normal,1,0.008706,RMS Threshold,0,0,1
3458,Noise,0.636565,0.014527,AST Model,0.362885,0.636565,0.00055
3459,Normal,1,0.004071,RMS Threshold,0,0,1
3460,Normal,1,0.003475,RMS Threshold,0,0,1
3461,Baby_Cry,0.99038,0.022961,AST Model,0.99038,0.009449,0.000171
3462,Normal,1,0.005752,RMS Threshold,0,0,1
3463,Normal,1,0.004402,RMS Threshold,0,0,1
3464,Baby_Cry,0.947906,0.022976,AST Model,0.947906,0.051834,0.00026
3465,Baby_Cry,0.613429,0.015202,AST Model,0.613429,0.386357,0.000214
3466,Baby_Cry,0.989346,0.021473,AST Model,0.989346,0.010472,0.000182
3467,Normal,1,0.004256,RMS Threshold,0,0,1
3468,Normal,1,0.00351,RMS Threshold,0,0,1
3469,Baby_Cry,0.986352,0.026178,AST Model,0.986352,0.013529,0.00012
3470,Normal,1,0.00745,RMS Threshold,0,0,1
3471,Normal,1,0.004059,RMS Threshold,0,0,1
3472,Baby_Cry,0.965386,0.018879,AST Model,0.965386,0.03441,0.000205
3473,Normal,1,0.005088,RMS Threshold,0,0,1
3474,Normal,1,0.004875,RMS Threshold,0,0,1
3475,Baby_Cry,0.964914,0.021083,AST Model,0.964914,0.034888,0.000198
3476,Normal,1,0.005534,RMS Threshold,0,0,1
3477,Normal,1,0.00353,RMS Threshold,0,0,1
3478,Baby_Cry,0.79179,0.011016,AST Model,0.79179,0.207366,0.000844
3479,Normal,1,0.003767,RMS Threshold,0,0,1
3480,Normal,1,0.00245,RMS Threshold,0,0,1
3481,Noise,0.669129,0.01711,AST Model,0.330406,0.669129,0.000465
3482,Normal,1,0.003395,RMS Threshold,0,0,1
3483,Noise,0.823633,0.011976,AST Model,0.175343,0.823633,0.001024
3484,Normal,1,0.006887,RMS Threshold,0,0,1
3485,Baby_Cry,0.961155,0.009408,AST Model,0.961155,0.03851,0.000335
3486,Normal,1,0.00829,RMS Threshold,0,0,1
3487,Noise,0.503263,0.013266,AST Model,0.495927,0.503263,0.00081
3488,Normal,1,0.005864,RMS Threshold,0,0,1
3489,Normal,1,0.008726,RMS Threshold,0,0,1
3490,Normal,1,0.004571,RMS Threshold,0,0,1
3491,Normal,1,0.005377,RMS Threshold,0,0,1
3492,Baby_Cry,0.85073,0.018301,AST Model,0.85073,0.148843,0.000427
3493,Normal,1,0.004451,RMS Threshold,0,0,1
3494,Normal,1,0.004091,RMS Threshold,0,0,1
3495,Baby_Cry,0.987896,0.018034,AST Model,0.987896,0.01196,0.000145
3496,Normal,1,0.006167,RMS Threshold,0,0,1
3497,Normal,1,0.004699,RMS Threshold,0,0,1
3498,Noise,0.505989,0.009705,AST Model,0.493301,0.505989,0.00071
3499,Normal,1,0.005053,RMS Threshold,0,0,1
3500,Normal,1,0.006695,RMS Threshold,0,0,1
3501,Normal,1,0.006039,RMS Threshold,0,0,1
3502,Normal,1,0.00262,RMS Threshold,0,0,1
3503,Normal,1,0.003951,RMS Threshold,0,0,1
3504,Baby_Cry,0.851118,0.021382,AST Model,0.851118,0.148281,0.000601
3505,Normal,1,0.003837,RMS Threshold,0,0,1
3506,Baby_Cry,0.927664,0.010337,AST Model,0.927664,0.072008,0.000328
3507,Noise,0.572779,0.012654,AST Model,0.42668,0.572779,0.000542
3508,Normal,1,0.003197,RMS Threshold,0,0,1
3509,Noise,0.810564,0.01136,AST Model,0.188821,0.810564,0.000614
3510,Normal,1,0.002823,RMS Threshold,0,0,1
3511,Baby_Cry,0.979629,0.011574,AST Model,0.979629,0.020124,0.000247
3512,Baby_Cry,0.824918,0.012468,AST Model,0.824918,0.174779,0.000303
3513,Normal,1,0.003462,RMS Threshold,0,0,1
3514,Normal,1,0.002457,RMS Threshold,0,0,1
3515,Normal,1,0.008892,RMS Threshold,0,0,1
3516,Normal,1,0.004584,RMS Threshold,0,0,1
3517,Normal,1,0.005952,RMS Threshold,0,0,1
3518,Normal,1,0.006764,RMS Threshold,0,0,1
3519,Normal,1,0.003672,RMS Threshold,0,0,1
3520,Baby_Cry,0.558364,0.016948,AST Model,0.558364,0.441219,0.000418
3521,Baby_Cry,0.936538,0.010562,AST Model,0.936538,0.063013,0.000449
3522,Normal,1,0.006441,RMS Threshold,0,0,1
3523,Normal,1,0.004917,RMS Threshold,0,0,1
3524,Baby_Cry,0.996661,0.024151,AST Model,0.996661,0.003183,0.000156
3525,Normal,1,0.008193,RMS Threshold,0,0,1
3526,Normal,1,0.004813,RMS Threshold,0,0,1
3527,Baby_Cry,0.978558,0.018822,AST Model,0.978558,0.021253,0.000188
3528,Normal,1,0.004034,RMS Threshold,0,0,1
3529,Normal,1,0.00231,RMS Threshold,0,0,1
3530,Normal,1,0.008581,RMS Threshold,0,0,1
3531,Normal,1,0.00611,RMS Threshold,0,0,1
3532,Normal,1,0.007246,RMS Threshold,0,0,1
3533,Baby_Cry,0.874653,0.009498,AST Model,0.874653,0.124767,0.00058
3534,Baby_Cry,0.708068,0.021475,AST Model,0.708068,0.291647,0.000285
3535,Normal,1,0.006175,RMS Threshold,0,0,1
3536,Normal,1,0.006014,RMS Threshold,0,0,1
3537,Normal,1,0.004279,RMS Threshold,0,0,1
3538,Normal,1,0.003759,RMS Threshold,0,0,1
3539,Baby_Cry,0.995055,0.023307,AST Model,0.995055,0.004822,0.000123
3540,Noise,0.932826,0.009165,AST Model,0.066843,0.932826,0.00033
3541,Baby_Cry,0.511547,0.01117,AST Model,0.511547,0.487838,0.000615
3542,Normal,1,0.00619,RMS Threshold,0,0,1
3543,Normal,1,0.006667,RMS Threshold,0,0,1
3544,Baby_Cry,0.961448,0.011751,AST Model,0.961448,0.038288,0.000264
3545,Normal,1,0.004319,RMS Threshold,0,0,1
3546,Normal,1,0.005115,RMS Threshold,0,0,1
3547,Baby_Cry,0.989722,0.019991,AST Model,0.989722,0.01011,0.000168
3548,Normal,1,0.006783,RMS Threshold,0,0,1
3549,Normal,1,0.007502,RMS Threshold,0,0,1
3550,Baby_Cry,0.95232,0.016362,AST Model,0.95232,0.047295,0.000385
3551,Normal,1,0.005236,RMS Threshold,0,0,1
3552,Normal,1,0.003533,RMS Threshold,0,0,1
3553,Normal,1,0.005884,RMS Threshold,0,0,1
3554,Normal,1,0.005499,RMS Threshold,0,0,1
3555,Normal,1,0.004519,RMS Threshold,0,0,1
3556,Normal,1,0.006438,RMS Threshold,0,0,1
3557,Normal,1,0.005534,RMS Threshold,0,0,1
3558,Normal,1,0.006984,RMS Threshold,0,0,1
3559,Normal,1,0.003575,RMS Threshold,0,0,1
3560,Baby_Cry,0.992579,0.021171,AST Model,0.992579,0.007273,0.000149
3561,Normal,1,0.007962,RMS Threshold,0,0,1
3562,Normal,1,0.005837,RMS Threshold,0,0,1
3563,Baby_Cry,0.95239,0.021181,AST Model,0.95239,0.047406,0.000204
3564,Normal,1,0.00642,RMS Threshold,0,0,1
3565,Normal,1,0.002646,RMS Threshold,0,0,1
3566,Baby_Cry,0.901106,0.015311,AST Model,0.901106,0.098538,0.000357
3567,Normal,1,0.002708,RMS Threshold,0,0,1
3568,Normal,1,0.002256,RMS Threshold,0,0,1
3569,Normal,1,0.006068,RMS Threshold,0,0,1
3570,Normal,1,0.005337,RMS Threshold,0,0,1
3571,Normal,1,0.004109,RMS Threshold,0,0,1
3572,Noise,0.545678,0.017749,AST Model,0.453824,0.545678,0.000498
3573,Normal,1,0.003453,RMS Threshold,0,0,1
3574,Normal,1,0.003565,RMS Threshold,0,0,1
3575,Normal,1,0.005238,RMS Threshold,0,0,1
3576,Normal,1,0.005076,RMS Threshold,0,0,1
3577,Normal,1,0.003477,RMS Threshold,0,0,1
3578,Normal,1,0.001961,RMS Threshold,0,0,1
3579,Normal,1,0.005457,RMS Threshold,0,0,1
3580,Normal,1,0.003282,RMS Threshold,0,0,1
3581,Normal,1,0.003334,RMS Threshold,0,0,1
3582,Normal,1,0.004194,RMS Threshold,0,0,1
3583,Normal,1,0.002632,RMS Threshold,0,0,1
3584,Normal,1,0.003625,RMS Threshold,0,0,1
3585,Normal,1,0.007227,RMS Threshold,0,0,1
3586,Normal,1,0.002452,RMS Threshold,0,0,1
3587,Normal,1,0.004074,RMS Threshold,0,0,1
3588,Normal,1,0.005787,RMS Threshold,0,0,1
3589,Normal,1,0.003362,RMS Threshold,0,0,1
3590,Normal,1,0.004188,RMS Threshold,0,0,1
3591,Normal,1,0.005552,RMS Threshold,0,0,1
3592,Normal,1,0.002914,RMS Threshold,0,0,1
3593,Normal,1,0.005942,RMS Threshold,0,0,1
3594,Normal,1,0.00742,RMS Threshold,0,0,1
3595,Normal,1,0.003296,RMS Threshold,0,0,1
3596,Normal,1,0.00532,RMS Threshold,0,0,1
3597,Noise,0.999582,0.010872,AST Model,0.000369,0.999582,4.90E-05
3598,Normal,1,0.002936,RMS Threshold,0,0,1
3599,Normal,1,0.003681,RMS Threshold,0,0,1
3600,Normal,1,0.00642,RMS Threshold,0,0,1
3601,Normal,1,0.003584,RMS Threshold,0,0,1
3602,Normal,1,0.005347,RMS Threshold,0,0,1
3603,Normal,1,0.007202,RMS Threshold,0,0,1
3604,Normal,1,0.002746,RMS Threshold,0,0,1
3605,Normal,1,0.003525,RMS Threshold,0,0,1
3606,Baby_Cry,0.743785,0.009077,AST Model,0.743785,0.255377,0.000838
3607,Normal,1,0.002882,RMS Threshold,0,0,1
3608,Normal,1,0.002281,RMS Threshold,0,0,1
3609,Normal,1,0.00271,RMS Threshold,0,0,1
3610,Normal,1,0.003922,RMS Threshold,0,0,1
3611,Normal,1,0.002262,RMS Threshold,0,0,1
3612,Normal,1,0.00269,RMS Threshold,0,0,1
3613,Normal,1,0.003549,RMS Threshold,0,0,1
3614,Normal,1,0.002174,RMS Threshold,0,0,1
3615,Normal,1,0.002832,RMS Threshold,0,0,1
3616,Normal,1,0.004305,RMS Threshold,0,0,1
3617,Normal,1,0.00234,RMS Threshold,0,0,1
3618,Normal,1,0.002712,RMS Threshold,0,0,1
3619,Normal,1,0.00409,RMS Threshold,0,0,1
3620,Normal,1,0.00226,RMS Threshold,0,0,1
3621,Normal,1,0.008156,RMS Threshold,0,0,1
3622,Normal,1,0.005403,RMS Threshold,0,0,1
3623,Normal,1,0.002004,RMS Threshold,0,0,1
3624,Normal,1,0.002403,RMS Threshold,0,0,1
3625,Normal,1,0.003841,RMS Threshold,0,0,1
3626,Normal,1,0.002177,RMS Threshold,0,0,1
3627,Normal,1,0.002401,RMS Threshold,0,0,1
3628,Normal,1,0.006129,RMS Threshold,0,0,1
3629,Normal,1,0.002217,RMS Threshold,0,0,1
3630,Normal,1,0.002337,RMS Threshold,0,0,1
3631,Normal,1,0.003789,RMS Threshold,0,0,1
3632,Normal,1,0.002118,RMS Threshold,0,0,1
3633,Normal,1,0.002665,RMS Threshold,0,0,1
3634,Normal,1,0.003869,RMS Threshold,0,0,1
3635,Normal,1,0.003035,RMS Threshold,0,0,1
3636,Normal,1,0.003211,RMS Threshold,0,0,1
3637,Normal,1,0.003865,RMS Threshold,0,0,1
3638,Normal,1,0.003521,RMS Threshold,0,0,1
3639,Normal,1,0.002917,RMS Threshold,0,0,1
3640,Normal,1,0.004428,RMS Threshold,0,0,1
3641,Normal,1,0.003592,RMS Threshold,0,0,1
3642,Normal,1,0.00416,RMS Threshold,0,0,1
3643,Normal,1,0.004378,RMS Threshold,0,0,1
3644,Normal,1,0.003432,RMS Threshold,0,0,1
3645,Normal,1,0.004196,RMS Threshold,0,0,1
3646,Normal,1,0.005294,RMS Threshold,0,0,1
3647,Normal,1,0.003853,RMS Threshold,0,0,1
3648,Normal,1,0.003638,RMS Threshold,0,0,1
3649,Normal,1,0.005355,RMS Threshold,0,0,1
3650,Normal,1,0.004205,RMS Threshold,0,0,1
3651,Normal,1,0.003696,RMS Threshold,0,0,1
3652,Normal,1,0.006384,RMS Threshold,0,0,1
3653,Normal,1,0.00411,RMS Threshold,0,0,1
3654,Normal,1,0.003618,RMS Threshold,0,0,1
3655,Normal,1,0.004525,RMS Threshold,0,0,1
3656,Normal,1,0.004244,RMS Threshold,0,0,1
3657,Normal,1,0.004332,RMS Threshold,0,0,1
3658,Normal,1,0.005491,RMS Threshold,0,0,1
3659,Normal,1,0.004596,RMS Threshold,0,0,1
3660,Normal,1,0.005555,RMS Threshold,0,0,1
3661,Normal,1,0.004503,RMS Threshold,0,0,1
3662,Normal,1,0.004664,RMS Threshold,0,0,1
3663,Normal,1,0.004522,RMS Threshold,0,0,1
3664,Normal,1,0.006288,RMS Threshold,0,0,1
3665,Normal,1,0.004011,RMS Threshold,0,0,1
3666,Normal,1,0.00463,RMS Threshold,0,0,1
3667,Normal,1,0.005345,RMS Threshold,0,0,1
3668,Normal,1,0.005791,RMS Threshold,0,0,1
3669,Normal,1,0.005145,RMS Threshold,0,0,1
3670,Normal,1,0.004917,RMS Threshold,0,0,1
3671,Normal,1,0.006156,RMS Threshold,0,0,1
3672,Normal,1,0.004368,RMS Threshold,0,0,1
3673,Normal,1,0.004677,RMS Threshold,0,0,1
3674,Normal,1,0.008386,RMS Threshold,0,0,1
3675,Normal,1,0.004072,RMS Threshold,0,0,1
3676,Normal,1,0.005146,RMS Threshold,0,0,1
3677,Normal,1,0.00662,RMS Threshold,0,0,1
3678,Normal,1,0.002644,RMS Threshold,0,0,1
3679,Normal,1,0.003153,RMS Threshold,0,0,1
3680,Normal,1,0.005779,RMS Threshold,0,0,1
3681,Normal,1,0.004275,RMS Threshold,0,0,1
3682,Normal,1,0.004317,RMS Threshold,0,0,1
3683,Normal,1,0.006667,RMS Threshold,0,0,1
3684,Normal,1,0.004615,RMS Threshold,0,0,1
3685,Normal,1,0.004445,RMS Threshold,0,0,1
3686,Normal,1,0.007474,RMS Threshold,0,0,1
3687,Normal,1,0.004181,RMS Threshold,0,0,1
3688,Normal,1,0.005511,RMS Threshold,0,0,1
3689,Normal,1,0.007186,RMS Threshold,0,0,1
3690,Normal,1,0.003917,RMS Threshold,0,0,1
3691,Normal,1,0.004646,RMS Threshold,0,0,1
3692,Normal,1,0.006169,RMS Threshold,0,0,1
3693,Normal,1,0.004495,RMS Threshold,0,0,1
3694,Normal,1,0.005222,RMS Threshold,0,0,1
3695,Normal,1,0.006894,RMS Threshold,0,0,1
3696,Normal,1,0.003845,RMS Threshold,0,0,1
3697,Normal,1,0.004344,RMS Threshold,0,0,1
3698,Normal,1,0.005841,RMS Threshold,0,0,1
3699,Normal,1,0.003965,RMS Threshold,0,0,1
3700,Normal,1,0.004552,RMS Threshold,0,0,1
3701,Normal,1,0.00645,RMS Threshold,0,0,1
3702,Normal,1,0.004435,RMS Threshold,0,0,1
3703,Normal,1,0.004283,RMS Threshold,0,0,1
3704,Normal,1,0.00634,RMS Threshold,0,0,1
3705,Normal,1,0.006172,RMS Threshold,0,0,1
3706,Normal,1,0.005019,RMS Threshold,0,0,1
3707,Normal,1,0.006452,RMS Threshold,0,0,1
3708,Normal,1,0.003805,RMS Threshold,0,0,1
3709,Normal,1,0.004631,RMS Threshold,0,0,1
3710,Normal,1,0.005825,RMS Threshold,0,0,1
3711,Normal,1,0.005388,RMS Threshold,0,0,1
3712,Normal,1,0.005216,RMS Threshold,0,0,1
3713,Normal,1,0.006561,RMS Threshold,0,0,1
3714,Normal,1,0.003749,RMS Threshold,0,0,1
3715,Normal,1,0.004629,RMS Threshold,0,0,1
3716,Normal,1,0.004896,RMS Threshold,0,0,1
3717,Normal,1,0.004302,RMS Threshold,0,0,1
3718,Normal,1,0.005028,RMS Threshold,0,0,1
3719,Normal,1,0.00623,RMS Threshold,0,0,1
3720,Normal,1,0.003887,RMS Threshold,0,0,1
3721,Normal,1,0.004983,RMS Threshold,0,0,1
3722,Normal,1,0.006798,RMS Threshold,0,0,1
3723,Normal,1,0.004044,RMS Threshold,0,0,1
3724,Normal,1,0.004417,RMS Threshold,0,0,1
3725,Normal,1,0.005589,RMS Threshold,0,0,1
3726,Normal,1,0.002781,RMS Threshold,0,0,1
3727,Normal,1,0.002158,RMS Threshold,0,0,1
3728,Normal,1,0.002291,RMS Threshold,0,0,1
3729,Normal,1,0.003047,RMS Threshold,0,0,1
3730,Normal,1,0.003237,RMS Threshold,0,0,1
3731,Normal,1,0.004718,RMS Threshold,0,0,1
3732,Normal,1,0.002604,RMS Threshold,0,0,1
3733,Normal,1,0.003255,RMS Threshold,0,0,1
3734,Normal,1,0.005257,RMS Threshold,0,0,1
3735,Normal,1,0.002397,RMS Threshold,0,0,1
3736,Normal,1,0.003381,RMS Threshold,0,0,1
3737,Normal,1,0.006021,RMS Threshold,0,0,1
3738,Normal,1,0.002571,RMS Threshold,0,0,1
3739,Normal,1,0.004393,RMS Threshold,0,0,1
3740,Normal,1,0.005729,RMS Threshold,0,0,1
3741,Normal,1,0.003715,RMS Threshold,0,0,1
3742,Normal,1,0.004098,RMS Threshold,0,0,1
3743,Normal,1,0.006001,RMS Threshold,0,0,1
3744,Normal,1,0.003042,RMS Threshold,0,0,1
3745,Normal,1,0.004482,RMS Threshold,0,0,1
3746,Normal,1,0.005944,RMS Threshold,0,0,1
3747,Normal,1,0.00381,RMS Threshold,0,0,1
3748,Normal,1,0.005115,RMS Threshold,0,0,1
3749,Normal,1,0.006219,RMS Threshold,0,0,1
3750,Normal,1,0.003362,RMS Threshold,0,0,1
3751,Normal,1,0.003726,RMS Threshold,0,0,1
3752,Normal,1,0.006057,RMS Threshold,0,0,1
3753,Normal,1,0.00275,RMS Threshold,0,0,1
3754,Normal,1,0.003677,RMS Threshold,0,0,1
3755,Normal,1,0.006746,RMS Threshold,0,0,1
3756,Normal,1,0.002621,RMS Threshold,0,0,1
3757,Normal,1,0.004083,RMS Threshold,0,0,1
3758,Normal,1,0.006725,RMS Threshold,0,0,1
3759,Normal,1,0.004135,RMS Threshold,0,0,1
3760,Normal,1,0.00562,RMS Threshold,0,0,1
3761,Normal,1,0.006219,RMS Threshold,0,0,1
3762,Normal,1,0.004812,RMS Threshold,0,0,1
3763,Normal,1,0.00555,RMS Threshold,0,0,1
3764,Noise,0.998891,0.014104,AST Model,0.00105,0.998891,5.90E-05
3765,Normal,1,0.007636,RMS Threshold,0,0,1
3766,Normal,1,0.008442,RMS Threshold,0,0,1
3767,Baby_Cry,0.69881,0.00977,AST Model,0.69881,0.300538,0.000652
3768,Normal,1,0.004225,RMS Threshold,0,0,1
3769,Normal,1,0.005669,RMS Threshold,0,0,1
3770,Normal,1,0.003807,RMS Threshold,0,0,1
3771,Normal,1,0.007242,RMS Threshold,0,0,1
3772,Normal,1,0.005273,RMS Threshold,0,0,1
3773,Normal,1,0.005394,RMS Threshold,0,0,1
3774,Normal,1,0.005125,RMS Threshold,0,0,1
3775,Normal,1,0.003938,RMS Threshold,0,0,1
3776,Normal,1,0.003393,RMS Threshold,0,0,1
3777,Normal,1,0.00525,RMS Threshold,0,0,1
3778,Normal,1,0.00302,RMS Threshold,0,0,1
3779,Normal,1,0.003113,RMS Threshold,0,0,1
3780,Normal,1,0.0047,RMS Threshold,0,0,1
3781,Normal,1,0.005923,RMS Threshold,0,0,1
3782,Normal,1,0.004006,RMS Threshold,0,0,1
3783,Normal,1,0.004869,RMS Threshold,0,0,1
3784,Normal,1,0.004354,RMS Threshold,0,0,1
3785,Normal,1,0.003094,RMS Threshold,0,0,1
3786,Normal,1,0.002429,RMS Threshold,0,0,1
3787,Normal,1,0.002322,RMS Threshold,0,0,1
3788,Normal,1,0.005379,RMS Threshold,0,0,1
3789,Normal,1,0.005818,RMS Threshold,0,0,1
3790,Normal,1,0.004434,RMS Threshold,0,0,1
3791,Normal,1,0.004232,RMS Threshold,0,0,1
3792,Normal,1,0.005468,RMS Threshold,0,0,1
3793,Normal,1,0.003851,RMS Threshold,0,0,1
3794,Normal,1,0.004387,RMS Threshold,0,0,1
3795,Normal,1,0.003938,RMS Threshold,0,0,1
3796,Normal,1,0.004855,RMS Threshold,0,0,1
3797,Normal,1,0.004382,RMS Threshold,0,0,1
3798,Normal,1,0.00391,RMS Threshold,0,0,1
3799,Normal,1,0.005077,RMS Threshold,0,0,1
3800,Normal,1,0.003839,RMS Threshold,0,0,1
3801,Normal,1,0.00366,RMS Threshold,0,0,1
3802,Normal,1,0.004126,RMS Threshold,0,0,1
3803,Normal,1,0.004164,RMS Threshold,0,0,1
3804,Normal,1,0.003471,RMS Threshold,0,0,1
3805,Normal,1,0.003862,RMS Threshold,0,0,1
3806,Normal,1,0.005415,RMS Threshold,0,0,1
3807,Normal,1,0.004506,RMS Threshold,0,0,1
3808,Normal,1,0.004148,RMS Threshold,0,0,1
3809,Normal,1,0.005215,RMS Threshold,0,0,1
3810,Normal,1,0.004856,RMS Threshold,0,0,1
3811,Normal,1,0.003554,RMS Threshold,0,0,1
3812,Normal,1,0.00359,RMS Threshold,0,0,1
3813,Normal,1,0.004002,RMS Threshold,0,0,1
3814,Normal,1,0.003801,RMS Threshold,0,0,1
3815,Normal,1,0.004207,RMS Threshold,0,0,1
3816,Normal,1,0.004605,RMS Threshold,0,0,1
3817,Normal,1,0.002902,RMS Threshold,0,0,1
3818,Normal,1,0.002513,RMS Threshold,0,0,1
3819,Normal,1,0.002741,RMS Threshold,0,0,1
3820,Normal,1,0.002072,RMS Threshold,0,0,1
3821,Normal,1,0.002763,RMS Threshold,0,0,1
3822,Normal,1,0.003018,RMS Threshold,0,0,1
3823,Normal,1,0.002604,RMS Threshold,0,0,1
3824,Normal,1,0.002389,RMS Threshold,0,0,1
3825,Normal,1,0.002491,RMS Threshold,0,0,1
3826,Normal,1,0.001967,RMS Threshold,0,0,1
3827,Normal,1,0.002683,RMS Threshold,0,0,1
3828,Normal,1,0.00252,RMS Threshold,0,0,1
3829,Normal,1,0.005106,RMS Threshold,0,0,1
3830,Normal,1,0.002611,RMS Threshold,0,0,1
3831,Normal,1,0.002491,RMS Threshold,0,0,1
3832,Normal,1,0.002735,RMS Threshold,0,0,1
3833,Normal,1,0.002332,RMS Threshold,0,0,1
3834,Normal,1,0.002685,RMS Threshold,0,0,1
3835,Normal,1,0.002988,RMS Threshold,0,0,1
3836,Normal,1,0.002495,RMS Threshold,0,0,1
3837,Normal,1,0.002424,RMS Threshold,0,0,1
3838,Normal,1,0.003217,RMS Threshold,0,0,1
3839,Normal,1,0.002619,RMS Threshold,0,0,1
3840,Normal,1,0.002537,RMS Threshold,0,0,1
3841,Normal,1,0.003007,RMS Threshold,0,0,1
3842,Normal,1,0.002674,RMS Threshold,0,0,1
3843,Normal,1,0.003743,RMS Threshold,0,0,1
3844,Normal,1,0.003364,RMS Threshold,0,0,1
3845,Normal,1,0.003756,RMS Threshold,0,0,1
3846,Normal,1,0.005818,RMS Threshold,0,0,1
3847,Normal,1,0.003978,RMS Threshold,0,0,1
3848,Normal,1,0.004833,RMS Threshold,0,0,1
3849,Normal,1,0.004021,RMS Threshold,0,0,1
3850,Normal,1,0.002951,RMS Threshold,0,0,1
3851,Normal,1,0.003283,RMS Threshold,0,0,1
3852,Normal,1,0.003895,RMS Threshold,0,0,1
3853,Normal,1,0.003652,RMS Threshold,0,0,1
3854,Normal,1,0.003796,RMS Threshold,0,0,1
3855,Normal,1,0.004357,RMS Threshold,0,0,1
3856,Normal,1,0.002961,RMS Threshold,0,0,1
3857,Normal,1,0.005505,RMS Threshold,0,0,1
3858,Normal,1,0.003917,RMS Threshold,0,0,1
3859,Normal,1,0.003723,RMS Threshold,0,0,1
3860,Normal,1,0.004669,RMS Threshold,0,0,1
3861,Normal,1,0.00392,RMS Threshold,0,0,1
3862,Normal,1,0.003864,RMS Threshold,0,0,1
3863,Normal,1,0.006841,RMS Threshold,0,0,1
3864,Normal,1,0.004983,RMS Threshold,0,0,1
3865,Normal,1,0.004981,RMS Threshold,0,0,1
3866,Normal,1,0.004049,RMS Threshold,0,0,1
3867,Normal,1,0.004434,RMS Threshold,0,0,1
3868,Normal,1,0.00552,RMS Threshold,0,0,1
3869,Normal,1,0.00387,RMS Threshold,0,0,1
3870,Normal,1,0.004915,RMS Threshold,0,0,1
3871,Normal,1,0.006838,RMS Threshold,0,0,1
3872,Normal,1,0.00395,RMS Threshold,0,0,1
3873,Normal,1,0.005521,RMS Threshold,0,0,1
3874,Normal,1,0.004168,RMS Threshold,0,0,1
3875,Normal,1,0.005174,RMS Threshold,0,0,1
3876,Normal,1,0.004402,RMS Threshold,0,0,1
3877,Normal,1,0.004413,RMS Threshold,0,0,1
3878,Normal,1,0.004699,RMS Threshold,0,0,1
3879,Normal,1,0.004218,RMS Threshold,0,0,1
3880,Normal,1,0.005093,RMS Threshold,0,0,1
3881,Normal,1,0.004533,RMS Threshold,0,0,1
3882,Normal,1,0.003183,RMS Threshold,0,0,1
3883,Normal,1,0.005306,RMS Threshold,0,0,1
3884,Normal,1,0.00616,RMS Threshold,0,0,1
3885,Normal,1,0.002615,RMS Threshold,0,0,1
3886,Baby_Cry,0.662911,0.009326,AST Model,0.662911,0.336412,0.000677
3887,Normal,1,0.003876,RMS Threshold,0,0,1
3888,Normal,1,0.003874,RMS Threshold,0,0,1
3889,Normal,1,0.002813,RMS Threshold,0,0,1
3890,Normal,1,0.003612,RMS Threshold,0,0,1
3891,Normal,1,0.002924,RMS Threshold,0,0,1
3892,Normal,1,0.002528,RMS Threshold,0,0,1
3893,Normal,1,0.004318,RMS Threshold,0,0,1
3894,Normal,1,0.002837,RMS Threshold,0,0,1
3895,Normal,1,0.002755,RMS Threshold,0,0,1
3896,Normal,1,0.003781,RMS Threshold,0,0,1
3897,Normal,1,0.003052,RMS Threshold,0,0,1
3898,Normal,1,0.003784,RMS Threshold,0,0,1
3899,Normal,1,0.004087,RMS Threshold,0,0,1
3900,Noise,0.999706,0.009032,AST Model,0.000205,0.999706,8.90E-05
3901,Normal,1,0.003953,RMS Threshold,0,0,1
3902,Normal,1,0.007345,RMS Threshold,0,0,1
3903,Normal,1,0.008663,RMS Threshold,0,0,1
3904,Normal,1,0.006112,RMS Threshold,0,0,1
3905,Noise,0.928973,0.018803,AST Model,0.0707,0.928973,0.000328
3906,Normal,1,0.002954,RMS Threshold,0,0,1
3907,Normal,1,0.002341,RMS Threshold,0,0,1
3908,Normal,1,0.003766,RMS Threshold,0,0,1
3909,Normal,1,0.004042,RMS Threshold,0,0,1
3910,Normal,1,0.002528,RMS Threshold,0,0,1
3911,Normal,1,0.004186,RMS Threshold,0,0,1
3912,Normal,1,0.003492,RMS Threshold,0,0,1
3913,Normal,1,0.003573,RMS Threshold,0,0,1
3914,Normal,1,0.004087,RMS Threshold,0,0,1
3915,Normal,1,0.003831,RMS Threshold,0,0,1
3916,Normal,1,0.004689,RMS Threshold,0,0,1
3917,Normal,1,0.003561,RMS Threshold,0,0,1
3918,Normal,1,0.004961,RMS Threshold,0,0,1
3919,Normal,1,0.004378,RMS Threshold,0,0,1
3920,Normal,1,0.005109,RMS Threshold,0,0,1
3921,Normal,1,0.005955,RMS Threshold,0,0,1
3922,Normal,1,0.005202,RMS Threshold,0,0,1
3923,Normal,1,0.003975,RMS Threshold,0,0,1
3924,Normal,1,0.004296,RMS Threshold,0,0,1
3925,Normal,1,0.004151,RMS Threshold,0,0,1
3926,Normal,1,0.003744,RMS Threshold,0,0,1
3927,Normal,1,0.004132,RMS Threshold,0,0,1
3928,Normal,1,0.004423,RMS Threshold,0,0,1
3929,Normal,1,0.003915,RMS Threshold,0,0,1
3930,Normal,1,0.004614,RMS Threshold,0,0,1
3931,Normal,1,0.004016,RMS Threshold,0,0,1
3932,Normal,1,0.003812,RMS Threshold,0,0,1
3933,Normal,1,0.004278,RMS Threshold,0,0,1
3934,Noise,0.942176,0.017562,AST Model,0.057625,0.942176,0.000199
3935,Normal,1,0.007954,RMS Threshold,0,0,1
3936,Normal,1,0.007549,RMS Threshold,0,0,1
3937,Normal,1,0.00882,RMS Threshold,0,0,1
3938,Normal,1,0.004357,RMS Threshold,0,0,1
3939,Normal,1,0.00489,RMS Threshold,0,0,1
3940,Normal,1,0.007646,RMS Threshold,0,0,1
3941,Normal,1,0.002632,RMS Threshold,0,0,1
3942,Normal,1,0.008661,RMS Threshold,0,0,1
3943,Normal,1,0.008309,RMS Threshold,0,0,1
3944,Normal,1,0.002578,RMS Threshold,0,0,1
3945,Normal,1,0.007553,RMS Threshold,0,0,1
3946,Normal,1,0.007876,RMS Threshold,0,0,1
3947,Noise,0.999558,0.009596,AST Model,8.30E-05,0.999558,0.000359
3948,Normal,1,0.007454,RMS Threshold,0,0,1
3949,Normal,1,0.004094,RMS Threshold,0,0,1
3950,Normal,1,0.006998,RMS Threshold,0,0,1
3951,Normal,1,0.007373,RMS Threshold,0,0,1
3952,Normal,1,0.008331,RMS Threshold,0,0,1
3953,Noise,0.975336,0.009151,AST Model,0.000499,0.975336,0.024165
3954,Normal,1,0.008096,RMS Threshold,0,0,1
3955,Normal,1,0.008797,RMS Threshold,0,0,1
3956,Baby_Cry,0.872755,0.009843,AST Model,0.872755,0.126763,0.000482
3957,Baby_Cry,0.955747,0.016919,AST Model,0.955747,0.043728,0.000526
3958,Normal,1,0.002512,RMS Threshold,0,0,1
3959,Normal,1,0.003788,RMS Threshold,0,0,1
3960,Normal,1,0.004076,RMS Threshold,0,0,1
3961,Normal,1,0.00721,RMS Threshold,0,0,1
3962,Normal,1,0.004157,RMS Threshold,0,0,1
3963,Baby_Cry,0.948648,0.013733,AST Model,0.948648,0.051083,0.000269
3964,Normal,1,0.003525,RMS Threshold,0,0,1
3965,Normal,1,0.006248,RMS Threshold,0,0,1
3966,Normal,1,0.004554,RMS Threshold,0,0,1
3967,Baby_Cry,0.97255,0.014073,AST Model,0.97255,0.027237,0.000213
3968,Normal,1,0.004866,RMS Threshold,0,0,1
3969,Normal,1,0.006043,RMS Threshold,0,0,1
3970,Noise,0.99251,0.009295,AST Model,0.007314,0.99251,0.000176
3971,Noise,0.951641,0.016267,AST Model,0.048038,0.951641,0.000321
3972,Normal,1,0.008484,RMS Threshold,0,0,1
3973,Normal,1,0.005329,RMS Threshold,0,0,1
3974,Baby_Cry,0.770279,0.010443,AST Model,0.770279,0.228711,0.00101
3975,Normal,1,0.004146,RMS Threshold,0,0,1
3976,Normal,1,0.005758,RMS Threshold,0,0,1
3977,Normal,1,0.007254,RMS Threshold,0,0,1
3978,Noise,0.983021,0.011715,AST Model,0.016706,0.983021,0.000273
3979,Normal,1,0.004421,RMS Threshold,0,0,1
3980,Normal,1,0.006149,RMS Threshold,0,0,1
3981,Normal,1,0.00748,RMS Threshold,0,0,1
3982,Normal,1,0.007825,RMS Threshold,0,0,1
3983,Normal,1,0.007031,RMS Threshold,0,0,1
3984,Baby_Cry,0.789947,0.011372,AST Model,0.789947,0.209508,0.000544
3985,Normal,1,0.00303,RMS Threshold,0,0,1
3986,Normal,1,0.003655,RMS Threshold,0,0,1
3987,Normal,1,0.008099,RMS Threshold,0,0,1
3988,Baby_Cry,0.928108,0.018544,AST Model,0.928108,0.071378,0.000514
3989,Normal,1,0.003518,RMS Threshold,0,0,1
3990,Normal,1,0.003779,RMS Threshold,0,0,1
3991,Normal,1,0.006405,RMS Threshold,0,0,1
3992,Normal,1,0.007644,RMS Threshold,0,0,1
3993,Normal,1,0.00421,RMS Threshold,0,0,1
3994,Normal,1,0.006601,RMS Threshold,0,0,1
3995,Normal,1,0.007348,RMS Threshold,0,0,1
3996,Normal,1,0.003415,RMS Threshold,0,0,1
3997,Normal,1,0.004795,RMS Threshold,0,0,1
3998,Normal,1,0.004346,RMS Threshold,0,0,1
3999,Normal,1,0.005763,RMS Threshold,0,0,1
4000,Noise,0.856506,0.013452,AST Model,0.143115,0.856506,0.00038
4001,Normal,1,0.008029,RMS Threshold,0,0,1
4002,Normal,1,0.004759,RMS Threshold,0,0,1
4003,Normal,1,0.005985,RMS Threshold,0,0,1
4004,Normal,1,0.00877,RMS Threshold,0,0,1
4005,Baby_Cry,0.976853,0.015137,AST Model,0.976853,0.022771,0.000377
4006,Normal,1,0.00369,RMS Threshold,0,0,1
4007,Normal,1,0.005183,RMS Threshold,0,0,1
4008,Normal,1,0.007325,RMS Threshold,0,0,1
4009,Baby_Cry,0.836676,0.011529,AST Model,0.836676,0.162193,0.001131
4010,Normal,1,0.003294,RMS Threshold,0,0,1
4011,Normal,1,0.007775,RMS Threshold,0,0,1
4012,Normal,1,0.004451,RMS Threshold,0,0,1
4013,Normal,1,0.006343,RMS Threshold,0,0,1
4014,Normal,1,0.005522,RMS Threshold,0,0,1
4015,Noise,0.735213,0.010154,AST Model,0.263715,0.735213,0.001072
4016,Normal,1,0.004384,RMS Threshold,0,0,1
4017,Normal,1,0.005464,RMS Threshold,0,0,1
4018,Normal,1,0.005343,RMS Threshold,0,0,1
4019,Normal,1,0.005793,RMS Threshold,0,0,1
4020,Normal,1,0.008354,RMS Threshold,0,0,1
4021,Baby_Cry,0.77723,0.010445,AST Model,0.77723,0.221902,0.000868
4022,Normal,1,0.005139,RMS Threshold,0,0,1
4023,Normal,1,0.006901,RMS Threshold,0,0,1
4024,Normal,1,0.00608,RMS Threshold,0,0,1
4025,Normal,1,0.005466,RMS Threshold,0,0,1
4026,Normal,1,0.004541,RMS Threshold,0,0,1
4027,Normal,1,0.005578,RMS Threshold,0,0,1
4028,Normal,1,0.004226,RMS Threshold,0,0,1
4029,Normal,1,0.008562,RMS Threshold,0,0,1
4030,Normal,1,0.005726,RMS Threshold,0,0,1
4031,Normal,1,0.005218,RMS Threshold,0,0,1
4032,Normal,1,0.005729,RMS Threshold,0,0,1
4033,Normal,1,0.004329,RMS Threshold,0,0,1
4034,Normal,1,0.006439,RMS Threshold,0,0,1
4035,Normal,1,0.004932,RMS Threshold,0,0,1
4036,Normal,1,0.004941,RMS Threshold,0,0,1
4037,Normal,1,0.004586,RMS Threshold,0,0,1
4038,Normal,1,0.00636,RMS Threshold,0,0,1
4039,Noise,0.998156,0.009908,AST Model,0.001769,0.998156,7.60E-05
4040,Normal,1,0.007214,RMS Threshold,0,0,1
4041,Normal,1,0.006203,RMS Threshold,0,0,1
4042,Normal,1,0.006031,RMS Threshold,0,0,1
4043,Noise,0.659452,0.013329,AST Model,0.33965,0.659452,0.000899
4044,Normal,1,0.005508,RMS Threshold,0,0,1
4045,Normal,1,0.004724,RMS Threshold,0,0,1
4046,Normal,1,0.006029,RMS Threshold,0,0,1
4047,Normal,1,0.007296,RMS Threshold,0,0,1
4048,Normal,1,0.005911,RMS Threshold,0,0,1
4049,Normal,1,0.004922,RMS Threshold,0,0,1
4050,Baby_Cry,0.881464,0.011611,AST Model,0.881464,0.118156,0.000381
4051,Baby_Cry,0.54819,0.010076,AST Model,0.54819,0.451242,0.000568
4052,Normal,1,0.003447,RMS Threshold,0,0,1
4053,Noise,0.71068,0.009017,AST Model,0.288974,0.71068,0.000346
4054,Baby_Cry,0.553468,0.012039,AST Model,0.553468,0.445668,0.000864
4055,Normal,1,0.005345,RMS Threshold,0,0,1
4056,Normal,1,0.00635,RMS Threshold,0,0,1
4057,Normal,1,0.005843,RMS Threshold,0,0,1
4058,Normal,1,0.005146,RMS Threshold,0,0,1
4059,Normal,1,0.0043,RMS Threshold,0,0,1
4060,Normal,1,0.005074,RMS Threshold,0,0,1
4061,Normal,1,0.005043,RMS Threshold,0,0,1
4062,Normal,1,0.00399,RMS Threshold,0,0,1
4063,Normal,1,0.004305,RMS Threshold,0,0,1
4064,Normal,1,0.006688,RMS Threshold,0,0,1
4065,Normal,1,0.003986,RMS Threshold,0,0,1
4066,Normal,1,0.007999,RMS Threshold,0,0,1
4067,Normal,1,0.003977,RMS Threshold,0,0,1
4068,Normal,1,0.004312,RMS Threshold,0,0,1
4069,Normal,1,0.008608,RMS Threshold,0,0,1
4070,Normal,1,0.005483,RMS Threshold,0,0,1
4071,Noise,0.987079,0.010679,AST Model,0.012676,0.987079,0.000245
4072,Normal,1,0.004451,RMS Threshold,0,0,1
4073,Normal,1,0.008778,RMS Threshold,0,0,1
4074,Noise,0.556034,0.019636,AST Model,0.443589,0.556034,0.000377
4075,Normal,1,0.008435,RMS Threshold,0,0,1
4076,Normal,1,0.006733,RMS Threshold,0,0,1
4077,Baby_Cry,0.630997,0.012488,AST Model,0.630997,0.367701,0.001302
4078,Normal,1,0.008313,RMS Threshold,0,0,1
4079,Normal,1,0.003534,RMS Threshold,0,0,1
4080,Normal,1,0.008297,RMS Threshold,0,0,1
4081,Normal,1,0.006558,RMS Threshold,0,0,1
4082,Normal,1,0.005804,RMS Threshold,0,0,1
4083,Normal,1,0.004768,RMS Threshold,0,0,1
4084,Noise,0.997687,0.009378,AST Model,0.002266,0.997687,4.80E-05
4085,Noise,0.988026,0.02062,AST Model,0.01187,0.988026,0.000104
4086,Normal,1,0.004627,RMS Threshold,0,0,1
4087,Normal,1,0.007716,RMS Threshold,0,0,1
4088,Normal,1,0.004516,RMS Threshold,0,0,1
4089,Normal,1,0.002701,RMS Threshold,0,0,1
4090,Normal,1,0.008638,RMS Threshold,0,0,1
4091,Normal,1,0.002792,RMS Threshold,0,0,1
4092,Normal,1,0.006374,RMS Threshold,0,0,1
4093,Normal,1,0.005598,RMS Threshold,0,0,1
4094,Normal,1,0.005548,RMS Threshold,0,0,1
4095,Normal,1,0.008424,RMS Threshold,0,0,1
4096,Noise,0.978301,0.009407,AST Model,0.021628,0.978301,7.00E-05
4097,Noise,0.85579,0.011523,AST Model,0.144071,0.85579,0.000139
4098,Normal,1,0.007772,RMS Threshold,0,0,1
4099,Normal,1,0.006879,RMS Threshold,0,0,1
4100,Normal,1,0.006852,RMS Threshold,0,0,1
4101,Noise,0.98738,0.01487,AST Model,0.012563,0.98738,5.70E-05
4102,Noise,0.609949,0.017567,AST Model,0.389836,0.609949,0.000215
4103,Normal,1,0.008036,RMS Threshold,0,0,1
4104,Normal,1,0.004841,RMS Threshold,0,0,1
4105,Normal,1,0.008716,RMS Threshold,0,0,1
4106,Baby_Cry,0.975265,0.017927,AST Model,0.975265,0.024579,0.000156
4107,Normal,1,0.005854,RMS Threshold,0,0,1
4108,Noise,0.999616,0.011535,AST Model,0.000293,0.999616,9.10E-05
4109,Noise,0.812558,0.02662,AST Model,0.187279,0.812558,0.000163
4110,Normal,1,0.006704,RMS Threshold,0,0,1
4111,Normal,1,0.00557,RMS Threshold,0,0,1
4112,Normal,1,0.008926,RMS Threshold,0,0,1
4113,Normal,1,0.006321,RMS Threshold,0,0,1
4114,Normal,1,0.006292,RMS Threshold,0,0,1
4115,Normal,1,0.005112,RMS Threshold,0,0,1
4116,Normal,1,0.005729,RMS Threshold,0,0,1
4117,Normal,1,0.006288,RMS Threshold,0,0,1
4118,Normal,1,0.007196,RMS Threshold,0,0,1
4119,Normal,1,0.00388,RMS Threshold,0,0,1
4120,Normal,1,0.004857,RMS Threshold,0,0,1
4121,Normal,1,0.004976,RMS Threshold,0,0,1
4122,Normal,1,0.004864,RMS Threshold,0,0,1
4123,Normal,1,0.006498,RMS Threshold,0,0,1
4124,Normal,1,0.00488,RMS Threshold,0,0,1
4125,Normal,1,0.00741,RMS Threshold,0,0,1
4126,Normal,1,0.006699,RMS Threshold,0,0,1
4127,Normal,1,0.004218,RMS Threshold,0,0,1
4128,Normal,1,0.008915,RMS Threshold,0,0,1
4129,Normal,1,0.008567,RMS Threshold,0,0,1
4130,Normal,1,0.008868,RMS Threshold,0,0,1
4131,Baby_Cry,0.742629,0.019163,AST Model,0.742629,0.256803,0.000568
4132,Normal,1,0.005676,RMS Threshold,0,0,1
4133,Noise,0.681061,0.011288,AST Model,0.318576,0.681061,0.000364
4134,Normal,1,0.006453,RMS Threshold,0,0,1
4135,Normal,1,0.00546,RMS Threshold,0,0,1
4136,Normal,1,0.005286,RMS Threshold,0,0,1
4137,Normal,1,0.006579,RMS Threshold,0,0,1
4138,Normal,1,0.005738,RMS Threshold,0,0,1
4139,Normal,1,0.006705,RMS Threshold,0,0,1
4140,Normal,1,0.004385,RMS Threshold,0,0,1
4141,Normal,1,0.006633,RMS Threshold,0,0,1
4142,Normal,1,0.006097,RMS Threshold,0,0,1
4143,Noise,0.931583,0.013518,AST Model,0.06822,0.931583,0.000197
4144,Normal,1,0.008108,RMS Threshold,0,0,1
4145,Noise,0.999242,0.012679,AST Model,0.000668,0.999242,9.00E-05
4146,Normal,1,0.005886,RMS Threshold,0,0,1
4147,Normal,1,0.008122,RMS Threshold,0,0,1
4148,Baby_Cry,0.873969,0.012641,AST Model,0.873969,0.125536,0.000494
4149,Normal,1,0.003015,RMS Threshold,0,0,1
4150,Baby_Cry,0.960434,0.028754,AST Model,0.960434,0.039403,0.000162
4151,Normal,1,0.002236,RMS Threshold,0,0,1
4152,Normal,1,0.003301,RMS Threshold,0,0,1
4153,Baby_Cry,0.80364,0.015222,AST Model,0.80364,0.195971,0.000389
4154,Normal,1,0.006398,RMS Threshold,0,0,1
4155,Normal,1,0.006446,RMS Threshold,0,0,1
4156,Normal,1,0.005352,RMS Threshold,0,0,1
4157,Normal,1,0.006894,RMS Threshold,0,0,1
4158,Normal,1,0.005004,RMS Threshold,0,0,1
4159,Normal,1,0.008436,RMS Threshold,0,0,1
4160,Baby_Cry,0.951454,0.010518,AST Model,0.951454,0.0483,0.000247
4161,Normal,1,0.004376,RMS Threshold,0,0,1
4162,Normal,1,0.006201,RMS Threshold,0,0,1
4163,Normal,1,0.007477,RMS Threshold,0,0,1
4164,Normal,1,0.0041,RMS Threshold,0,0,1
4165,Normal,1,0.00769,RMS Threshold,0,0,1
4166,Noise,0.995672,0.015475,AST Model,0.003967,0.995672,0.000361
4167,Noise,0.999419,0.013068,AST Model,0.000436,0.999419,0.000145
4168,Noise,0.997319,0.02006,AST Model,0.002516,0.997319,0.000165
4169,Normal,1,0.007091,RMS Threshold,0,0,1
4170,Noise,0.685484,0.009661,AST Model,0.313887,0.685484,0.000629
4171,Normal,1,0.006,RMS Threshold,0,0,1
4172,Noise,0.98258,0.019277,AST Model,0.017179,0.98258,0.000241
4173,Normal,1,0.007423,RMS Threshold,0,0,1
4174,Normal,1,0.006699,RMS Threshold,0,0,1
4175,Noise,0.981733,0.010078,AST Model,0.017987,0.981733,0.00028
4176,Normal,1,0.007675,RMS Threshold,0,0,1
4177,Normal,1,0.008312,RMS Threshold,0,0,1
4178,Normal,1,0.008495,RMS Threshold,0,0,1
4179,Normal,1,0.006013,RMS Threshold,0,0,1
4180,Baby_Cry,0.855507,0.018016,AST Model,0.855507,0.144362,0.000131
4181,Baby_Cry,0.995218,0.042629,AST Model,0.995218,0.0047,8.20E-05
4182,Baby_Cry,0.74452,0.023819,AST Model,0.74452,0.255231,0.000249
4183,Noise,0.763495,0.012087,AST Model,0.236187,0.763495,0.000318
4184,Baby_Cry,0.962323,0.016458,AST Model,0.962323,0.037517,0.00016
4185,Noise,0.976313,0.013162,AST Model,0.023545,0.976313,0.000142
4186,Noise,0.747816,0.009577,AST Model,0.251673,0.747816,0.000511
4187,Normal,1,0.007165,RMS Threshold,0,0,1
4188,Baby_Cry,0.936943,0.018518,AST Model,0.936943,0.062735,0.000322
4189,Baby_Cry,0.991575,0.046348,AST Model,0.991575,0.007956,0.00047
4190,Baby_Cry,0.762863,0.01768,AST Model,0.762863,0.236622,0.000516
4191,Normal,1,0.005522,RMS Threshold,0,0,1
4192,Noise,0.979919,0.098318,AST Model,0.019899,0.979919,0.000182
4193,Noise,0.998664,0.015548,AST Model,0.000109,0.998664,0.001227
4194,Normal,1,0.004035,RMS Threshold,0,0,1
4195,Noise,0.999033,0.035183,AST Model,0.000568,0.999033,0.000399
4196,Normal,1,0.005175,RMS Threshold,0,0,1
4197,Noise,0.998937,0.025352,AST Model,0.00036,0.998937,0.000703
4198,Noise,0.999654,0.029638,AST Model,6.70E-05,0.999654,0.000279
4199,Noise,0.998055,0.058313,AST Model,0.001403,0.998055,0.000542
4200,Noise,0.998852,0.016499,AST Model,7.30E-05,0.998852,0.001074
4201,Noise,0.996312,0.040394,AST Model,0.001062,0.996312,0.002626
4202,Noise,0.997467,0.021644,AST Model,0.000167,0.997467,0.002367
4203,Noise,0.999171,0.015663,AST Model,0.000146,0.999171,0.000683
4204,Noise,0.998066,0.036679,AST Model,0.000428,0.998066,0.001506
4205,Noise,0.998397,0.040527,AST Model,0.001128,0.998397,0.000475
4206,Noise,0.998396,0.011212,AST Model,7.50E-05,0.998396,0.00153
4207,Noise,0.998569,0.036661,AST Model,0.000197,0.998569,0.001234
4208,Noise,0.968666,0.025341,AST Model,0.018505,0.968666,0.012829
4209,Noise,0.998999,0.032847,AST Model,0.000332,0.998999,0.000668
4210,Noise,0.992831,0.021949,AST Model,0.000363,0.992831,0.006806
4211,Noise,0.993041,0.035269,AST Model,0.001008,0.993041,0.005951
4212,Noise,0.999137,0.023086,AST Model,0.00022,0.999137,0.000644
4213,Noise,0.999731,0.016406,AST Model,8.30E-05,0.999731,0.000186
4214,Noise,0.999439,0.112077,AST Model,0.000239,0.999439,0.000323
4215,Noise,0.999513,0.122602,AST Model,0.00028,0.999513,0.000207
4216,Noise,0.999728,0.019961,AST Model,7.30E-05,0.999728,0.000198
4217,Noise,0.999711,0.027057,AST Model,0.000153,0.999711,0.000137
4218,Noise,0.999805,0.023265,AST Model,5.50E-05,0.999805,0.000139
4219,Noise,0.999685,0.023264,AST Model,8.40E-05,0.999685,0.000231
4220,Noise,0.999688,0.01539,AST Model,0.000118,0.999688,0.000194
4221,Noise,0.999793,0.015365,AST Model,6.50E-05,0.999793,0.000142
4222,Noise,0.995528,0.010303,AST Model,7.50E-05,0.995528,0.004397
4223,Noise,0.999752,0.01751,AST Model,0.000158,0.999752,9.10E-05
4224,Noise,0.998761,0.026999,AST Model,0.00096,0.998761,0.000278
4225,Normal,1,0.007948,RMS Threshold,0,0,1
4226,Noise,0.999495,0.009074,AST Model,8.30E-05,0.999495,0.000422
4227,Noise,0.995999,0.00952,AST Model,0.000236,0.995999,0.003764
4228,Noise,0.959922,0.010012,AST Model,0.000747,0.959922,0.039331
4229,Noise,0.994247,0.010531,AST Model,0.000291,0.994247,0.005462
4230,Normal,1,0.00651,RMS Threshold,0,0,1
4231,Noise,0.997249,0.010524,AST Model,0.000224,0.997249,0.002526
4232,Normal,1,0.007734,RMS Threshold,0,0,1
4233,Noise,0.999683,0.009191,AST Model,7.40E-05,0.999683,0.000243
4234,Normal,1,0.005982,RMS Threshold,0,0,1
4235,Normal,1,0.004316,RMS Threshold,0,0,1
4236,Normal,1,0.003678,RMS Threshold,0,0,1
4237,Normal,1,0.005862,RMS Threshold,0,0,1
4238,Normal,1,0.005736,RMS Threshold,0,0,1
4239,Normal,1,0.003723,RMS Threshold,0,0,1
4240,Normal,1,0.003532,RMS Threshold,0,0,1
4241,Noise,0.595598,0.009472,AST Model,0.403727,0.595598,0.000675
4242,Normal,1,0.004318,RMS Threshold,0,0,1
4243,Normal,1,0.008377,RMS Threshold,0,0,1
4244,Noise,0.999434,0.011968,AST Model,0.000485,0.999434,8.10E-05
4245,Normal,1,0.003529,RMS Threshold,0,0,1
4246,Normal,1,0.007494,RMS Threshold,0,0,1
4247,Normal,1,0.005054,RMS Threshold,0,0,1
4248,Normal,1,0.006025,RMS Threshold,0,0,1
4249,Normal,1,0.008352,RMS Threshold,0,0,1
4250,Normal,1,0.00858,RMS Threshold,0,0,1
4251,Normal,1,0.008159,RMS Threshold,0,0,1
4252,Normal,1,0.007819,RMS Threshold,0,0,1
4253,Normal,1,0.008034,RMS Threshold,0,0,1
4254,Normal,1,0.005214,RMS Threshold,0,0,1
4255,Normal,1,0.008404,RMS Threshold,0,0,1
4256,Normal,1,0.008469,RMS Threshold,0,0,1
4257,Normal,1,0.008712,RMS Threshold,0,0,1
4258,Normal,1,0.002616,RMS Threshold,0,0,1
4259,Noise,0.997088,0.009748,AST Model,0.000106,0.997088,0.002805
4260,Normal,1,0.003284,RMS Threshold,0,0,1
4261,Normal,1,0.006891,RMS Threshold,0,0,1
4262,Noise,0.999561,0.009341,AST Model,0.00033,0.999561,0.000109
4263,Normal,1,0.008346,RMS Threshold,0,0,1
4264,Noise,0.994075,0.00932,AST Model,0.000171,0.994075,0.005754
4265,Noise,0.999447,0.013539,AST Model,0.000356,0.999447,0.000197
4266,Noise,0.998286,0.013255,AST Model,0.001098,0.998286,0.000616
4267,Normal,1,0.008093,RMS Threshold,0,0,1
4268,Baby_Cry,0.69827,0.0135,AST Model,0.69827,0.300532,0.001198
4269,Normal,1,0.003781,RMS Threshold,0,0,1
4270,Normal,1,0.006289,RMS Threshold,0,0,1
4271,Noise,0.995088,0.012408,AST Model,0.000256,0.995088,0.004655
4272,Noise,0.998691,0.020966,AST Model,0.00078,0.998691,0.000529
4273,Normal,1,0.00871,RMS Threshold,0,0,1
4274,Normal,1,0.008505,RMS Threshold,0,0,1
4275,Normal,1,0.006656,RMS Threshold,0,0,1
4276,Normal,1,0.007826,RMS Threshold,0,0,1
4277,Normal,1,0.007485,RMS Threshold,0,0,1
4278,Normal,1,0.008633,RMS Threshold,0,0,1
4279,Normal,1,0.008336,RMS Threshold,0,0,1
4280,Normal,1,0.004246,RMS Threshold,0,0,1
4281,Noise,0.995524,0.009811,AST Model,0.004191,0.995524,0.000284
4282,Normal,1,0.008824,RMS Threshold,0,0,1
4283,Normal,1,0.008199,RMS Threshold,0,0,1
4284,Noise,0.999338,0.015384,AST Model,0.000272,0.999338,0.00039
4285,Noise,0.999071,0.018114,AST Model,0.000618,0.999071,0.000311
4286,Noise,0.999157,0.019004,AST Model,0.000414,0.999157,0.00043
4287,Noise,0.999021,0.021072,AST Model,0.00051,0.999021,0.000468
4288,Noise,0.999388,0.019093,AST Model,0.00043,0.999388,0.000182
4289,Noise,0.998782,0.010581,AST Model,0.000813,0.998782,0.000405
4290,Noise,0.999224,0.018631,AST Model,0.00052,0.999224,0.000256
4291,Normal,1,0.008745,RMS Threshold,0,0,1
4292,Noise,0.865263,0.010535,AST Model,0.001219,0.865263,0.133518
4293,Normal,1,0.008575,RMS Threshold,0,0,1
4294,Noise,0.99766,0.009135,AST Model,0.000142,0.99766,0.002199
4295,Noise,0.998928,0.01735,AST Model,0.000581,0.998928,0.000492
4296,Noise,0.997088,0.020623,AST Model,0.002236,0.997088,0.000677
4297,Noise,0.999356,0.023937,AST Model,0.000178,0.999356,0.000466
4298,Noise,0.998686,0.025508,AST Model,0.000947,0.998686,0.000367
4299,Normal,1,0.008096,RMS Threshold,0,0,1
4300,Normal,1,0.008617,RMS Threshold,0,0,1
4301,Normal,1,0.008735,RMS Threshold,0,0,1
4302,Normal,1,0.007751,RMS Threshold,0,0,1
4303,Normal,1,0.007639,RMS Threshold,0,0,1
4304,Normal,1,0.005116,RMS Threshold,0,0,1
4305,Normal,1,0.006947,RMS Threshold,0,0,1
4306,Noise,0.999105,0.01675,AST Model,0.000408,0.999105,0.000488
4307,Normal,1,0.006644,RMS Threshold,0,0,1
4308,Normal,1,0.008905,RMS Threshold,0,0,1
4309,Normal,1,0.008527,RMS Threshold,0,0,1
4310,Normal,1,0.006091,RMS Threshold,0,0,1
4311,Normal,1,0.00803,RMS Threshold,0,0,1
4312,Normal,1,0.008531,RMS Threshold,0,0,1
4313,Normal,1,0.007896,RMS Threshold,0,0,1
4314,Normal,1,0.008036,RMS Threshold,0,0,1
4315,Noise,0.999433,0.015279,AST Model,0.000408,0.999433,0.000159
4316,Normal,1,0.007461,RMS Threshold,0,0,1
4317,Normal,1,0.008742,RMS Threshold,0,0,1
4318,Noise,0.999481,0.01591,AST Model,0.000342,0.999481,0.000177
4319,Normal,1,0.007703,RMS Threshold,0,0,1
4320,Normal,1,0.007612,RMS Threshold,0,0,1
4321,Normal,1,0.008799,RMS Threshold,0,0,1
4322,Noise,0.999023,0.020816,AST Model,0.000564,0.999023,0.000413
4323,Noise,0.999593,0.016792,AST Model,0.000201,0.999593,0.000205
4324,Normal,1,0.006835,RMS Threshold,0,0,1
4325,Normal,1,0.00556,RMS Threshold,0,0,1
4326,Noise,0.999141,0.015398,AST Model,0.000609,0.999141,0.000251
4327,Noise,0.999645,0.019935,AST Model,0.000259,0.999645,9.60E-05
4328,Normal,1,0.008608,RMS Threshold,0,0,1
4329,Noise,0.9997,0.016254,AST Model,0.00015,0.9997,0.00015
4330,Noise,0.99967,0.01658,AST Model,0.000151,0.99967,0.000179
4331,Noise,0.99945,0.012368,AST Model,0.000173,0.99945,0.000377
4332,Noise,0.996087,0.019582,AST Model,0.002543,0.996087,0.00137
4333,Noise,0.990116,0.022377,AST Model,0.008748,0.990116,0.001136
4334,Noise,0.997919,0.021775,AST Model,0.001006,0.997919,0.001075
4335,Noise,0.990986,0.022461,AST Model,0.006324,0.990986,0.002691
4336,Noise,0.999517,0.009661,AST Model,0.000199,0.999517,0.000285
4337,Normal,1,0.008193,RMS Threshold,0,0,1
4338,Normal,1,0.008339,RMS Threshold,0,0,1
4339,Noise,0.998437,0.024632,AST Model,0.001165,0.998437,0.000397
4340,Noise,0.995006,0.02039,AST Model,0.004698,0.995006,0.000295
4341,Noise,0.997558,0.013974,AST Model,0.002197,0.997558,0.000245
4342,Noise,0.956159,0.016957,AST Model,0.043417,0.956159,0.000424
4343,Noise,0.998701,0.01935,AST Model,0.001137,0.998701,0.000163
4344,Noise,0.97759,0.022041,AST Model,0.021723,0.97759,0.000687
4345,Noise,0.997555,0.022975,AST Model,0.00227,0.997555,0.000175
4346,Normal,1,0.008111,RMS Threshold,0,0,1
4347,Normal,1,0.002986,RMS Threshold,0,0,1
4348,Normal,1,0.006016,RMS Threshold,0,0,1
4349,Normal,1,0.008713,RMS Threshold,0,0,1
4350,Normal,1,0.007641,RMS Threshold,0,0,1
4351,Normal,1,0.005625,RMS Threshold,0,0,1
4352,Normal,1,0.006411,RMS Threshold,0,0,1
4353,Normal,1,0.002533,RMS Threshold,0,0,1
4354,Noise,0.997792,0.027187,AST Model,0.001947,0.997792,0.000261
4355,Noise,0.967072,0.033151,AST Model,0.032753,0.967072,0.000175
4356,Noise,0.996518,0.011684,AST Model,0.003019,0.996518,0.000462
4357,Noise,0.994979,0.018082,AST Model,0.00364,0.994979,0.001382
4358,Noise,0.999155,0.013958,AST Model,0.000685,0.999155,0.00016
4359,Noise,0.999583,0.012476,AST Model,0.000224,0.999583,0.000193
4360,Normal,1,0.007232,RMS Threshold,0,0,1
4361,Normal,1,0.005733,RMS Threshold,0,0,1
4362,Noise,0.998164,0.018192,AST Model,0.001531,0.998164,0.000305
4363,Noise,0.996971,0.016981,AST Model,0.002126,0.996971,0.000902
4364,Noise,0.999696,0.014192,AST Model,0.00013,0.999696,0.000175
4365,Normal,1,0.002131,RMS Threshold,0,0,1
4366,Baby_Cry,0.956462,0.009366,AST Model,0.956462,0.042086,0.001452
4367,Normal,1,0.007795,RMS Threshold,0,0,1
4368,Noise,0.950443,0.015337,AST Model,0.049258,0.950443,0.000299
4369,Normal,1,0.005891,RMS Threshold,0,0,1
4370,Normal,1,0.005063,RMS Threshold,0,0,1
4371,Normal,1,0.005713,RMS Threshold,0,0,1
4372,Normal,1,0.005987,RMS Threshold,0,0,1
4373,Normal,1,0.004103,RMS Threshold,0,0,1
4374,Baby_Cry,0.873825,0.010845,AST Model,0.873825,0.12509,0.001085
4375,Normal,1,0.004053,RMS Threshold,0,0,1
4376,Normal,1,0.005029,RMS Threshold,0,0,1
4377,Normal,1,0.003264,RMS Threshold,0,0,1
4378,Normal,1,0.00364,RMS Threshold,0,0,1
4379,Normal,1,0.005437,RMS Threshold,0,0,1
4380,Noise,0.997651,0.011007,AST Model,0.00184,0.997651,0.000509
4381,Normal,1,0.007787,RMS Threshold,0,0,1
4382,Noise,0.999656,0.011058,AST Model,0.00023,0.999656,0.000114
4383,Normal,1,0.006103,RMS Threshold,0,0,1
4384,Noise,0.974861,0.016927,AST Model,0.021437,0.974861,0.003701
4385,Noise,0.987943,0.014582,AST Model,0.011648,0.987943,0.000409
4386,Normal,1,0.004061,RMS Threshold,0,0,1
4387,Normal,1,0.004352,RMS Threshold,0,0,1
4388,Normal,1,0.00354,RMS Threshold,0,0,1
4389,Normal,1,0.005476,RMS Threshold,0,0,1
4390,Normal,1,0.0036,RMS Threshold,0,0,1
4391,Normal,1,0.003079,RMS Threshold,0,0,1
4392,Normal,1,0.003865,RMS Threshold,0,0,1
4393,Normal,1,0.003572,RMS Threshold,0,0,1
4394,Normal,1,0.002447,RMS Threshold,0,0,1
4395,Normal,1,0.004037,RMS Threshold,0,0,1
4396,Normal,1,0.008449,RMS Threshold,0,0,1
4397,Normal,1,0.002821,RMS Threshold,0,0,1
4398,Normal,1,0.003217,RMS Threshold,0,0,1
4399,Normal,1,0.002411,RMS Threshold,0,0,1
4400,Normal,1,0.002067,RMS Threshold,0,0,1
4401,Normal,1,0.002384,RMS Threshold,0,0,1
4402,Normal,1,0.00527,RMS Threshold,0,0,1
4403,Normal,1,0.002466,RMS Threshold,0,0,1
4404,Normal,1,0.003035,RMS Threshold,0,0,1
4405,Normal,1,0.003127,RMS Threshold,0,0,1
4406,Normal,1,0.006523,RMS Threshold,0,0,1
4407,Normal,1,0.004586,RMS Threshold,0,0,1
4408,Normal,1,0.002046,RMS Threshold,0,0,1
4409,Normal,1,0.003375,RMS Threshold,0,0,1
4410,Normal,1,0.003071,RMS Threshold,0,0,1
4411,Normal,1,0.001091,RMS Threshold,0,0,1
4412,Normal,1,0.001868,RMS Threshold,0,0,1
4413,Normal,1,0.001073,RMS Threshold,0,0,1
4414,Normal,1,0.002077,RMS Threshold,0,0,1
4415,Normal,1,0.001517,RMS Threshold,0,0,1
4416,Normal,1,0.00076,RMS Threshold,0,0,1
4417,Normal,1,0.002684,RMS Threshold,0,0,1
4418,Normal,1,0.003973,RMS Threshold,0,0,1
4419,Normal,1,0.000766,RMS Threshold,0,0,1
4420,Normal,1,0.002771,RMS Threshold,0,0,1
4421,Normal,1,0.004583,RMS Threshold,0,0,1
4422,Normal,1,0.003136,RMS Threshold,0,0,1
4423,Normal,1,0.002659,RMS Threshold,0,0,1
4424,Normal,1,0.001193,RMS Threshold,0,0,1
4425,Normal,1,0.00383,RMS Threshold,0,0,1
4426,Normal,1,0.002803,RMS Threshold,0,0,1
4427,Normal,1,0.003783,RMS Threshold,0,0,1
4428,Normal,1,0.003015,RMS Threshold,0,0,1
4429,Normal,1,0.002825,RMS Threshold,0,0,1
4430,Normal,1,0.001575,RMS Threshold,0,0,1
4431,Normal,1,0.003386,RMS Threshold,0,0,1
4432,Normal,1,0.00226,RMS Threshold,0,0,1
4433,Normal,1,0.003265,RMS Threshold,0,0,1
4434,Normal,1,0.002202,RMS Threshold,0,0,1
4435,Normal,1,0.001217,RMS Threshold,0,0,1
4436,Normal,1,0.003176,RMS Threshold,0,0,1
4437,Normal,1,0.000636,RMS Threshold,0,0,1
4438,Normal,1,0.001838,RMS Threshold,0,0,1
4439,Normal,1,0.002813,RMS Threshold,0,0,1
4440,Normal,1,0.001221,RMS Threshold,0,0,1
4441,Normal,1,0.001196,RMS Threshold,0,0,1
4442,Normal,1,0.001087,RMS Threshold,0,0,1
4443,Normal,1,0.003826,RMS Threshold,0,0,1
4444,Normal,1,0.001235,RMS Threshold,0,0,1
4445,Normal,1,0.00171,RMS Threshold,0,0,1
4446,Normal,1,0.003569,RMS Threshold,0,0,1
4447,Normal,1,0.004211,RMS Threshold,0,0,1
4448,Normal,1,0.003086,RMS Threshold,0,0,1
4449,Normal,1,0.000992,RMS Threshold,0,0,1
4450,Normal,1,0.001585,RMS Threshold,0,0,1
4451,Normal,1,0.002189,RMS Threshold,0,0,1
4452,Normal,1,0.000912,RMS Threshold,0,0,1
4453,Normal,1,0.002242,RMS Threshold,0,0,1
4454,Normal,1,0.001115,RMS Threshold,0,0,1
4455,Normal,1,0.001031,RMS Threshold,0,0,1
4456,Normal,1,0.001532,RMS Threshold,0,0,1
4457,Normal,1,0.000875,RMS Threshold,0,0,1
4458,Normal,1,0.001808,RMS Threshold,0,0,1
4459,Normal,1,0.003513,RMS Threshold,0,0,1
4460,Normal,1,0.000492,RMS Threshold,0,0,1
4461,Normal,1,0.004394,RMS Threshold,0,0,1
4462,Normal,1,0.004294,RMS Threshold,0,0,1
4463,Normal,1,0.002836,RMS Threshold,0,0,1
4464,Normal,1,0.002174,RMS Threshold,0,0,1
4465,Normal,1,0.000796,RMS Threshold,0,0,1
4466,Normal,1,0.002246,RMS Threshold,0,0,1
4467,Normal,1,0.002358,RMS Threshold,0,0,1
4468,Normal,1,0.00357,RMS Threshold,0,0,1
4469,Normal,1,0.002944,RMS Threshold,0,0,1
4470,Normal,1,0.002947,RMS Threshold,0,0,1
4471,Normal,1,0.002309,RMS Threshold,0,0,1
4472,Normal,1,0.00266,RMS Threshold,0,0,1
4473,Normal,1,0.002372,RMS Threshold,0,0,1
4474,Normal,1,0.00341,RMS Threshold,0,0,1
4475,Normal,1,0.001758,RMS Threshold,0,0,1
4476,Normal,1,0.001074,RMS Threshold,0,0,1
4477,Normal,1,0.002711,RMS Threshold,0,0,1
4478,Normal,1,0.000345,RMS Threshold,0,0,1
4479,Normal,1,0.001917,RMS Threshold,0,0,1
4480,Normal,1,0.003042,RMS Threshold,0,0,1
4481,Normal,1,0.00185,RMS Threshold,0,0,1
4482,Normal,1,0.001277,RMS Threshold,0,0,1
4483,Normal,1,0.001192,RMS Threshold,0,0,1
4484,Normal,1,0.002049,RMS Threshold,0,0,1
4485,Normal,1,0.001219,RMS Threshold,0,0,1
4486,Normal,1,0.001493,RMS Threshold,0,0,1
4487,Normal,1,0.004231,RMS Threshold,0,0,1
4488,Normal,1,0.004388,RMS Threshold,0,0,1
4489,Normal,1,0.00345,RMS Threshold,0,0,1
4490,Normal,1,0.001078,RMS Threshold,0,0,1
4491,Normal,1,0.002301,RMS Threshold,0,0,1
4492,Normal,1,0.002082,RMS Threshold,0,0,1
4493,Normal,1,0.001118,RMS Threshold,0,0,1
4494,Normal,1,0.002157,RMS Threshold,0,0,1
4495,Normal,1,0.001292,RMS Threshold,0,0,1
4496,Normal,1,0.001162,RMS Threshold,0,0,1
4497,Normal,1,0.001727,RMS Threshold,0,0,1
4498,Normal,1,0.000428,RMS Threshold,0,0,1
4499,Normal,1,0.004341,RMS Threshold,0,0,1
4500,Normal,1,0.004811,RMS Threshold,0,0,1
4501,Normal,1,0.00077,RMS Threshold,0,0,1
4502,Normal,1,0.004361,RMS Threshold,0,0,1
4503,Normal,1,0.003633,RMS Threshold,0,0,1
4504,Normal,1,0.002755,RMS Threshold,0,0,1
4505,Normal,1,0.001774,RMS Threshold,0,0,1
4506,Normal,1,0.000838,RMS Threshold,0,0,1
4507,Normal,1,0.001445,RMS Threshold,0,0,1
4508,Normal,1,0.002093,RMS Threshold,0,0,1
4509,Normal,1,0.004158,RMS Threshold,0,0,1
4510,Normal,1,0.002609,RMS Threshold,0,0,1
4511,Normal,1,0.003079,RMS Threshold,0,0,1
4512,Normal,1,0.002726,RMS Threshold,0,0,1
4513,Normal,1,0.00235,RMS Threshold,0,0,1
4514,Normal,1,0.002187,RMS Threshold,0,0,1
4515,Normal,1,0.003662,RMS Threshold,0,0,1
4516,Normal,1,0.001802,RMS Threshold,0,0,1
4517,Normal,1,0.001126,RMS Threshold,0,0,1
4518,Normal,1,0.002645,RMS Threshold,0,0,1
4519,Normal,1,0.000592,RMS Threshold,0,0,1
4520,Normal,1,0.001773,RMS Threshold,0,0,1
4521,Normal,1,0.002134,RMS Threshold,0,0,1
4522,Normal,1,0.001896,RMS Threshold,0,0,1
4523,Normal,1,0.001289,RMS Threshold,0,0,1
4524,Normal,1,0.001632,RMS Threshold,0,0,1
4525,Normal,1,0.00177,RMS Threshold,0,0,1
4526,Normal,1,0.001253,RMS Threshold,0,0,1
4527,Normal,1,0.001159,RMS Threshold,0,0,1
4528,Normal,1,0.004214,RMS Threshold,0,0,1
4529,Normal,1,0.004215,RMS Threshold,0,0,1
4530,Normal,1,0.003899,RMS Threshold,0,0,1
4531,Normal,1,0.001509,RMS Threshold,0,0,1
4532,Normal,1,0.002099,RMS Threshold,0,0,1
4533,Normal,1,0.002608,RMS Threshold,0,0,1
4534,Normal,1,0.001686,RMS Threshold,0,0,1
4535,Normal,1,0.003109,RMS Threshold,0,0,1
4536,Normal,1,0.001886,RMS Threshold,0,0,1
4537,Normal,1,0.001607,RMS Threshold,0,0,1
4538,Normal,1,0.002517,RMS Threshold,0,0,1
4539,Normal,1,0.000566,RMS Threshold,0,0,1
4540,Normal,1,0.002725,RMS Threshold,0,0,1
4541,Normal,1,0.004818,RMS Threshold,0,0,1
4542,Normal,1,0.002244,RMS Threshold,0,0,1
4543,Normal,1,0.005711,RMS Threshold,0,0,1
4544,Normal,1,0.00318,RMS Threshold,0,0,1
4545,Normal,1,0.002067,RMS Threshold,0,0,1
4546,Normal,1,0.001946,RMS Threshold,0,0,1
4547,Normal,1,0.001345,RMS Threshold,0,0,1
4548,Normal,1,0.001808,RMS Threshold,0,0,1
4549,Normal,1,0.001137,RMS Threshold,0,0,1
4550,Normal,1,0.004252,RMS Threshold,0,0,1
4551,Normal,1,0.002762,RMS Threshold,0,0,1
4552,Normal,1,0.002905,RMS Threshold,0,0,1
4553,Normal,1,0.002889,RMS Threshold,0,0,1
4554,Normal,1,0.001365,RMS Threshold,0,0,1
4555,Normal,1,0.00153,RMS Threshold,0,0,1
4556,Normal,1,0.004896,RMS Threshold,0,0,1
4557,Normal,1,0.001787,RMS Threshold,0,0,1
4558,Normal,1,0.001117,RMS Threshold,0,0,1
4559,Normal,1,0.002272,RMS Threshold,0,0,1
4560,Normal,1,0.002405,RMS Threshold,0,0,1
4561,Normal,1,0.000866,RMS Threshold,0,0,1
4562,Normal,1,0.00264,RMS Threshold,0,0,1
4563,Normal,1,0.00101,RMS Threshold,0,0,1
4564,Normal,1,0.003681,RMS Threshold,0,0,1
4565,Normal,1,0.001975,RMS Threshold,0,0,1
4566,Normal,1,0.003718,RMS Threshold,0,0,1
4567,Normal,1,0.001395,RMS Threshold,0,0,1
4568,Normal,1,0.001532,RMS Threshold,0,0,1
4569,Normal,1,0.000872,RMS Threshold,0,0,1
4570,Normal,1,0.00211,RMS Threshold,0,0,1
4571,Normal,1,0.001478,RMS Threshold,0,0,1
4572,Normal,1,0.000797,RMS Threshold,0,0,1
4573,Normal,1,0.003203,RMS Threshold,0,0,1
4574,Normal,1,0.000845,RMS Threshold,0,0,1
4575,Normal,1,0.000763,RMS Threshold,0,0,1
4576,Normal,1,0.002933,RMS Threshold,0,0,1
4577,Normal,1,0.000663,RMS Threshold,0,0,1
4578,Normal,1,0.000991,RMS Threshold,0,0,1
4579,Normal,1,0.001028,RMS Threshold,0,0,1
4580,Normal,1,0.00098,RMS Threshold,0,0,1
4581,Normal,1,0.001247,RMS Threshold,0,0,1
4582,Normal,1,0.001544,RMS Threshold,0,0,1
4583,Normal,1,0.002527,RMS Threshold,0,0,1
4584,Normal,1,0.000816,RMS Threshold,0,0,1
4585,Normal,1,0.000623,RMS Threshold,0,0,1
4586,Normal,1,0.000899,RMS Threshold,0,0,1
4587,Normal,1,0.000808,RMS Threshold,0,0,1
4588,Normal,1,0.00175,RMS Threshold,0,0,1
4589,Normal,1,0.000639,RMS Threshold,0,0,1
4590,Normal,1,0.000802,RMS Threshold,0,0,1
4591,Normal,1,0.000803,RMS Threshold,0,0,1
4592,Normal,1,0.000718,RMS Threshold,0,0,1
4593,Normal,1,0.000634,RMS Threshold,0,0,1
4594,Normal,1,0.000629,RMS Threshold,0,0,1
4595,Normal,1,0.000762,RMS Threshold,0,0,1
4596,Normal,1,0.000543,RMS Threshold,0,0,1
4597,Normal,1,0.002152,RMS Threshold,0,0,1
4598,Normal,1,0.000651,RMS Threshold,0,0,1
4599,Normal,1,0.00098,RMS Threshold,0,0,1
4600,Normal,1,0.002172,RMS Threshold,0,0,1
4601,Normal,1,0.001301,RMS Threshold,0,0,1
4602,Normal,1,0.004024,RMS Threshold,0,0,1
4603,Normal,1,0.001717,RMS Threshold,0,0,1
4604,Normal,1,0.001279,RMS Threshold,0,0,1
4605,Normal,1,0.000808,RMS Threshold,0,0,1
4606,Normal,1,0.000516,RMS Threshold,0,0,1
4607,Normal,1,0.0017,RMS Threshold,0,0,1
4608,Normal,1,0.001647,RMS Threshold,0,0,1
4609,Normal,1,0.001035,RMS Threshold,0,0,1
4610,Normal,1,0.001021,RMS Threshold,0,0,1
4611,Normal,1,0.001904,RMS Threshold,0,0,1
4612,Normal,1,0.001036,RMS Threshold,0,0,1
4613,Normal,1,0.002296,RMS Threshold,0,0,1
4614,Normal,1,0.001323,RMS Threshold,0,0,1
4615,Normal,1,0.000888,RMS Threshold,0,0,1
4616,Noise,0.618787,0.059353,AST Model,0.358762,0.618787,0.02245
4617,Normal,1,0.004112,RMS Threshold,0,0,1
4618,Noise,0.975995,0.009636,AST Model,0.022381,0.975995,0.001624
4619,Normal,1,0.005764,RMS Threshold,0,0,1
4620,Normal,1,0.003907,RMS Threshold,0,0,1
4621,Normal,1,0.003664,RMS Threshold,0,0,1
4622,Normal,1,0.000995,RMS Threshold,0,0,1
4623,Normal,1,0.001631,RMS Threshold,0,0,1
4624,Normal,1,0.001268,RMS Threshold,0,0,1
4625,Normal,1,0.006029,RMS Threshold,0,0,1
4626,Normal,1,0.007852,RMS Threshold,0,0,1
4627,Normal,1,0.008698,RMS Threshold,0,0,1
4628,Normal,1,0.001896,RMS Threshold,0,0,1
4629,Noise,0.998403,0.010624,AST Model,0.000774,0.998403,0.000822
4630,Normal,1,0.000913,RMS Threshold,0,0,1
4631,Normal,1,0.002703,RMS Threshold,0,0,1
4632,Normal,1,0.001933,RMS Threshold,0,0,1
4633,Normal,1,0.000754,RMS Threshold,0,0,1
4634,Noise,0.99903,0.014944,AST Model,0.000373,0.99903,0.000598
4635,Normal,1,0.001817,RMS Threshold,0,0,1
4636,Noise,0.927189,0.036008,AST Model,0.07012,0.927189,0.002691
4637,Noise,0.98606,0.017724,AST Model,0.012155,0.98606,0.001785
4638,Normal,1,0.00271,RMS Threshold,0,0,1
4639,Noise,0.772844,0.017681,AST Model,0.222214,0.772844,0.004942
4640,Normal,1,0.002876,RMS Threshold,0,0,1
4641,Baby_Cry,0.899051,0.09812,AST Model,0.899051,0.100142,0.000808
4642,Normal,1,0.000752,RMS Threshold,0,0,1
4643,Baby_Cry,0.968812,0.009191,AST Model,0.968812,0.027661,0.003527
4644,Normal,1,0.000743,RMS Threshold,0,0,1
4645,Noise,0.538968,0.119176,AST Model,0.457045,0.538968,0.003987
4646,Normal,1,0.007122,RMS Threshold,0,0,1
4647,Noise,0.994034,0.022444,AST Model,0.001429,0.994034,0.004537
4648,Noise,0.996741,0.026246,AST Model,0.001673,0.996741,0.001586
4649,Noise,0.531461,0.047508,AST Model,0.467582,0.531461,0.000956
4650,Noise,0.995206,0.036637,AST Model,0.003666,0.995206,0.001128
4651,Noise,0.823202,0.065939,AST Model,0.173489,0.823202,0.003309
4652,Normal,1,0.001366,RMS Threshold,0,0,1
4653,Noise,0.993106,0.092064,AST Model,0.006531,0.993106,0.000363
4654,Noise,0.548987,0.082304,AST Model,0.447551,0.548987,0.003462
4655,Normal,1,0.001967,RMS Threshold,0,0,1
4656,Normal,1,0.001361,RMS Threshold,0,0,1
4657,Normal,1,0.001966,RMS Threshold,0,0,1
4658,Noise,0.996568,0.023587,AST Model,0.002895,0.996568,0.000536
4659,Noise,0.99448,0.014154,AST Model,0.002012,0.99448,0.003508
4660,Normal,1,0.003259,RMS Threshold,0,0,1
4661,Baby_Cry,0.98392,0.119558,AST Model,0.98392,0.013679,0.002402
4662,Noise,0.992293,0.036553,AST Model,0.007281,0.992293,0.000426
4663,Noise,0.817066,0.065186,AST Model,0.159294,0.817066,0.02364
4664,Noise,0.994654,0.019005,AST Model,0.004821,0.994654,0.000525
4665,Noise,0.987161,0.017175,AST Model,0.00271,0.987161,0.01013
4666,Normal,1,0.00797,RMS Threshold,0,0,1
4667,Noise,0.998845,0.030178,AST Model,0.00085,0.998845,0.000305
4668,Noise,0.498945,0.029157,AST Model,0.456643,0.498945,0.044413
4669,Noise,0.960721,0.017315,AST Model,0.035457,0.960721,0.003822
4670,Normal,1,0.002614,RMS Threshold,0,0,1
4671,Normal,1,0.000941,RMS Threshold,0,0,1
4672,Normal,1,0.002118,RMS Threshold,0,0,1
4673,Normal,1,0.001943,RMS Threshold,0,0,1
4674,Normal,1,0.002856,RMS Threshold,0,0,1
4675,Normal,1,0.000635,RMS Threshold,0,0,1
4676,Noise,0.996491,0.02656,AST Model,0.002347,0.996491,0.001162
4677,Normal,1,0.006179,RMS Threshold,0,0,1
4678,Normal,1,0.001984,RMS Threshold,0,0,1
4679,Normal,1,0.000766,RMS Threshold,0,0,1
4680,Normal,1,0.001414,RMS Threshold,0,0,1
4681,Normal,1,0.001565,RMS Threshold,0,0,1
4682,Normal,1,0.003712,RMS Threshold,0,0,1
4683,Normal,1,0.000971,RMS Threshold,0,0,1
4684,Normal,1,0.008779,RMS Threshold,0,0,1
4685,Baby_Cry,0.999704,0.064028,AST Model,0.999704,0.000213,8.30E-05
4686,Noise,0.999528,0.035509,AST Model,0.000349,0.999528,0.000123
4687,Normal,1,0.004706,RMS Threshold,0,0,1
4688,Baby_Cry,0.660256,0.013266,AST Model,0.660256,0.339019,0.000724
4689,Baby_Cry,0.987773,0.081093,AST Model,0.987773,0.011651,0.000576
4690,Baby_Cry,0.998813,0.015618,AST Model,0.998813,0.001088,9.90E-05
4691,Baby_Cry,0.999147,0.016906,AST Model,0.999147,0.000762,9.10E-05
4692,Baby_Cry,0.998437,0.009618,AST Model,0.998437,0.00139,0.000173
4693,Baby_Cry,0.998244,0.012561,AST Model,0.998244,0.001673,8.20E-05
4694,Baby_Cry,0.999291,0.068293,AST Model,0.999291,0.000605,0.000104
4695,Baby_Cry,0.994853,0.017666,AST Model,0.994853,0.005054,9.30E-05
4696,Baby_Cry,0.999146,0.013753,AST Model,0.999146,0.000789,6.40E-05
4697,Noise,0.93307,0.011226,AST Model,0.065282,0.93307,0.001648
4698,Normal,1,0.001139,RMS Threshold,0,0,1
4699,Baby_Cry,0.994114,0.025529,AST Model,0.994114,0.005614,0.000272
4700,Baby_Cry,0.995707,0.031487,AST Model,0.995707,0.004053,0.000239
4701,Baby_Cry,0.998972,0.013264,AST Model,0.998972,0.000964,6.30E-05
4702,Baby_Cry,0.972961,0.016357,AST Model,0.972961,0.026592,0.000446
4703,Baby_Cry,0.999474,0.038693,AST Model,0.999474,0.000434,9.30E-05
4704,Normal,1,0.007765,RMS Threshold,0,0,1
4705,Normal,1,0.004288,RMS Threshold,0,0,1
4706,Baby_Cry,0.99847,0.056198,AST Model,0.99847,0.00141,0.00012
4707,Normal,1,0.005711,RMS Threshold,0,0,1
4708,Baby_Cry,0.987703,0.033843,AST Model,0.987703,0.012142,0.000154
4709,Normal,1,0.002244,RMS Threshold,0,0,1
4710,Baby_Cry,0.999717,0.031984,AST Model,0.999717,0.00019,9.30E-05
4711,Normal,1,0.008607,RMS Threshold,0,0,1
4712,Baby_Cry,0.999466,0.023556,AST Model,0.999466,0.00031,0.000225
4713,Normal,1,0.004212,RMS Threshold,0,0,1
4714,Baby_Cry,0.978583,0.011525,AST Model,0.978583,0.020836,0.000581
4715,Normal,1,0.007838,RMS Threshold,0,0,1
4716,Baby_Cry,0.973786,0.019621,AST Model,0.973786,0.025896,0.000318
4717,Baby_Cry,0.881626,0.011361,AST Model,0.881626,0.117374,0.001
4718,Baby_Cry,0.999321,0.046809,AST Model,0.999321,0.000602,7.80E-05
4719,Baby_Cry,0.997154,0.012162,AST Model,0.997154,0.002708,0.000138
4720,Baby_Cry,0.984175,0.023513,AST Model,0.984175,0.01554,0.000285
4721,Baby_Cry,0.975613,0.015246,AST Model,0.975613,0.024151,0.000237
4722,Baby_Cry,0.999123,0.020659,AST Model,0.999123,0.000795,8.20E-05
4723,Noise,0.64583,0.01031,AST Model,0.351063,0.64583,0.003108
4724,Normal,1,0.000717,RMS Threshold,0,0,1
4725,Noise,0.967293,0.010708,AST Model,0.031818,0.967293,0.000889
4726,Normal,1,0.00268,RMS Threshold,0,0,1
4727,Baby_Cry,0.991866,0.061945,AST Model,0.991866,0.007719,0.000415
4728,Baby_Cry,0.995348,0.020507,AST Model,0.995348,0.004356,0.000296
4729,Normal,1,0.008242,RMS Threshold,0,0,1
4730,Baby_Cry,0.990258,0.047874,AST Model,0.990258,0.009493,0.000249
4731,Baby_Cry,0.99772,0.030003,AST Model,0.99772,0.002167,0.000113
4732,Baby_Cry,0.99885,0.016353,AST Model,0.99885,0.001061,9.00E-05
4733,Baby_Cry,0.879413,0.019444,AST Model,0.879413,0.120053,0.000534
4734,Normal,1,0.002636,RMS Threshold,0,0,1
4735,Baby_Cry,0.999572,0.041578,AST Model,0.999572,0.000352,7.60E-05
4736,Baby_Cry,0.999472,0.047264,AST Model,0.999472,0.000459,6.90E-05
4737,Baby_Cry,0.999145,0.042462,AST Model,0.999145,0.000756,9.90E-05
4738,Normal,1,0.007809,RMS Threshold,0,0,1
4739,Baby_Cry,0.992566,0.020277,AST Model,0.992566,0.006894,0.00054
4740,Normal,1,0.007359,RMS Threshold,0,0,1
4741,Baby_Cry,0.981961,0.013111,AST Model,0.981961,0.017755,0.000284
4742,Normal,1,0.005198,RMS Threshold,0,0,1
4743,Baby_Cry,0.99925,0.019902,AST Model,0.99925,0.000649,0.0001
4744,Noise,0.914385,0.013437,AST Model,0.08483,0.914385,0.000786
4745,Baby_Cry,0.999387,0.060826,AST Model,0.999387,0.000513,0.0001
4746,Baby_Cry,0.998131,0.016924,AST Model,0.998131,0.001755,0.000114
4747,Baby_Cry,0.990212,0.018814,AST Model,0.990212,0.009559,0.000229
4748,Baby_Cry,0.998488,0.016602,AST Model,0.998488,0.001328,0.000184
4749,Normal,1,0.008733,RMS Threshold,0,0,1
4750,Normal,1,0.008839,RMS Threshold,0,0,1
4751,Baby_Cry,0.994651,0.036506,AST Model,0.994651,0.004853,0.000496
4752,Normal,1,0.000487,RMS Threshold,0,0,1
4753,Normal,1,0.005579,RMS Threshold,0,0,1
4754,Noise,0.972877,0.011353,AST Model,0.026557,0.972877,0.000566
4755,Baby_Cry,0.99883,0.045493,AST Model,0.99883,0.001038,0.000131
4756,Normal,1,0.007591,RMS Threshold,0,0,1
4757,Baby_Cry,0.99976,0.036907,AST Model,0.99976,0.000177,6.30E-05
4758,Baby_Cry,0.986279,0.019137,AST Model,0.986279,0.013428,0.000292
4759,Baby_Cry,0.994081,0.029625,AST Model,0.994081,0.005621,0.000298
4760,Baby_Cry,0.992082,0.04147,AST Model,0.992082,0.007682,0.000236
4761,Baby_Cry,0.918462,0.030138,AST Model,0.918462,0.081195,0.000343
4762,Normal,1,0.003344,RMS Threshold,0,0,1
4763,Baby_Cry,0.999527,0.051949,AST Model,0.999527,0.000409,6.40E-05
4764,Baby_Cry,0.999577,0.027685,AST Model,0.999577,0.000384,4.00E-05
4765,Baby_Cry,0.9996,0.034056,AST Model,0.9996,0.000264,0.000136
4766,Noise,0.997796,0.009732,AST Model,0.001838,0.997796,0.000367
4767,Normal,1,0.005485,RMS Threshold,0,0,1
4768,Normal,1,0.005413,RMS Threshold,0,0,1
4769,Baby_Cry,0.983443,0.011903,AST Model,0.983443,0.01616,0.000397
4770,Normal,1,0.007748,RMS Threshold,0,0,1
4771,Baby_Cry,0.997339,0.015762,AST Model,0.997339,0.002564,9.70E-05
4772,Baby_Cry,0.993427,0.016724,AST Model,0.993427,0.00635,0.000223
4773,Baby_Cry,0.999739,0.045776,AST Model,0.999739,0.000185,7.60E-05
4774,Baby_Cry,0.998978,0.011979,AST Model,0.998978,0.000902,0.00012
4775,Baby_Cry,0.997539,0.04171,AST Model,0.997539,0.002191,0.000269
4776,Baby_Cry,0.996516,0.013051,AST Model,0.996516,0.003274,0.000211
4777,Baby_Cry,0.99925,0.018949,AST Model,0.99925,0.00064,0.00011
4778,Noise,0.896508,0.010581,AST Model,0.101576,0.896508,0.001916
4779,Normal,1,0.001008,RMS Threshold,0,0,1
4780,Normal,1,0.00817,RMS Threshold,0,0,1
4781,Baby_Cry,0.993637,0.020303,AST Model,0.993637,0.005996,0.000368
4782,Baby_Cry,0.998186,0.040768,AST Model,0.998186,0.001156,0.000658
4783,Baby_Cry,0.998745,0.025058,AST Model,0.998745,0.001115,0.000139
4784,Baby_Cry,0.96044,0.010535,AST Model,0.96044,0.039337,0.000224
4785,Normal,1,0.004863,RMS Threshold,0,0,1
4786,Baby_Cry,0.996989,0.022956,AST Model,0.996989,0.002892,0.000119
4787,Baby_Cry,0.998884,0.040571,AST Model,0.998884,0.001009,0.000107
4788,Baby_Cry,0.991157,0.01509,AST Model,0.991157,0.008687,0.000156
4789,Normal,1,0.001918,RMS Threshold,0,0,1
4790,Baby_Cry,0.99939,0.037548,AST Model,0.99939,0.0005,0.00011
4791,Baby_Cry,0.99919,0.050548,AST Model,0.99919,0.000742,6.90E-05
4792,Baby_Cry,0.999405,0.044054,AST Model,0.999405,0.000449,0.000146
4793,Normal,1,0.007296,RMS Threshold,0,0,1
4794,Baby_Cry,0.999252,0.023086,AST Model,0.999252,0.000523,0.000225
4795,Noise,0.999034,0.01046,AST Model,0.000841,0.999034,0.000125
4796,Baby_Cry,0.997456,0.011454,AST Model,0.997456,0.002398,0.000146
4797,Baby_Cry,0.999729,0.031544,AST Model,0.999729,0.000211,6.00E-05
4798,Baby_Cry,0.985223,0.023735,AST Model,0.985223,0.014475,0.000303
4799,Baby_Cry,0.984932,0.023572,AST Model,0.984932,0.014535,0.000533
4800,Baby_Cry,0.982724,0.041568,AST Model,0.982724,0.017102,0.000175
4801,Baby_Cry,0.986452,0.02558,AST Model,0.986452,0.013444,0.000104
4802,Normal,1,0.006011,RMS Threshold,0,0,1
4803,Baby_Cry,0.998577,0.047437,AST Model,0.998577,0.001307,0.000116
4804,Baby_Cry,0.998666,0.025857,AST Model,0.998666,0.001279,5.50E-05
4805,Baby_Cry,0.999512,0.028952,AST Model,0.999512,0.000321,0.000167
4806,Normal,1,0.007342,RMS Threshold,0,0,1
4807,Baby_Cry,0.999025,0.019257,AST Model,0.999025,0.000756,0.000219
4808,Normal,1,0.005924,RMS Threshold,0,0,1
4809,Baby_Cry,0.995466,0.013331,AST Model,0.995466,0.004301,0.000233
4810,Normal,1,0.004794,RMS Threshold,0,0,1
4811,Baby_Cry,0.991937,0.015363,AST Model,0.991937,0.007937,0.000126
4812,Baby_Cry,0.953614,0.009584,AST Model,0.953614,0.04577,0.000615
4813,Baby_Cry,0.999608,0.03754,AST Model,0.999608,0.000306,8.70E-05
4814,Normal,1,0.005654,RMS Threshold,0,0,1
4815,Normal,1,0.005691,RMS Threshold,0,0,1
4816,Baby_Cry,0.998185,0.067188,AST Model,0.998185,0.001696,0.000119
4817,Normal,1,0.008429,RMS Threshold,0,0,1
4818,Baby_Cry,0.995725,0.032022,AST Model,0.995725,0.004105,0.00017
4819,Normal,1,0.001986,RMS Threshold,0,0,1
4820,Baby_Cry,0.999604,0.035815,AST Model,0.999604,0.000279,0.000117
4821,Noise,0.795054,0.012374,AST Model,0.201063,0.795054,0.003883
4822,Normal,1,0.00532,RMS Threshold,0,0,1
4823,Normal,1,0.006413,RMS Threshold,0,0,1
4824,Baby_Cry,0.996705,0.010266,AST Model,0.996705,0.003136,0.000158
4825,Normal,1,0.005466,RMS Threshold,0,0,1
4826,Baby_Cry,0.996694,0.020211,AST Model,0.996694,0.00321,9.60E-05
4827,Normal,1,0.005252,RMS Threshold,0,0,1
4828,Normal,1,0.008911,RMS Threshold,0,0,1
4829,Baby_Cry,0.999426,0.037278,AST Model,0.999426,0.000495,7.90E-05
4830,Baby_Cry,0.99948,0.031334,AST Model,0.99948,0.000401,0.000118
4831,Baby_Cry,0.99799,0.061472,AST Model,0.99799,0.001903,0.000107
4832,Baby_Cry,0.997981,0.009767,AST Model,0.997981,0.001893,0.000126
4833,Baby_Cry,0.999151,0.040361,AST Model,0.999151,0.000669,0.00018
4834,Baby_Cry,0.999129,0.040975,AST Model,0.999129,0.000789,8.20E-05
4835,Normal,1,0.000888,RMS Threshold,0,0,1
4836,Normal,1,0.007269,RMS Threshold,0,0,1
4837,Normal,1,0.004691,RMS Threshold,0,0,1
4838,Noise,0.975195,0.014094,AST Model,0.024366,0.975195,0.000439
4839,Normal,1,0.002937,RMS Threshold,0,0,1
4840,Normal,1,0.007318,RMS Threshold,0,0,1
4841,Baby_Cry,0.99679,0.017079,AST Model,0.99679,0.003084,0.000126
4842,Normal,1,0.008553,RMS Threshold,0,0,1
4843,Baby_Cry,0.954475,0.010309,AST Model,0.954475,0.045312,0.000213
4844,Baby_Cry,0.999304,0.02741,AST Model,0.999304,0.000591,0.000105
4845,Normal,1,0.007239,RMS Threshold,0,0,1
4846,Baby_Cry,0.998347,0.065607,AST Model,0.998347,0.001543,0.000111
4847,Baby_Cry,0.998635,0.011907,AST Model,0.998635,0.00131,5.50E-05
4848,Baby_Cry,0.99968,0.036557,AST Model,0.99968,0.000225,9.50E-05
4849,Baby_Cry,0.99857,0.040505,AST Model,0.99857,0.001291,0.000139
4850,Normal,1,0.00573,RMS Threshold,0,0,1
4851,Baby_Cry,0.985888,0.015943,AST Model,0.985888,0.013591,0.000522
4852,Noise,0.999079,0.012128,AST Model,0.000682,0.999079,0.000239
4853,Baby_Cry,0.988691,0.016644,AST Model,0.988691,0.010783,0.000526
4854,Baby_Cry,0.999075,0.036497,AST Model,0.999075,0.000875,5.00E-05
4855,Baby_Cry,0.992234,0.049864,AST Model,0.992234,0.007588,0.000178
4856,Baby_Cry,0.996913,0.031398,AST Model,0.996913,0.00283,0.000257
4857,Baby_Cry,0.996473,0.035129,AST Model,0.996473,0.003415,0.000112
4858,Baby_Cry,0.963211,0.015184,AST Model,0.963211,0.036379,0.00041
4859,Normal,1,0.001735,RMS Threshold,0,0,1
4860,Baby_Cry,0.99969,0.034357,AST Model,0.99969,0.000237,7.20E-05
4861,Baby_Cry,0.997245,0.014256,AST Model,0.997245,0.002647,0.000107
4862,Baby_Cry,0.999686,0.039818,AST Model,0.999686,0.000216,9.80E-05
4863,Normal,1,0.007616,RMS Threshold,0,0,1
4864,Baby_Cry,0.998611,0.032028,AST Model,0.998611,0.001147,0.000243
4865,Normal,1,0.006356,RMS Threshold,0,0,1
4866,Baby_Cry,0.996685,0.010707,AST Model,0.996685,0.003132,0.000183
4867,Normal,1,0.002449,RMS Threshold,0,0,1
4868,Baby_Cry,0.999549,0.018519,AST Model,0.999549,0.000397,5.40E-05
4869,Baby_Cry,0.93571,0.016573,AST Model,0.93571,0.063656,0.000634
4870,Baby_Cry,0.999624,0.064765,AST Model,0.999624,0.000317,5.80E-05
4871,Baby_Cry,0.991075,0.018003,AST Model,0.991075,0.00878,0.000144
4872,Baby_Cry,0.990571,0.022431,AST Model,0.990571,0.009234,0.000195
4873,Baby_Cry,0.997001,0.016289,AST Model,0.997001,0.002876,0.000123
4874,Normal,1,0.008312,RMS Threshold,0,0,1
4875,Baby_Cry,0.962104,0.009427,AST Model,0.962104,0.037427,0.000469
4876,Baby_Cry,0.999357,0.010751,AST Model,0.999357,0.000583,6.00E-05
4877,Noise,0.820789,0.009772,AST Model,0.176583,0.820789,0.002628
4878,Normal,1,0.000456,RMS Threshold,0,0,1
4879,Baby_Cry,0.997854,0.035567,AST Model,0.997854,0.001917,0.000228
4880,Baby_Cry,0.996488,0.027865,AST Model,0.996488,0.003312,0.000201
4881,Baby_Cry,0.998195,0.016042,AST Model,0.998195,0.001696,0.000109
4882,Baby_Cry,0.984009,0.009423,AST Model,0.984009,0.015715,0.000276
4883,Baby_Cry,0.999661,0.049645,AST Model,0.999661,0.000269,7.00E-05
4884,Baby_Cry,0.99783,0.018606,AST Model,0.99783,0.002007,0.000163
4885,Baby_Cry,0.997218,0.037009,AST Model,0.997218,0.002645,0.000137
4886,Baby_Cry,0.996609,0.013041,AST Model,0.996609,0.003229,0.000162
4887,Baby_Cry,0.999506,0.02639,AST Model,0.999506,0.000372,0.000122
4888,Normal,1,0.006671,RMS Threshold,0,0,1
4889,Normal,1,0.003579,RMS Threshold,0,0,1
4890,Normal,1,0.001647,RMS Threshold,0,0,1
4891,Normal,1,0.00768,RMS Threshold,0,0,1
4892,Normal,1,0.004382,RMS Threshold,0,0,1
4893,Noise,0.996967,0.009488,AST Model,0.002914,0.996967,0.000119
4894,Normal,1,0.006762,RMS Threshold,0,0,1
4895,Baby_Cry,0.979648,0.00934,AST Model,0.979648,0.020015,0.000337
4896,Noise,0.53502,0.020512,AST Model,0.461176,0.53502,0.003803
4897,Baby_Cry,0.99938,0.038872,AST Model,0.99938,0.000524,9.60E-05
4898,Baby_Cry,0.996601,0.03027,AST Model,0.996601,0.003301,9.90E-05
4899,Baby_Cry,0.998245,0.015344,AST Model,0.998245,0.001614,0.000141
4900,Baby_Cry,0.999346,0.043154,AST Model,0.999346,0.000576,7.80E-05
4901,Baby_Cry,0.99959,0.089247,AST Model,0.99959,0.000295,0.000114
4902,Baby_Cry,0.999069,0.012314,AST Model,0.999069,0.000874,5.60E-05
4903,Baby_Cry,0.999715,0.035753,AST Model,0.999715,0.000206,7.90E-05
4904,Noise,0.985901,0.010043,AST Model,0.013316,0.985901,0.000782
4905,Normal,1,0.00313,RMS Threshold,0,0,1
4906,Baby_Cry,0.635232,0.013058,AST Model,0.635232,0.363376,0.001392
4907,Normal,1,0.006639,RMS Threshold,0,0,1
4908,Baby_Cry,0.677369,0.01299,AST Model,0.677369,0.321866,0.000765
4909,Baby_Cry,0.988646,0.092155,AST Model,0.988646,0.010902,0.000452
4910,Baby_Cry,0.999056,0.01539,AST Model,0.999056,0.000832,0.000112
4911,Baby_Cry,0.998783,0.027744,AST Model,0.998783,0.001134,8.20E-05
4912,Baby_Cry,0.998353,0.012005,AST Model,0.998353,0.001554,9.30E-05
4913,Baby_Cry,0.981176,0.022715,AST Model,0.981176,0.018711,0.000114
4914,Baby_Cry,0.999646,0.080236,AST Model,0.999646,0.000255,9.90E-05
4915,Baby_Cry,0.991829,0.01459,AST Model,0.991829,0.008052,0.000119
4916,Baby_Cry,0.99939,0.023365,AST Model,0.99939,0.000534,7.60E-05
4917,Noise,0.980775,0.011509,AST Model,0.018405,0.980775,0.000821
4918,Normal,1,0.00343,RMS Threshold,0,0,1
4919,Baby_Cry,0.993799,0.022465,AST Model,0.993799,0.005798,0.000403
4920,Baby_Cry,0.995078,0.009152,AST Model,0.995078,0.004667,0.000255
4921,Baby_Cry,0.999573,0.015029,AST Model,0.999573,0.000347,8.00E-05
4922,Baby_Cry,0.986535,0.01305,AST Model,0.986535,0.013036,0.000429
4923,Baby_Cry,0.999348,0.050597,AST Model,0.999348,0.00053,0.000122
4924,Baby_Cry,0.998216,0.015035,AST Model,0.998216,0.001694,9.10E-05
4925,Baby_Cry,0.986532,0.019185,AST Model,0.986532,0.013285,0.000183
4926,Baby_Cry,0.996731,0.018186,AST Model,0.996731,0.003121,0.000148
4927,Normal,1,0.005951,RMS Threshold,0,0,1
4928,Baby_Cry,0.997985,0.018797,AST Model,0.997985,0.001916,9.80E-05
4929,Baby_Cry,0.999025,0.013641,AST Model,0.999025,0.000918,5.70E-05
4930,Noise,0.979678,0.010518,AST Model,0.018376,0.979678,0.001946
4931,Normal,1,0.002203,RMS Threshold,0,0,1
4932,Baby_Cry,0.999185,0.027819,AST Model,0.999185,0.000585,0.00023
4933,Baby_Cry,0.995494,0.023952,AST Model,0.995494,0.0042,0.000306
4934,Baby_Cry,0.998597,0.012675,AST Model,0.998597,0.001325,7.80E-05
4935,Baby_Cry,0.984987,0.016461,AST Model,0.984987,0.014723,0.00029
4936,Baby_Cry,0.99961,0.050522,AST Model,0.99961,0.000296,9.40E-05
4937,Baby_Cry,0.999241,0.018234,AST Model,0.999241,0.000663,9.60E-05
4938,Baby_Cry,0.991891,0.021019,AST Model,0.991891,0.007908,0.000201
4939,Baby_Cry,0.9987,0.01618,AST Model,0.9987,0.001179,0.000121
4940,Baby_Cry,0.99885,0.020448,AST Model,0.99885,0.000959,0.000191
4941,Baby_Cry,0.972078,0.011686,AST Model,0.972078,0.026216,0.001706
4942,Normal,1,0.000512,RMS Threshold,0,0,1
4943,Normal,1,0.006659,RMS Threshold,0,0,1
4944,Baby_Cry,0.996653,0.026685,AST Model,0.996653,0.003197,0.00015
4945,Baby_Cry,0.99864,0.028221,AST Model,0.99864,0.001151,0.000209
4946,Baby_Cry,0.999,0.035566,AST Model,0.999,0.000873,0.000127
4947,Baby_Cry,0.997225,0.018287,AST Model,0.997225,0.002672,0.000103
4948,Normal,1,0.005442,RMS Threshold,0,0,1
4949,Baby_Cry,0.998549,0.013176,AST Model,0.998549,0.001368,8.30E-05
4950,Baby_Cry,0.997677,0.029195,AST Model,0.997677,0.002201,0.000123
4951,Normal,1,0.004687,RMS Threshold,0,0,1
4952,Baby_Cry,0.992683,0.06831,AST Model,0.992683,0.007093,0.000224
4953,Baby_Cry,0.997858,0.010615,AST Model,0.997858,0.002042,0.0001
4954,Baby_Cry,0.999673,0.03893,AST Model,0.999673,0.000231,9.60E-05
4955,Baby_Cry,0.998806,0.048189,AST Model,0.998806,0.001101,9.30E-05
4956,Normal,1,0.000578,RMS Threshold,0,0,1
4957,Normal,1,0.005338,RMS Threshold,0,0,1
4958,Normal,1,0.005459,RMS Threshold,0,0,1
4959,Noise,0.99977,0.011831,AST Model,0.000121,0.99977,0.000109
4960,Normal,1,0.006851,RMS Threshold,0,0,1
4961,Normal,1,0.006736,RMS Threshold,0,0,1
4962,Baby_Cry,0.990839,0.016447,AST Model,0.990839,0.00902,0.000141
4963,Normal,1,0.007354,RMS Threshold,0,0,1
4964,Baby_Cry,0.998746,0.013145,AST Model,0.998746,0.001183,7.10E-05
4965,Baby_Cry,0.99955,0.036902,AST Model,0.99955,0.000382,6.80E-05
4966,Normal,1,0.008248,RMS Threshold,0,0,1
4967,Baby_Cry,0.996763,0.071069,AST Model,0.996763,0.003053,0.000183
4968,Baby_Cry,0.991498,0.010248,AST Model,0.991498,0.008179,0.000322
4969,Baby_Cry,0.999753,0.049515,AST Model,0.999753,0.000146,0.000101
4970,Baby_Cry,0.99835,0.03562,AST Model,0.99835,0.001401,0.000248
4971,Normal,1,0.000796,RMS Threshold,0,0,1
4972,Normal,1,0.007943,RMS Threshold,0,0,1
4973,Normal,1,0.005435,RMS Threshold,0,0,1
4974,Noise,0.991017,0.011425,AST Model,0.008703,0.991017,0.00028
4975,Normal,1,0.00538,RMS Threshold,0,0,1
4976,Normal,1,0.006737,RMS Threshold,0,0,1
4977,Baby_Cry,0.998644,0.018491,AST Model,0.998644,0.001261,9.50E-05
4978,Normal,1,0.008882,RMS Threshold,0,0,1
4979,Baby_Cry,0.996059,0.012566,AST Model,0.996059,0.003814,0.000127
4980,Baby_Cry,0.998896,0.030438,AST Model,0.998896,0.001011,9.40E-05
4981,Normal,1,0.007741,RMS Threshold,0,0,1
4982,Baby_Cry,0.998015,0.081485,AST Model,0.998015,0.001774,0.000211
4983,Baby_Cry,0.99444,0.036401,AST Model,0.99444,0.005084,0.000475
4984,Baby_Cry,0.999649,0.037585,AST Model,0.999649,0.000267,8.30E-05
4985,Baby_Cry,0.995023,0.044915,AST Model,0.995023,0.004852,0.000125
4986,Noise,0.997736,0.012231,AST Model,0.002037,0.997736,0.000227
4987,Noise,0.807011,0.009766,AST Model,0.192506,0.807011,0.000483
4988,Baby_Cry,0.996262,0.071526,AST Model,0.996262,0.003546,0.000193
4989,Normal,1,0.007248,RMS Threshold,0,0,1
4990,Normal,1,0.002897,RMS Threshold,0,0,1
4991,Noise,0.99966,0.010124,AST Model,4.90E-05,0.99966,0.00029
4992,Normal,1,0.008453,RMS Threshold,0,0,1
4993,Noise,0.999428,0.010425,AST Model,0.000205,0.999428,0.000367
4994,Normal,1,0.007804,RMS Threshold,0,0,1
4995,Normal,1,0.007374,RMS Threshold,0,0,1
4996,Noise,0.995315,0.01122,AST Model,0.000255,0.995315,0.00443
4997,Normal,1,0.003038,RMS Threshold,0,0,1
4998,Normal,1,0.008388,RMS Threshold,0,0,1
4999,Noise,0.999712,0.010558,AST Model,0.000262,0.999712,2.60E-05
5000,Normal,1,0.003533,RMS Threshold,0,0,1
5001,Normal,1,0.003979,RMS Threshold,0,0,1
5002,Normal,1,0.008027,RMS Threshold,0,0,1
5003,Normal,1,0.006907,RMS Threshold,0,0,1
5004,Normal,1,0.005526,RMS Threshold,0,0,1
5005,Normal,1,0.007312,RMS Threshold,0,0,1
5006,Normal,1,0.005631,RMS Threshold,0,0,1
5007,Normal,1,0.007795,RMS Threshold,0,0,1
5008,Normal,1,0.008221,RMS Threshold,0,0,1
5009,Normal,1,0.006503,RMS Threshold,0,0,1
5010,Normal,1,0.007461,RMS Threshold,0,0,1
5011,Normal,1,0.003241,RMS Threshold,0,0,1
5012,Normal,1,0.007944,RMS Threshold,0,0,1
5013,Normal,1,0.006136,RMS Threshold,0,0,1
5014,Normal,1,0.004213,RMS Threshold,0,0,1
5015,Normal,1,0.003556,RMS Threshold,0,0,1
5016,Normal,1,0.00583,RMS Threshold,0,0,1
5017,Normal,1,0.008938,RMS Threshold,0,0,1
5018,Noise,0.999713,0.009201,AST Model,0.000154,0.999713,0.000132
5019,Noise,0.997916,0.010221,AST Model,0.000101,0.997916,0.001983
5020,Noise,0.999698,0.010342,AST Model,0.00015,0.999698,0.000151
5021,Noise,0.986839,0.00992,AST Model,0.000316,0.986839,0.012844
5022,Normal,1,0.007855,RMS Threshold,0,0,1
5023,Normal,1,0.008857,RMS Threshold,0,0,1
5024,Noise,0.997564,0.00987,AST Model,0.001899,0.997564,0.000537
5025,Normal,1,0.008312,RMS Threshold,0,0,1
5026,Noise,0.997667,0.022378,AST Model,0.002098,0.997667,0.000235
5027,Noise,0.999201,0.009593,AST Model,6.70E-05,0.999201,0.000733
5028,Noise,0.997113,0.010209,AST Model,0.000265,0.997113,0.002622
5029,Noise,0.999321,0.00951,AST Model,3.30E-05,0.999321,0.000646
5030,Noise,0.998755,0.009098,AST Model,0.000701,0.998755,0.000544
5031,Noise,0.999468,0.010241,AST Model,4.40E-05,0.999468,0.000488
5032,Normal,1,0.00819,RMS Threshold,0,0,1
5033,Normal,1,0.003942,RMS Threshold,0,0,1
5034,Noise,0.998823,0.018758,AST Model,0.001083,0.998823,9.50E-05
5035,Noise,0.999265,0.00931,AST Model,9.70E-05,0.999265,0.000638
5036,Normal,1,0.008974,RMS Threshold,0,0,1
5037,Noise,0.999549,0.009716,AST Model,6.60E-05,0.999549,0.000385
5038,Normal,1,0.008608,RMS Threshold,0,0,1
5039,Normal,1,0.008734,RMS Threshold,0,0,1
5040,Noise,0.986288,0.009766,AST Model,0.000251,0.986288,0.013462
5041,Noise,0.999668,0.01364,AST Model,0.000263,0.999668,6.90E-05
5042,Noise,0.995042,0.009196,AST Model,0.00016,0.995042,0.004798
5043,Noise,0.999006,0.009386,AST Model,4.90E-05,0.999006,0.000945
5044,Noise,0.999869,0.009241,AST Model,2.20E-05,0.999869,0.00011
5045,Normal,1,0.008911,RMS Threshold,0,0,1
5046,Normal,1,0.008979,RMS Threshold,0,0,1
5047,Noise,0.999341,0.00905,AST Model,0.000137,0.999341,0.000521
5048,Noise,0.997597,0.014982,AST Model,0.002214,0.997597,0.000189
5049,Noise,0.999307,0.009091,AST Model,0.000564,0.999307,0.000129
5050,Noise,0.9992,0.010256,AST Model,0.000612,0.9992,0.000188
5051,Noise,0.999733,0.010517,AST Model,0.000213,0.999733,5.30E-05
5052,Noise,0.995301,0.009432,AST Model,9.40E-05,0.995301,0.004605
5053,Noise,0.998182,0.012706,AST Model,0.001461,0.998182,0.000357
5054,Normal,1,0.008636,RMS Threshold,0,0,1
5055,Noise,0.997215,0.011891,AST Model,0.002573,0.997215,0.000212
5056,Noise,0.999661,0.012589,AST Model,0.000159,0.999661,0.00018
5057,Noise,0.997824,0.009352,AST Model,0.000287,0.997824,0.001889
5058,Normal,1,0.008357,RMS Threshold,0,0,1
5059,Normal,1,0.008462,RMS Threshold,0,0,1
5060,Normal,1,0.007582,RMS Threshold,0,0,1
5061,Normal,1,0.008884,RMS Threshold,0,0,1
5062,Noise,0.999631,0.026151,AST Model,0.000265,0.999631,0.000104
5063,Noise,0.998469,0.009389,AST Model,6.80E-05,0.998469,0.001463
5064,Normal,1,0.00814,RMS Threshold,0,0,1
5065,Noise,0.989607,0.009441,AST Model,0.000243,0.989607,0.01015
5066,Noise,0.996438,0.00913,AST Model,0.000149,0.996438,0.003413
5067,Noise,0.972108,0.009258,AST Model,0.000232,0.972108,0.02766
5068,Noise,0.993314,0.009219,AST Model,0.000215,0.993314,0.006471
5069,Normal,1,0.008884,RMS Threshold,0,0,1
5070,Noise,0.961298,0.009829,AST Model,0.000552,0.961298,0.038149
5071,Normal,1,0.008508,RMS Threshold,0,0,1
5072,Normal,1,0.008521,RMS Threshold,0,0,1
5073,Normal,1,0.008781,RMS Threshold,0,0,1
5074,Normal,1,0.00857,RMS Threshold,0,0,1
5075,Noise,0.997805,0.009332,AST Model,0.000164,0.997805,0.002031
5076,Normal,1,0.008786,RMS Threshold,0,0,1
5077,Noise,0.996239,0.05564,AST Model,0.00188,0.996239,0.001882
5078,Noise,0.991936,0.010062,AST Model,0.000133,0.991936,0.007931
5079,Normal,1,0.008825,RMS Threshold,0,0,1
5080,Normal,1,0.008616,RMS Threshold,0,0,1
5081,Normal,1,0.008964,RMS Threshold,0,0,1
5082,Noise,0.991343,0.009499,AST Model,9.90E-05,0.991343,0.008557
5083,Normal,1,0.00866,RMS Threshold,0,0,1
5084,Noise,0.998145,0.010476,AST Model,0.000116,0.998145,0.001739
5085,Normal,1,0.008224,RMS Threshold,0,0,1
5086,Noise,0.999061,0.012104,AST Model,0.000312,0.999061,0.000627
5087,Noise,0.974284,0.022817,AST Model,0.023939,0.974284,0.001777
5088,Normal,1,0.007411,RMS Threshold,0,0,1
5089,Normal,1,0.008579,RMS Threshold,0,0,1
5090,Noise,0.997567,0.009598,AST Model,0.000154,0.997567,0.002279
5091,Noise,0.987539,0.009387,AST Model,0.000269,0.987539,0.012191
5092,Normal,1,0.007898,RMS Threshold,0,0,1
5093,Noise,0.996218,0.009477,AST Model,0.000128,0.996218,0.003655
5094,Noise,0.999541,0.009965,AST Model,3.20E-05,0.999541,0.000427
5095,Normal,1,0.008545,RMS Threshold,0,0,1
5096,Normal,1,0.008069,RMS Threshold,0,0,1
5097,Noise,0.99017,0.009489,AST Model,0.000212,0.99017,0.009618
5098,Normal,1,0.008007,RMS Threshold,0,0,1
5099,Normal,1,0.008361,RMS Threshold,0,0,1
5100,Normal,1,0.008486,RMS Threshold,0,0,1
5101,Normal,1,0.008832,RMS Threshold,0,0,1
5102,Noise,0.999445,0.009004,AST Model,6.10E-05,0.999445,0.000494
5103,Normal,1,0.008843,RMS Threshold,0,0,1
5104,Normal,1,0.007777,RMS Threshold,0,0,1
5105,Normal,1,0.008728,RMS Threshold,0,0,1
5106,Normal,1,0.008725,RMS Threshold,0,0,1
5107,Noise,0.997616,0.009178,AST Model,8.20E-05,0.997616,0.002302
5108,Normal,1,0.008557,RMS Threshold,0,0,1
5109,Normal,1,0.007992,RMS Threshold,0,0,1
5110,Normal,1,0.008911,RMS Threshold,0,0,1
5111,Noise,0.994414,0.009192,AST Model,0.000125,0.994414,0.005461
5112,Normal,1,0.007943,RMS Threshold,0,0,1
5113,Normal,1,0.008226,RMS Threshold,0,0,1
5114,Normal,1,0.008312,RMS Threshold,0,0,1
5115,Noise,0.997556,0.009128,AST Model,0.000181,0.997556,0.002263
5116,Normal,1,0.007449,RMS Threshold,0,0,1
5117,Normal,1,0.008009,RMS Threshold,0,0,1
5118,Normal,1,0.008446,RMS Threshold,0,0,1
5119,Normal,1,0.008184,RMS Threshold,0,0,1
5120,Noise,0.981835,0.009256,AST Model,0.000596,0.981835,0.017568
5121,Noise,0.996849,0.00925,AST Model,0.0001,0.996849,0.003052
5122,Normal,1,0.002242,RMS Threshold,0,0,1
5123,Normal,1,0.008765,RMS Threshold,0,0,1
5124,Normal,1,0.007008,RMS Threshold,0,0,1
5125,Normal,1,0.00712,RMS Threshold,0,0,1
5126,Normal,1,0.007391,RMS Threshold,0,0,1
5127,Normal,1,0.008174,RMS Threshold,0,0,1
5128,Normal,1,0.00851,RMS Threshold,0,0,1
5129,Noise,0.958674,0.009142,AST Model,0.000772,0.958674,0.040554
5130,Normal,1,0.007614,RMS Threshold,0,0,1
5131,Noise,0.999078,0.009135,AST Model,5.80E-05,0.999078,0.000864
5132,Normal,1,0.00881,RMS Threshold,0,0,1
5133,Noise,0.997888,0.00916,AST Model,9.70E-05,0.997888,0.002015
5134,Normal,1,0.00665,RMS Threshold,0,0,1
5135,Noise,0.996753,0.010404,AST Model,0.000579,0.996753,0.002668
5136,Normal,1,0.007336,RMS Threshold,0,0,1
5137,Noise,0.987354,0.009209,AST Model,0.000132,0.987354,0.012514
5138,Noise,0.998589,0.009752,AST Model,0.00043,0.998589,0.000981
5139,Noise,0.99723,0.009791,AST Model,0.000239,0.99723,0.002531
5140,Noise,0.999708,0.010744,AST Model,7.60E-05,0.999708,0.000216
5141,Noise,0.999816,0.009076,AST Model,6.30E-05,0.999816,0.000121
5142,Normal,1,0.008655,RMS Threshold,0,0,1
5143,Noise,0.99587,0.020537,AST Model,0.003671,0.99587,0.000459
5144,Noise,0.998896,0.009837,AST Model,0.000407,0.998896,0.000697
5145,Noise,0.994388,0.009324,AST Model,0.00015,0.994388,0.005462
5146,Normal,1,0.008675,RMS Threshold,0,0,1
5147,Noise,0.999702,0.009225,AST Model,3.00E-05,0.999702,0.000268
5148,Normal,1,0.008105,RMS Threshold,0,0,1
5149,Noise,0.998712,0.009537,AST Model,8.30E-05,0.998712,0.001206
5150,Noise,0.998338,0.009044,AST Model,7.30E-05,0.998338,0.001588
5151,Noise,0.995749,0.00937,AST Model,8.30E-05,0.995749,0.004168
5152,Noise,0.998712,0.009578,AST Model,7.30E-05,0.998712,0.001215
5153,Noise,0.998857,0.009204,AST Model,0.000159,0.998857,0.000984
5154,Normal,1,0.008782,RMS Threshold,0,0,1
5155,Noise,0.999297,0.009392,AST Model,0.000166,0.999297,0.000537
5156,Normal,1,0.007566,RMS Threshold,0,0,1
5157,Normal,1,0.008263,RMS Threshold,0,0,1
5158,Noise,0.993394,0.009362,AST Model,0.000171,0.993394,0.006435
5159,Normal,1,0.008105,RMS Threshold,0,0,1
5160,Noise,0.993353,0.009571,AST Model,0.000199,0.993353,0.006448
5161,Noise,0.999443,0.009027,AST Model,8.40E-05,0.999443,0.000472
5162,Normal,1,0.007347,RMS Threshold,0,0,1
5163,Normal,1,0.008716,RMS Threshold,0,0,1
5164,Normal,1,0.008492,RMS Threshold,0,0,1
5165,Normal,1,0.008841,RMS Threshold,0,0,1
5166,Normal,1,0.007644,RMS Threshold,0,0,1
5167,Noise,0.995844,0.009269,AST Model,0.000168,0.995844,0.003988
5168,Noise,0.997118,0.009133,AST Model,0.00017,0.997118,0.002712
5169,Normal,1,0.008229,RMS Threshold,0,0,1
5170,Normal,1,0.008051,RMS Threshold,0,0,1
5171,Noise,0.998633,0.009754,AST Model,0.00028,0.998633,0.001087
5172,Noise,0.985621,0.009525,AST Model,0.00028,0.985621,0.014099
5173,Normal,1,0.008669,RMS Threshold,0,0,1
5174,Noise,0.999276,0.010159,AST Model,0.000246,0.999276,0.000479
5175,Normal,1,0.008985,RMS Threshold,0,0,1
5176,Noise,0.999396,0.010231,AST Model,3.80E-05,0.999396,0.000566
5177,Normal,1,0.008986,RMS Threshold,0,0,1
5178,Noise,0.998898,0.009473,AST Model,0.000137,0.998898,0.000966
5179,Noise,0.998248,0.009424,AST Model,8.20E-05,0.998248,0.001671
5180,Normal,1,0.004208,RMS Threshold,0,0,1
5181,Normal,1,0.007941,RMS Threshold,0,0,1
5182,Noise,0.999849,0.009386,AST Model,5.30E-05,0.999849,9.80E-05
5183,Noise,0.970081,0.009769,AST Model,0.00027,0.970081,0.029649
5184,Noise,0.999824,0.009068,AST Model,2.90E-05,0.999824,0.000147
5185,Normal,1,0.008866,RMS Threshold,0,0,1
5186,Normal,1,0.008548,RMS Threshold,0,0,1
5187,Noise,0.994269,0.010299,AST Model,0.000103,0.994269,0.005628
5188,Normal,1,0.008834,RMS Threshold,0,0,1
5189,Noise,0.998849,0.010399,AST Model,0.000147,0.998849,0.001004
5190,Noise,0.999701,0.009501,AST Model,3.80E-05,0.999701,0.000261
5191,Normal,1,0.008391,RMS Threshold,0,0,1
5192,Normal,1,0.008595,RMS Threshold,0,0,1
5193,Noise,0.99404,0.00936,AST Model,9.00E-05,0.99404,0.00587
5194,Normal,1,0.007298,RMS Threshold,0,0,1
5195,Noise,0.999224,0.009629,AST Model,8.80E-05,0.999224,0.000688
5196,Noise,0.997526,0.023658,AST Model,0.00214,0.997526,0.000334
5197,Normal,1,0.008695,RMS Threshold,0,0,1
5198,Noise,0.973822,0.00963,AST Model,0.000165,0.973822,0.026012
5199,Noise,0.998605,0.00952,AST Model,8.20E-05,0.998605,0.001313
5200,Normal,1,0.008109,RMS Threshold,0,0,1
5201,Normal,1,0.008555,RMS Threshold,0,0,1
5202,Normal,1,0.007748,RMS Threshold,0,0,1
