sample_id,detected_class,baby_detected,empty_seat_detected,baby_count,confidence,bbox_width,bbox_height,bbox_area
1,baby,1,0,1,0.8997,390.83,407.26,159172.64
2,baby,1,0,1,0.9215,377.11,428.53,161600.15
3,baby,1,0,1,0.8129,345.05,381.33,131577.22
4,baby,1,0,1,0.7439,127.74,451.93,57730.32
5,none,0,0,0,0,0,0,0
6,none,0,0,0,0,0,0,0
7,none,0,0,0,0,0,0,0
8,baby,1,0,1,0.7108,119.81,444.46,53249.41
9,baby,1,0,1,0.7455,125.63,473.51,59485.34
10,baby,1,0,1,0.717,239.95,322.77,77448.94
11,baby,1,0,1,0.6834,239.35,242.43,58025.77
12,baby,1,0,1,0.7791,290.24,282.7,82052.96
13,baby,1,0,1,0.8379,284.96,319.26,90976.88
14,baby,1,0,1,0.7133,108.31,489.73,53042.13
15,none,0,0,0,0,0,0,0
16,none,0,0,0,0,0,0,0
17,baby,1,0,1,0.9164,239.88,461.66,110741.27
18,baby,1,0,1,0.9047,247.4,454.01,112321.38
19,baby,1,0,1,0.9187,293.29,436.63,128062.22
20,baby,1,0,1,0.8864,267.16,438.58,117168.31
21,baby,1,0,1,0.8861,190.69,499.89,95325.59
22,baby,1,0,1,0.7629,238.92,701.28,167546.74
23,baby,1,0,1,0.707,219.52,514.94,113038.85
24,baby,1,0,2,0.7087,206.08,537.24,110715.41
25,baby,1,0,2,0.81,116.04,371.14,43065.79
26,baby,1,0,1,0.6908,203.82,568.89,115949.32
27,baby,1,0,1,0.6412,207.49,541.77,112412.36
28,none,0,0,0,0,0,0,0
29,baby,1,0,1,0.6734,206.8,561.19,116051.72
30,none,0,0,0,0,0,0,0
31,none,0,0,0,0,0,0,0
32,baby,1,0,1,0.7004,365.61,540.51,197616.36
33,baby,1,0,1,0.8026,235.92,430.5,101564.49
34,baby,1,0,1,0.8617,321.69,309.12,99441.04
35,baby,1,0,1,0.8675,234.28,381.43,89360.82
36,baby,1,1,1,0.8213,256.14,364.65,93401.74
37,baby,1,0,1,0.8607,279.48,375.82,105033.97
38,none,0,0,0,0,0,0,0
39,none,0,0,0,0,0,0,0
40,baby,1,0,1,0.7964,123.85,361.78,44806.19
41,baby,1,0,1,0.8004,127.97,362.75,46422.1
42,baby,1,0,1,0.794,147.31,369.34,54407.54
43,baby,1,1,1,0.7891,170.73,345.02,58906.87
44,baby,1,1,1,0.6626,194.36,349.28,67884.94
45,baby,1,1,1,0.7715,221.6,398.14,88227.01
46,baby,1,1,1,0.9124,293.03,362.5,106222.23
47,baby,1,0,1,0.8012,246.67,371,91514.13
48,baby,1,0,1,0.807,114.72,353.37,40538.64
49,baby,1,0,1,0.7866,260.47,308.06,80242.26
50,baby,1,0,1,0.8689,197.42,256.44,50626.14
51,baby,1,0,1,0.8649,187.33,238.26,44634.02
52,baby,1,0,2,0.82,174.75,222.77,38928.96
53,baby,1,0,2,0.811,172.91,217.36,37584.65
54,baby,1,0,2,0.8309,172.97,225.09,38933.57
55,baby,1,0,2,0.872,170.1,223.43,38004.87
56,baby,1,0,2,0.8589,170.17,226.24,38499.55
57,baby,1,0,1,0.8351,170.8,224.21,38294.44
58,baby,1,0,1,0.8363,172.61,225.54,38931.33
59,baby,1,0,1,0.8366,171.73,227.57,39080.93
60,baby,1,0,1,0.8499,172.25,225.63,38866.04
61,baby,1,0,1,0.8436,175.11,225.88,39553.8
62,baby,1,0,1,0.845,172.26,226.31,38984.58
63,baby,1,0,1,0.8524,173.21,228.02,39494.9
64,baby,1,0,1,0.869,187.57,232.95,43694.27
65,baby,1,0,1,0.8632,174.93,224.71,39308.38
66,baby,1,0,2,0.8518,174.44,222.85,38874.69
67,baby,1,0,1,0.8335,176.12,226.01,39805.86
68,baby,1,0,1,0.8705,177.42,229.06,40640.99
69,baby,1,0,1,0.8828,177.78,227.03,40361.44
70,baby,1,0,1,0.88,175.16,225.58,39512.53
71,baby,1,0,1,0.878,176.57,227.36,40146.34
72,baby,1,0,1,0.8821,173.55,226.5,39308.28
73,baby,1,0,1,0.8826,173.37,228.04,39535.67
74,baby,1,0,1,0.8644,173.98,228.31,39720.93
75,baby,1,0,1,0.8731,174.33,228.07,39759.86
76,baby,1,0,1,0.8782,174.28,229.36,39971.21
77,baby,1,0,1,0.873,176.26,224.14,39505.26
78,baby,1,0,1,0.8807,174.45,224.34,39136.28
79,baby,1,0,1,0.861,172.3,227.95,39277.28
80,baby,1,0,1,0.8673,173.61,227.85,39556.32
81,baby,1,0,1,0.8622,172.1,224.19,38582.3
82,baby,1,0,1,0.8559,178.18,226.52,40360.23
83,baby,1,0,1,0.8423,171.99,228.12,39233.18
84,baby,1,0,1,0.8629,176.89,228.92,40493.39
85,baby,1,0,1,0.861,174.06,223.38,38883.11
86,baby,1,0,1,0.8556,177.09,227.81,40341.59
87,baby,1,0,1,0.853,175.53,226.86,39820.65
88,baby,1,0,1,0.8496,174.75,229.62,40127.11
89,baby,1,0,1,0.8556,174.42,226.23,39460.18
90,baby,1,0,1,0.8581,175.78,229.12,40275.11
91,baby,1,0,1,0.8516,175.62,225.91,39675.56
92,baby,1,0,1,0.8619,174.64,226.15,39495.64
93,baby,1,0,1,0.8619,174.11,226.01,39349.17
94,baby,1,0,1,0.8816,175.85,227.48,40001.84
95,baby,1,0,1,0.8722,175.42,224.39,39361.86
96,baby,1,0,1,0.8712,172.47,223.22,38498.4
97,baby,1,0,1,0.8762,175.03,225.24,39424.12
98,baby,1,0,1,0.8217,176.53,240.67,42485.34
99,baby,1,0,1,0.853,182.05,241.6,43982.99
100,baby,1,0,1,0.8574,179.59,231.45,41566.73
101,baby,1,0,1,0.8232,178.49,233.61,41698.97
102,baby,1,0,1,0.8473,181.25,236.47,42859.65
103,baby,1,0,1,0.846,181.34,229.37,41592.43
104,baby,1,0,1,0.8424,179.37,231.89,41594.23
105,baby,1,0,1,0.8623,185.27,239.74,44416.82
106,baby,1,0,1,0.8573,180.02,239.71,43151.44
107,baby,1,0,1,0.8637,183.56,239.74,44007.51
108,baby,1,0,1,0.8646,182.74,240.91,44022.71
109,baby,1,0,1,0.8502,184.97,236.61,43765.78
110,baby,1,0,1,0.8497,176.81,243.88,43121.65
111,baby,1,0,1,0.8478,177.9,244.52,43500.07
112,baby,1,0,1,0.8488,176.7,243.18,42970.25
113,baby,1,0,1,0.8438,178.33,243.05,43342.11
114,baby,1,0,1,0.8445,174.83,241.85,42283.58
115,baby,1,0,1,0.855,180.35,242.77,43783.82
116,baby,1,0,1,0.8509,179.12,243.87,43681.49
117,baby,1,0,1,0.8486,176.75,243.88,43105.61
118,baby,1,0,1,0.8555,177.97,242.32,43124.71
119,baby,1,0,1,0.8556,176.74,244.01,43127.71
120,baby,1,0,1,0.8456,178.57,246.08,43942.56
121,baby,1,0,1,0.8448,180.3,243.29,43865.72
122,baby,1,0,1,0.8527,176.89,245.35,43400.24
123,baby,1,0,1,0.8488,181.65,237.93,43218.8
124,baby,1,0,1,0.8489,178,242.6,43182.57
125,baby,1,0,1,0.8486,179.4,242.48,43502.41
126,baby,1,0,1,0.8494,181.24,246.79,44728.94
127,baby,1,0,1,0.8534,177.92,243.21,43272.16
128,baby,1,0,1,0.8419,178.91,243.02,43479.17
129,baby,1,0,1,0.8401,179.74,244.74,43990.37
130,baby,1,0,1,0.8534,178.19,245.4,43727.57
131,baby,1,0,1,0.8435,177.56,240.54,42709.57
132,baby,1,0,1,0.8438,179.74,243.48,43762.95
133,baby,1,0,1,0.8409,176.02,242.78,42733.78
134,baby,1,0,1,0.8556,179.41,246.2,44171.72
135,baby,1,0,1,0.8724,178.77,245.13,43821.67
136,baby,1,0,1,0.8664,191.16,242.56,46368.02
137,baby,1,0,1,0.8644,189.01,242.51,45837.38
138,baby,1,0,1,0.8616,185.73,243.05,45140.9
139,baby,1,0,1,0.8518,179.32,245.83,44082.09
140,baby,1,0,1,0.8653,185.73,238.63,44321.28
141,baby,1,0,1,0.8603,186.05,242.63,45139.81
142,baby,1,0,1,0.8614,187.57,244.62,45883.38
143,baby,1,0,1,0.8538,177.57,243.37,43215.93
144,baby,1,0,1,0.8446,179.12,241.81,43314.03
145,baby,1,0,1,0.8497,179.16,244.27,43762.9
146,baby,1,0,1,0.842,179.48,245.05,43981.2
147,baby,1,0,1,0.8543,176.54,244.99,43251.32
148,baby,1,0,2,0.8988,228.96,451.95,103476.77
149,baby,1,0,3,0.8966,336.03,456.9,153531.84
150,baby,1,0,2,0.9253,242.8,493.66,119862.08
151,baby,1,0,1,0.8001,175.32,258.8,45373.08
152,baby,1,0,1,0.8205,200.54,258.02,51743.47
153,baby,1,0,1,0.8516,188.78,235.61,44479.14
154,baby,1,0,1,0.8653,193.7,227.29,44025.59
155,baby,1,0,1,0.8629,197.5,241.45,47685.88
156,baby,1,0,1,0.8445,185.79,239.1,44420.99
157,baby,1,0,1,0.859,191.99,233.37,44805.38
158,baby,1,0,2,0.8434,188.78,242.15,45713.32
159,baby,1,0,2,0.8808,160.97,172.67,27794.18
160,baby,1,0,2,0.8523,194.53,242.89,47250.14
161,baby,1,0,2,0.8439,157.1,188.05,29542.31
162,baby,1,0,2,0.8738,159.57,199.48,31832.43
163,baby,1,0,2,0.8536,148,197.51,29232.22
164,baby,1,0,2,0.8732,146.04,193.22,28217.78
165,baby,1,0,2,0.8497,168.41,226.4,38128.45
166,baby,1,0,2,0.8512,151.75,196.99,29893.02
167,baby,1,0,2,0.8462,144.41,194.61,28103.02
168,baby,1,0,2,0.8287,147.38,199.79,29445.39
169,baby,1,0,2,0.8619,174.46,236.56,41268.76
170,baby,1,0,2,0.8406,177.26,228.7,40538.97
171,baby,1,0,2,0.8655,166.58,231,38480.86
172,baby,1,0,2,0.8291,171.04,228.32,39052.68
173,baby,1,0,2,0.8274,169.84,230.67,39177.31
174,baby,1,0,2,0.8319,156.83,197.73,31009.03
175,baby,1,0,2,0.8224,174.1,223.18,38855.11
176,baby,1,0,2,0.8298,152.58,200.18,30543.5
177,baby,1,0,2,0.8501,149.54,196.94,29449.79
178,baby,1,0,2,0.837,147.24,196.7,28962.22
179,baby,1,0,2,0.8205,161.49,218.03,35210.02
180,baby,1,0,2,0.8489,145.55,197.31,28719.52
181,baby,1,0,2,0.8509,145.55,199.25,29001.35
182,baby,1,0,2,0.8351,147.04,199.92,29396.08
183,baby,1,0,2,0.8402,162.39,215.05,34921.37
184,baby,1,0,2,0.8359,148.4,198.51,29459.6
185,baby,1,0,2,0.8266,148.59,200.11,29734.48
186,baby,1,0,2,0.8229,144.11,197.57,28471.38
187,baby,1,0,2,0.816,142.35,198.51,28256.3
188,baby,1,0,2,0.8446,178.8,213.6,38191.35
189,baby,1,0,2,0.8343,176.72,205.24,36268.43
190,baby,1,0,2,0.832,175.75,225.2,39579.03
191,baby,1,0,2,0.8342,142.34,195.79,27868.93
192,baby,1,0,2,0.8283,140.83,195.3,27503.53
193,baby,1,0,2,0.8335,170.24,205.18,34928.49
194,baby,1,0,2,0.8218,140.05,193.79,27139.88
195,baby,1,0,2,0.8556,180.7,218.96,39564.94
196,baby,1,0,2,0.8439,145.1,194.38,28203.92
197,baby,1,0,2,0.8421,174.93,221.85,38807.45
198,baby,1,0,2,0.8489,172.66,228.62,39474
199,baby,1,0,2,0.8606,145.27,198.05,28770.3
200,baby,1,0,2,0.8621,180.27,228.76,41237.44
201,baby,1,0,2,0.8502,145.03,197.17,28595.51
202,baby,1,0,2,0.8672,184.42,240.1,44278.73
203,baby,1,0,2,0.8696,182.56,239.07,43643.98
204,baby,1,0,2,0.8431,141.28,194.88,27531.87
205,baby,1,0,2,0.8315,142.43,197.42,28118.91
206,baby,1,0,2,0.8506,182.9,220.92,40407.01
207,baby,1,0,2,0.8621,177.4,225,39915.58
208,baby,1,0,2,0.8486,177.5,227.58,40395.64
209,baby,1,0,2,0.8437,174.53,229.71,40091.13
210,baby,1,0,2,0.8586,139.59,194.24,27114.96
211,baby,1,0,2,0.849,176.88,224.4,39691.95
212,baby,1,0,2,0.8532,175.24,225.76,39562.07
213,baby,1,0,2,0.8534,176.36,223.23,39368.87
214,baby,1,0,2,0.8468,174.64,221.16,38624.53
215,baby,1,0,2,0.8492,176.23,225.72,39778.76
216,baby,1,0,2,0.8609,177.86,223.42,39738.69
217,baby,1,0,2,0.8555,192.63,250.66,48284.26
218,baby,1,0,2,0.8405,183.66,224.3,41195.62
219,baby,1,0,2,0.835,181.09,236.15,42762.96
220,baby,1,0,2,0.8396,180.37,230.45,41566.87
221,baby,1,0,2,0.8363,146.77,201.82,29621.62
222,baby,1,0,2,0.8367,139.54,197.57,27568.4
223,baby,1,0,2,0.8355,148.07,196.03,29026.18
224,baby,1,0,2,0.8359,148.95,198.23,29527.18
225,baby,1,0,2,0.8287,148.08,196.54,29105.05
226,baby,1,0,2,0.8271,178.18,234.29,41746.5
227,baby,1,0,2,0.8241,179.11,225.27,40347.82
228,baby,1,0,2,0.8358,182.36,228.6,41688.46
229,baby,1,0,2,0.8489,185.41,218.55,40521.78
230,baby,1,0,2,0.8496,150.96,194.7,29392.67
231,baby,1,0,2,0.8388,141.97,194.68,27638.35
232,baby,1,0,2,0.8378,192.67,233.73,45031.04
233,baby,1,0,2,0.8709,150.28,200.77,30172.06
234,baby,1,0,2,0.8254,148.25,203.55,30175.68
235,baby,1,0,2,0.8473,149.57,192.58,28804.3
236,baby,1,0,2,0.8343,194.32,228.6,44422.56
237,baby,1,0,2,0.8293,199.34,228.02,45453.24
238,baby,1,0,2,0.8383,152.47,199.47,30412.94
239,baby,1,0,2,0.8478,152.52,198.18,30227.32
240,baby,1,0,2,0.8355,200.51,225.68,45250.21
241,baby,1,0,2,0.8342,152.46,205.31,31301.92
242,baby,1,0,2,0.8363,191.69,224.12,42961.27
243,baby,1,0,2,0.838,148.65,198.59,29520.68
244,baby,1,0,2,0.8328,200.5,221.59,44428.56
245,baby,1,0,2,0.844,151.39,209.97,31786.72
246,baby,1,0,2,0.8475,197.34,229.66,45320.47
247,baby,1,0,2,0.8243,197.06,223.94,44128.34
248,baby,1,0,2,0.8334,196.47,224.61,44131.12
249,baby,1,0,2,0.8244,150.29,204.33,30708.31
250,baby,1,0,2,0.8235,194.27,222.54,43233.72
251,baby,1,0,2,0.8234,147.3,199.91,29447
252,baby,1,0,2,0.8273,198.27,232.22,46041.38
253,baby,1,0,2,0.8358,200.57,227.93,45716.7
254,baby,1,0,2,0.845,193.49,227.23,43967.2
255,baby,1,0,2,0.834,192.49,227.97,43881.98
256,baby,1,0,2,0.8504,199.04,228.28,45437.35
257,baby,1,0,2,0.8516,195.25,240.18,46894.79
258,baby,1,0,2,0.8486,195.56,230.81,45136.91
259,baby,1,0,2,0.8526,192.87,234.33,45196.29
260,baby,1,0,2,0.8497,193.21,229.11,44266.2
261,baby,1,0,2,0.8454,185.41,235.51,43667.2
262,baby,1,0,2,0.8537,157.85,201.29,31774.03
263,baby,1,0,2,0.8434,162.36,204.48,33198.04
264,baby,1,0,2,0.8561,161.98,208.02,33695.56
265,baby,1,0,2,0.858,163.05,208.22,33950.11
266,baby,1,0,2,0.8619,158.8,207.58,32963.45
267,baby,1,0,2,0.8514,161.82,209.93,33971.78
268,baby,1,0,2,0.8509,162.88,209.06,34051.4
269,baby,1,0,2,0.8565,161.2,208.63,33630.25
270,baby,1,0,2,0.8562,183.72,224.85,41309.83
271,baby,1,0,2,0.866,186.96,231.33,43248.96
272,baby,1,0,2,0.8644,160.63,205.84,33063.28
273,baby,1,0,2,0.8641,165.56,206.24,34145.03
274,baby,1,0,2,0.8627,178.62,227.51,40636.98
275,baby,1,0,2,0.8554,178.62,223.53,39925.84
276,baby,1,0,2,0.8701,177.95,222.28,39554.52
277,baby,1,0,2,0.8725,178.69,223.03,39853.65
278,baby,1,0,2,0.8676,180.06,222.66,40090.64
279,baby,1,0,2,0.8774,175.78,221.09,38863.11
280,baby,1,0,2,0.8677,181.93,224.96,40926.18
281,baby,1,0,2,0.8432,177.46,217.8,38651.15
282,baby,1,0,2,0.8408,181.83,219.45,39904.1
283,baby,1,0,2,0.8645,178.39,222.28,39651.47
284,baby,1,0,2,0.8439,162.83,207.38,33767.72
285,baby,1,0,2,0.8455,158.82,205.61,32654.84
286,baby,1,0,2,0.8416,178.88,209.6,37493.48
287,baby,1,0,2,0.8315,144.03,191.17,27534.61
288,baby,1,0,2,0.8659,174.28,217.42,37890.58
289,baby,1,0,2,0.8629,175.42,223.14,39144.34
290,baby,1,0,2,0.8481,176.21,223.7,39417.28
291,baby,1,0,2,0.8476,176.7,217.69,38464.61
292,baby,1,0,2,0.856,174.81,221.23,38673.21
293,baby,1,0,2,0.8351,172.28,219.23,37768.07
294,baby,1,0,2,0.8372,174.23,216.55,37729.96
295,baby,1,0,2,0.844,173.8,210.92,36657.77
296,baby,1,0,2,0.8287,146.46,191.05,27980.8
297,baby,1,0,2,0.8124,180.02,224.84,40476.39
298,baby,1,0,2,0.8288,183.58,226.15,41514.87
299,baby,1,0,2,0.839,147.31,199.8,29433.19
300,baby,1,0,2,0.8208,200.29,232.82,46631.86
301,baby,1,0,2,0.8004,150.18,198.47,29805.84
302,baby,1,0,2,0.7893,152.86,200.31,30619.43
303,baby,1,0,2,0.7858,150.34,201.95,30361.03
304,baby,1,0,2,0.8141,151.64,203.53,30862.52
305,baby,1,0,2,0.8536,163.09,200.05,32624.72
306,baby,1,0,2,0.8336,158.51,202.35,32074.05
307,baby,1,0,2,0.8019,191.47,233.93,44790.64
308,baby,1,0,2,0.8452,147.51,186.46,27505.12
309,baby,1,0,2,0.8395,149.57,197.36,29519.6
310,baby,1,0,2,0.8224,190.54,218.24,41585.12
311,baby,1,0,2,0.8445,158.34,199.78,31632.23
312,baby,1,0,2,0.8481,150.4,198.52,29856.79
313,baby,1,0,2,0.8309,142.79,199.02,28417.28
314,baby,1,0,2,0.8384,153.83,199.03,30618.16
315,baby,1,0,2,0.8434,151.71,203.57,30882.86
316,baby,1,0,2,0.8268,150.82,203.85,30743.94
317,baby,1,0,2,0.8113,190.85,221.45,42262.36
318,baby,1,0,2,0.8013,140.42,187.06,26266.55
319,baby,1,0,2,0.8599,148.61,211.72,31464.18
320,baby,1,0,2,0.8505,149.29,204.19,30484.06
321,baby,1,0,2,0.8353,150.44,202.53,30469.32
322,baby,1,0,2,0.8475,147.27,202.95,29889.19
323,baby,1,0,2,0.8521,149.18,201.66,30083.38
324,baby,1,0,2,0.8278,157.47,206.66,32543.09
325,baby,1,0,2,0.8298,156.68,211.65,33161.71
326,baby,1,0,2,0.77,158.6,203.31,32243.91
327,baby,1,0,2,0.8314,185.41,238.99,44310.26
328,baby,1,0,2,0.8463,180,222.99,40138.63
329,baby,1,0,2,0.8483,172.78,221.51,38272.06
330,baby,1,0,2,0.8373,151.64,203.08,30795.5
331,baby,1,0,2,0.8294,153.33,204.57,31366.95
332,baby,1,0,2,0.8451,152.7,210.62,32162.66
333,baby,1,0,2,0.8559,154.43,210.48,32504.17
334,baby,1,0,2,0.8422,153.19,213.62,32724.53
335,baby,1,0,2,0.8355,151.15,213.86,32324.28
336,baby,1,0,2,0.8257,162.02,199.34,32295.7
337,baby,1,0,1,0.821,156.54,216.02,33815.51
338,baby,1,0,2,0.8285,157.78,215.94,34072.42
339,baby,1,0,1,0.8422,150.66,211.48,31860.61
340,baby,1,0,1,0.8247,149.4,208.7,31179.74
341,baby,1,0,1,0.7725,152.81,207.35,31685.71
342,baby,1,0,1,0.7858,153.32,205.34,31484.14
343,baby,1,0,2,0.8528,155.95,203.39,31717.93
344,baby,1,0,1,0.8568,156.4,206.01,32219
345,baby,1,0,1,0.8175,156.26,207.65,32446.46
346,baby,1,0,1,0.8291,156.12,205.01,32005.11
347,baby,1,0,2,0.8192,154.59,210.14,32487.09
348,baby,1,0,2,0.8428,153.07,200.64,30712.35
349,baby,1,0,2,0.823,138.48,185.7,25716.59
350,baby,1,0,2,0.8079,139.61,187.94,26238.88
351,baby,1,0,2,0.8034,175.22,199.6,34974.01
352,baby,1,0,2,0.8246,171.86,177.94,30581.35
353,baby,1,0,2,0.8082,189.31,204.81,38772.23
354,baby,1,0,2,0.8551,150.74,199.71,30105.13
355,baby,1,0,2,0.8518,188.19,235.51,44319.58
356,baby,1,0,2,0.8302,171.15,218.12,37331.29
357,baby,1,0,2,0.854,169.68,219.88,37309.52
358,baby,1,0,2,0.8428,152.52,208.79,31845.3
359,baby,1,0,2,0.8362,150.5,199.19,29977.18
360,baby,1,0,2,0.8474,172.32,215,37049.35
361,baby,1,0,2,0.8292,147.34,197.87,29153.18
362,baby,1,0,2,0.848,147.61,196.77,29045.46
363,baby,1,0,2,0.8514,150.31,198.8,29881.52
364,baby,1,0,2,0.8426,148.23,196.99,29200.29
365,baby,1,0,2,0.8463,145.82,198.84,28996.35
366,baby,1,0,2,0.8392,145.73,196.66,28660.31
367,baby,1,0,2,0.826,146.4,198.87,29114.85
368,baby,1,0,2,0.8286,167.01,214.97,35900.64
369,baby,1,0,2,0.815,148.25,198.39,29410.99
370,baby,1,0,2,0.8332,180.79,226,40859.51
371,baby,1,0,2,0.7935,195.27,218.15,42599.76
372,baby,1,0,2,0.8425,168.62,205.67,34681.38
373,baby,1,0,2,0.8519,169.64,216.96,36805.36
374,baby,1,0,2,0.8439,172.58,215.71,37226.75
375,baby,1,0,2,0.8618,152.29,214.9,32726.9
376,baby,1,0,2,0.862,157.08,209.1,32845.54
377,baby,1,0,2,0.8535,151.28,204.99,31011.37
378,baby,1,0,2,0.8561,150.52,202,30405.36
379,baby,1,0,2,0.8413,146.27,199.57,29191.32
380,baby,1,0,2,0.8708,183.37,231.98,42538.36
381,baby,1,0,2,0.8676,179.16,228.88,41006.29
382,baby,1,0,2,0.8636,173.44,229.92,39876.12
383,baby,1,0,2,0.85,157.71,197.49,31146.22
384,baby,1,0,2,0.8438,154.45,202.52,31279.91
385,baby,1,0,2,0.845,182.6,214.64,39193.66
386,baby,1,0,2,0.8377,150.24,200.36,30100.9
387,baby,1,0,2,0.8374,150.63,199.09,29989.37
388,baby,1,0,2,0.8286,155.56,194.09,30192.53
389,baby,1,0,2,0.8464,156.64,202.74,31757.36
390,baby,1,0,2,0.8434,156.35,205.84,32183.92
391,baby,1,0,2,0.8416,150.01,199.72,29959.67
392,baby,1,0,1,0.826,174.52,219.29,38269.4
393,baby,1,0,2,0.8598,176.14,237.41,41816.93
394,baby,1,0,2,0.8654,165.49,223.9,37055.06
395,baby,1,0,2,0.8673,170.5,224.16,38218.54
396,baby,1,0,2,0.8502,166.2,223.78,37192.5
397,baby,1,0,2,0.8693,167.55,223.28,37411.07
398,baby,1,0,2,0.8276,168.94,220.99,37334.28
399,baby,1,0,2,0.8699,170.44,220.95,37658.63
400,baby,1,0,2,0.8691,172.64,229.51,39622.68
401,baby,1,0,2,0.8645,166.79,232.25,38737.11
402,baby,1,0,2,0.845,170.51,239.85,40897.98
403,baby,1,0,2,0.8415,165.82,245.39,40690.92
404,baby,1,0,2,0.8471,167.58,236.91,39702.04
405,baby,1,0,2,0.8428,169.37,237.3,40190.76
406,baby,1,0,2,0.8423,153.89,198.39,30529.81
407,baby,1,0,2,0.8348,170.82,240.48,41077.96
408,baby,1,0,2,0.8393,182.65,240.53,43931.8
409,baby,1,0,2,0.8464,171.21,232.47,39801.96
410,baby,1,0,2,0.8593,176.94,234.95,41571.89
411,baby,1,0,2,0.8328,178.92,238.14,42608.12
412,baby,1,0,1,0.8469,175.67,242.65,42627.2
413,baby,1,0,2,0.8367,177.44,238.86,42384.67
414,baby,1,0,2,0.847,174.77,241.62,42226.39
415,baby,1,0,2,0.8464,176.53,241.59,42649.16
416,baby,1,0,2,0.8419,174.8,240.88,42106.94
417,baby,1,0,2,0.8389,171.7,231.25,39704.76
418,baby,1,0,2,0.8557,167.77,232.46,38999.44
419,baby,1,0,2,0.8342,171.85,232.38,39935.86
420,baby,1,0,2,0.8547,173.56,232.88,40417.66
421,baby,1,0,2,0.8581,178.23,236.01,42062.97
422,baby,1,0,2,0.8432,177.2,236.62,41929.73
423,baby,1,0,2,0.8523,175.21,235.73,41302.42
424,baby,1,0,2,0.8554,176.21,233.34,41117.37
425,baby,1,0,2,0.8571,175.06,234.91,41123.66
426,baby,1,0,2,0.8594,178.52,236.24,42172.2
427,baby,1,0,2,0.8543,178.85,229.86,41110.24
428,baby,1,0,2,0.8639,177.76,236.19,41984.33
429,baby,1,0,2,0.844,181.29,232.34,42122.65
430,baby,1,0,2,0.8548,177.07,225.28,39890.81
431,baby,1,0,2,0.8664,174.79,229.93,40190.22
432,baby,1,0,2,0.8584,173.11,228.13,39493.09
433,baby,1,0,2,0.869,174.4,232.99,40632.08
434,baby,1,0,2,0.8674,174.7,235.76,41188.23
435,baby,1,0,2,0.8558,176.24,230.01,40536.97
436,baby,1,0,2,0.8644,177.36,229.32,40672.62
437,baby,1,0,2,0.873,177.6,227.93,40478.95
438,baby,1,0,2,0.8635,177.17,234.43,41535.29
439,baby,1,0,2,0.8683,175.07,234.05,40975.43
440,baby,1,0,2,0.865,175.2,232.5,40735.23
441,baby,1,0,2,0.859,171.67,228.5,39225.71
442,baby,1,0,2,0.8569,176.7,235.04,41532.12
443,baby,1,0,2,0.8608,180.58,231.79,41855.48
444,baby,1,0,2,0.8558,144.86,197.14,28557.99
445,baby,1,0,2,0.8382,147.45,196.58,28986.2
446,baby,1,0,2,0.8616,175.04,234.05,40968.58
447,baby,1,0,2,0.8593,172.37,230.73,39771.15
448,baby,1,0,2,0.8523,173.99,237.33,41293.35
449,baby,1,0,2,0.8465,144.73,199.13,28820.02
450,baby,1,0,2,0.8321,146.79,196.79,28886.34
451,baby,1,0,2,0.8547,171.59,227.18,38982.64
452,baby,1,0,2,0.8394,168.77,235.61,39763.75
453,baby,1,0,2,0.8385,168.89,226.82,38308.55
454,baby,1,0,2,0.8488,170.92,238.81,40816.72
455,baby,1,0,2,0.8443,175,237.83,41620.72
456,baby,1,0,2,0.8467,173.16,233.78,40483.08
457,baby,1,0,2,0.8304,175.88,234.46,41234.84
458,baby,1,0,2,0.842,173.89,232.62,40451.07
459,baby,1,0,2,0.8431,174.24,231.7,40372.36
460,baby,1,0,2,0.8549,176.54,228.99,40427.08
461,baby,1,0,2,0.8617,169.76,227.96,38696.87
462,baby,1,0,2,0.8169,140.55,190.08,26716.43
463,baby,1,0,2,0.8245,139.95,191.83,26846.03
464,baby,1,0,1,0.817,140.28,200.8,28168.69
465,baby,1,0,2,0.8404,146.49,198.29,29047.27
466,baby,1,0,1,0.8284,149.03,191.72,28571.23
467,baby,1,0,2,0.7632,158.57,211.46,33530.87
468,baby,1,0,2,0.8431,168.78,214.08,36131.87
469,baby,1,0,2,0.8422,154.29,213.32,32912.86
470,baby,1,0,2,0.81,158.14,209.66,33154.6
471,baby,1,0,2,0.8401,176.59,214.11,37809.62
472,baby,1,0,2,0.8128,171.28,217.23,37208.4
473,baby,1,0,2,0.8367,162.16,218.03,35354.93
474,baby,1,0,1,0.7813,166.79,213.4,35593.65
475,baby,1,0,1,0.8539,166.97,218.13,36420.77
476,baby,1,0,1,0.8276,168.3,210.41,35412.07
477,baby,1,0,1,0.7748,165.77,211.45,35053
478,baby,1,0,2,0.8641,161.72,207.4,33541.12
479,baby,1,0,2,0.8397,152.08,198.63,30208.43
480,baby,1,0,2,0.8534,153.57,200.46,30784.72
481,baby,1,0,2,0.8298,153.76,196.73,30248.64
482,baby,1,0,2,0.8318,164.27,212.62,34926.68
483,baby,1,0,1,0.8661,155.03,202.21,31347.73
484,baby,1,0,2,0.8247,161.2,205.46,33118.8
485,baby,1,0,2,0.8186,163.6,204.3,33424.58
486,baby,1,0,2,0.7863,165.96,207.13,34375.04
487,baby,1,0,1,0.8242,167.37,207.06,34656.37
488,baby,1,0,1,0.82,161.11,204.39,32930.09
489,baby,1,0,2,0.8395,153.19,204.35,31304.5
490,baby,1,0,2,0.8522,161.84,211.78,34275.12
491,baby,1,0,2,0.844,163.32,210.78,34425.32
492,baby,1,0,1,0.8462,149.67,203.04,30389.14
493,baby,1,0,2,0.8247,151.76,202.49,30731.06
494,baby,1,0,2,0.8592,160.73,205.29,32997.06
495,baby,1,0,2,0.8343,154.09,199.5,30741.91
496,baby,1,0,2,0.8269,156.5,203.25,31809.91
497,baby,1,0,2,0.8493,181.82,224.18,40760.58
498,baby,1,0,2,0.8195,148.85,197.72,29431.02
499,baby,1,0,2,0.8444,168.83,202.87,34250.87
500,baby,1,0,2,0.8535,153.07,203.23,31107.25
501,baby,1,0,2,0.8151,154.3,217.52,33563.54
502,baby,1,0,2,0.8504,152.52,201.73,30767.16
503,baby,1,0,2,0.8474,147.5,195.77,28876.09
504,baby,1,0,2,0.8526,144.66,190.82,27603.27
505,baby,1,0,2,0.8148,146.48,193.95,28409.43
506,baby,1,0,2,0.8524,170.4,213.59,36396.42
507,baby,1,0,2,0.8098,147.67,197.04,29096.71
508,baby,1,0,1,0.8329,154.38,203.22,31373.84
509,baby,1,0,2,0.8521,180.64,211.93,38282.66
510,baby,1,0,2,0.8512,174.88,218.45,38202.36
511,baby,1,0,2,0.886,170.91,220.68,37716.23
512,baby,1,0,2,0.8647,177.11,218.53,38704.23
513,baby,1,0,2,0.8475,166.18,211.35,35121.74
514,baby,1,0,2,0.8518,166.92,216.4,36120.23
515,baby,1,0,2,0.8549,155.42,211.12,32811.63
516,baby,1,0,2,0.8638,164.38,214.49,35258.18
517,baby,1,0,2,0.807,182.66,209.23,38218.03
518,baby,1,0,2,0.8555,172.78,205.03,35425.74
519,baby,1,0,2,0.8379,177.07,213.54,37810.91
520,baby,1,0,2,0.881,173.61,225.42,39135.41
521,baby,1,0,2,0.8611,173.67,219.19,38067.33
522,baby,1,0,2,0.8494,163.43,217.16,35490.24
523,baby,1,0,2,0.8608,184.26,227.7,41957.57
524,baby,1,0,2,0.8541,180.33,225.52,40667.74
525,baby,1,0,2,0.8523,184.09,219.96,40491.26
526,baby,1,0,2,0.8623,181.12,220.64,39963.8
527,baby,1,0,2,0.8774,176.01,227.04,39962.2
528,baby,1,0,2,0.88,171.82,226.15,38858.17
529,baby,1,0,2,0.8703,176.57,222.19,39233.86
530,baby,1,0,2,0.7862,209.87,234.74,49263.99
531,baby,1,0,2,0.847,189.65,255.16,48389.55
532,baby,1,0,2,0.8593,194.43,242.82,47211.57
533,baby,1,0,2,0.8491,190.38,235.32,44799.58
534,baby,1,0,1,0.8101,160.82,211.53,34016.88
535,baby,1,0,2,0.8764,177.47,243.18,43156.82
536,baby,1,0,2,0.8606,180.65,249.41,45056.65
537,baby,1,0,2,0.8636,175.57,242.62,42596.38
538,baby,1,0,2,0.8467,171.45,235.09,40306.4
539,baby,1,0,2,0.8431,165.49,237.3,39271.27
540,baby,1,0,2,0.8539,175.81,235.9,41472.41
541,baby,1,0,1,0.8378,178.42,204.26,36444.25
542,baby,1,0,1,0.8463,179.64,207.28,37237.19
543,baby,1,0,1,0.8404,180.13,215.13,38751.56
544,baby,1,0,2,0.8416,176.05,211.9,37304.17
545,baby,1,0,2,0.846,181.23,245.92,44568.69
546,baby,1,0,2,0.8656,192.17,245.96,47267.08
547,baby,1,0,2,0.8702,188.53,239.53,45159.25
548,baby,1,0,2,0.84,179.41,227.26,40772.1
549,baby,1,0,2,0.8519,175.19,231.44,40545.51
550,baby,1,0,2,0.838,175.62,212.36,37293.82
551,baby,1,0,2,0.8258,163.48,212.48,34735.59
552,baby,1,0,2,0.8553,160.9,216.86,34892.13
553,baby,1,0,2,0.83,161.72,218.81,35386.75
554,baby,1,0,1,0.8001,161.01,219.4,35325.47
555,baby,1,0,1,0.8219,159.11,212.79,33856.9
556,baby,1,0,1,0.8495,156.99,208.18,32680.68
557,baby,1,0,2,0.8362,168.98,213.38,36058.53
558,baby,1,0,2,0.8278,184.48,248.92,45920.5
559,baby,1,0,2,0.8537,198.22,234.55,46491.23
560,baby,1,0,2,0.8558,174.52,219.16,38247.84
561,baby,1,0,2,0.8462,201.44,228.37,46004.52
562,baby,1,0,1,0.8373,171.53,225.26,38637.56
563,baby,1,0,2,0.8637,179.82,225.52,40554.88
564,baby,1,0,2,0.8452,172.03,215.02,36989.78
565,baby,1,0,2,0.8188,160.52,210.82,33841.32
566,baby,1,0,2,0.8617,171.69,218.38,37492.28
567,baby,1,0,1,0.8472,181.26,223.14,40447.32
568,baby,1,0,1,0.8639,173.59,213.87,37126.96
569,baby,1,0,2,0.8438,175.12,209.06,36610.58
570,baby,1,0,2,0.8206,183.43,221.01,40539.23
571,baby,1,0,1,0.7622,182.15,203.89,37138.48
572,baby,1,0,2,0.7658,185.77,203.9,37878.81
573,baby,1,0,1,0.7034,168.42,199.16,33541.86
574,baby,1,0,2,0.6694,184.34,204.61,37718.19
575,baby,1,0,2,0.6921,191.29,196.73,37632.02
576,baby,1,0,2,0.8043,184.73,206.93,38225.48
577,baby,1,0,2,0.7025,170.92,200.85,34328.93
578,baby,1,0,1,0.692,157.39,196.64,30949.84
579,baby,1,0,1,0.6477,152.89,209.97,32103.24
580,none,0,0,0,0,0,0,0
581,baby,1,0,2,0.6679,157.07,206.44,32427.05
582,baby,1,0,2,0.7973,179.44,201.33,36127.26
583,baby,1,0,1,0.7745,153.37,202.01,30982.6
584,baby,1,0,1,0.7562,150.56,194.69,29313.13
585,baby,1,0,2,0.6803,144.61,199.28,28818.62
586,baby,1,0,2,0.7788,169.89,207.55,35260.65
587,baby,1,0,2,0.7021,182.23,205.04,37363.59
588,none,0,0,0,0,0,0,0
589,baby,1,0,1,0.8092,169.94,198.44,33722.77
590,baby,1,0,2,0.8036,174.4,195.49,34094.17
591,baby,1,0,2,0.7786,155.07,212.63,32971.22
592,baby,1,0,1,0.6838,166.26,213.44,35487.87
593,baby,1,0,1,0.8394,158.13,203.32,32152.07
594,baby,1,0,1,0.8176,153.67,210.53,32351.66
595,baby,1,0,1,0.8261,147.99,211.63,31319.13
596,baby,1,0,1,0.8019,159.4,208.09,33169.65
597,baby,1,0,2,0.7756,163.91,207.16,33954.29
598,baby,1,0,2,0.8196,155.28,208.64,32397.54
599,baby,1,0,2,0.7815,158.59,200.43,31786.37
600,baby,1,0,2,0.799,153.39,199.4,30584.5
601,baby,1,0,2,0.8597,157.91,210.32,33212.81
602,baby,1,0,2,0.8537,166.82,212.89,35513.34
603,baby,1,0,2,0.8578,170.44,212.34,36190.73
604,baby,1,0,2,0.8446,164.35,207.88,34165.31
605,baby,1,0,2,0.8595,168.91,209.24,35341.28
606,baby,1,0,2,0.8459,169.59,223.27,37865.07
607,baby,1,0,2,0.8507,165.69,226.11,37463.54
608,baby,1,0,2,0.8284,161.31,205.07,33080.08
609,baby,1,0,2,0.8442,177.82,236.17,41997.14
610,baby,1,0,2,0.8778,154.98,204.16,31640.31
611,baby,1,0,2,0.861,155.57,204.28,31779.29
612,baby,1,0,2,0.8642,186.27,243.19,45299.72
613,baby,1,0,2,0.8499,160.45,200.13,32110.14
614,baby,1,0,2,0.8485,166.17,213.35,35452.35
615,baby,1,0,2,0.8497,210.46,262.3,55202.64
616,baby,1,0,2,0.8379,147.72,199.8,29515.57
617,baby,1,0,2,0.8474,202.98,284.27,57701.38
618,baby,1,0,2,0.872,175.27,222.19,38941.75
619,baby,1,0,2,0.8616,156.88,213.15,33438.55
620,baby,1,0,2,0.8596,200.22,258.97,51850.55
621,baby,1,0,2,0.8064,202.07,272.96,55155.73
622,baby,1,0,2,0.8242,213.77,297.91,63682.67
623,baby,1,0,2,0.85,226.9,275.32,62470.15
624,baby,1,0,2,0.8606,155.39,203.21,31575.73
625,baby,1,0,2,0.8876,153.85,205.83,31667.42
626,baby,1,0,2,0.8566,199.47,253.87,50639.76
627,baby,1,0,2,0.8702,152.33,201.36,30673.36
628,baby,1,0,2,0.8746,155.21,208.15,32306.97
629,baby,1,0,2,0.8369,211.76,265.47,56216.49
630,baby,1,0,2,0.8362,180.24,238.26,42945.5
631,baby,1,0,2,0.8239,175.22,228.29,40001.52
632,baby,1,0,2,0.8393,233.54,273.68,63913.92
633,baby,1,0,2,0.802,157.38,198.41,31224.81
634,baby,1,0,1,0.8716,408.73,390.89,159768.4
635,baby,1,0,1,0.776,143.64,196.92,28285.63
636,baby,1,0,1,0.8682,142.09,198.66,28227.82
637,baby,1,0,2,0.8737,147.84,202.81,29983.05
638,baby,1,0,2,0.8303,167.32,210.45,35212.78
639,baby,1,0,1,0.8433,159.72,216.15,34524.4
640,baby,1,0,2,0.8591,172.71,231.79,40032.06
641,baby,1,0,2,0.8473,198.97,231.6,46080.32
642,baby,1,0,2,0.8553,187.87,244.1,45859.92
643,baby,1,0,2,0.8428,269.16,277.38,74658.02
644,none,0,0,0,0,0,0,0
645,none,0,0,0,0,0,0,0
646,none,0,0,0,0,0,0,0
647,none,0,0,0,0,0,0,0
648,baby,1,0,1,0.9006,270.91,387.82,105063.48
649,baby,1,0,2,0.8508,231.95,256.75,59552.95
650,baby,1,0,1,0.8442,171.15,237.47,40643.42
651,baby,1,0,1,0.8574,173.82,230.69,40097.82
652,baby,1,0,2,0.8489,162.22,210.51,34149.41
653,baby,1,0,1,0.7997,167.43,213.78,35792.72
654,baby,1,0,1,0.8746,184.38,230.12,42430.28
655,none,0,0,0,0,0,0,0
656,baby,1,0,1,0.8267,163.67,203.44,33296.52
657,baby,1,0,1,0.8589,147.37,202.47,29837.36
658,baby,1,0,1,0.8589,149.19,196.78,29357.52
659,baby,1,0,2,0.8586,162.65,204.22,33217.5
660,baby,1,0,1,0.8335,165.7,206.92,34286.42
661,baby,1,0,2,0.7686,166.47,206.75,34416.68
662,baby,1,0,2,0.8396,157.88,204.45,32278.78
663,baby,1,0,2,0.8272,193.15,235.5,45486.54
664,baby,1,0,2,0.8287,188.18,211.84,39862.73
665,baby,1,0,2,0.8353,171.82,220.85,37947.42
666,baby,1,0,2,0.8267,163.91,214.25,35116.98
667,baby,1,0,2,0.8386,151.44,202.53,30672.65
668,baby,1,0,2,0.8309,161.13,197.02,31746.09
669,baby,1,0,2,0.8392,155.56,211.02,32825.61
670,baby,1,0,1,0.8486,170.36,204.03,34760.09
671,baby,1,0,1,0.8548,163.25,216.1,35277.94
672,baby,1,0,1,0.8404,182.01,210.31,38279.01
673,baby,1,0,2,0.8389,175.71,208.05,36554.85
674,baby,1,0,2,0.8629,185.53,223.78,41518.25
675,baby,1,0,2,0.8696,155.44,204.36,31766.15
676,baby,1,0,2,0.8634,180.76,225.8,40816.31
677,baby,1,0,2,0.8588,167.22,213.17,35646.76
678,baby,1,0,2,0.8627,165.71,215.03,35631.11
679,baby,1,0,2,0.8332,169.82,223.73,37993.6
680,baby,1,0,2,0.849,210.41,244.81,51511.24
681,baby,1,0,2,0.8573,185.5,217.36,40318.42
682,baby,1,0,2,0.8366,173.31,224.3,38874.57
683,baby,1,0,2,0.8343,188.83,244.41,46151.8
684,baby,1,0,2,0.8244,160,200.6,32096.07
685,baby,1,0,2,0.8543,182.86,228.69,41817.3
686,baby,1,0,2,0.8361,156.36,208.76,32642.07
687,baby,1,0,2,0.8139,154.69,203.57,31491.47
688,baby,1,0,2,0.8194,152.42,200.51,30561.8
689,baby,1,0,2,0.8515,155.97,201.41,31413.23
690,baby,1,0,2,0.8438,156.28,213,33287.43
691,baby,1,0,2,0.8694,164.93,204.22,33680.85
692,baby,1,0,2,0.8613,168.63,219.97,37093.88
693,baby,1,0,2,0.8548,156.48,211.44,33087.05
694,baby,1,0,2,0.8296,166.01,213.9,35511.25
695,baby,1,0,1,0.8359,164.02,216.24,35467.75
696,baby,1,0,1,0.8454,162.73,217.94,35466.86
697,baby,1,0,1,0.8471,163.64,219.45,35909.71
698,baby,1,0,1,0.8465,162,214.37,34728.18
699,baby,1,0,1,0.8622,163.43,214.87,35116.81
700,baby,1,0,1,0.8343,167,210.85,35210.7
701,baby,1,0,1,0.8254,167.19,209.77,35070.35
702,baby,1,0,2,0.8174,168.71,219.52,37036.24
703,baby,1,0,1,0.7425,163.36,198.4,32409.45
704,baby,1,0,1,0.7896,161.87,199.66,32319.03
705,baby,1,0,1,0.8033,165.78,203.92,33805.38
706,baby,1,0,1,0.7413,167.1,210.72,35211.25
707,baby,1,0,1,0.8266,161.94,202.64,32814.4
708,baby,1,0,1,0.7479,162.92,199.73,32539.02
709,baby,1,0,1,0.7651,159.72,216.87,34637.86
710,baby,1,0,1,0.7791,169.49,206.58,35014.28
711,baby,1,0,1,0.7984,162.69,202.71,32978.87
712,baby,1,0,1,0.7302,160.18,220.84,35373.85
713,baby,1,0,1,0.7491,158.1,204.63,32353.34
714,baby,1,0,1,0.7611,161.44,208.43,33648.52
715,baby,1,0,1,0.6743,158.29,196.16,31051.48
716,baby,1,0,1,0.7496,166.94,213.29,35607.9
717,baby,1,0,1,0.7809,162.97,212.89,34694.85
718,baby,1,0,1,0.7628,165.1,200.9,33167.19
719,baby,1,0,1,0.8027,164.47,206.33,33935.06
720,baby,1,0,1,0.7979,172.23,200.51,34533.76
721,none,0,0,0,0,0,0,0
722,baby,1,0,1,0.785,173.32,206.69,35823.53
723,baby,1,0,1,0.7749,173.72,203.26,35309.54
724,baby,1,0,1,0.683,175.95,210.12,36971.43
725,baby,1,0,1,0.6047,171.49,202.31,34694.35
726,baby,1,0,1,0.7188,216.47,257.98,55845.8
727,baby,1,0,1,0.7895,200.51,225.59,45232.32
728,baby,1,0,2,0.8099,185.26,225.35,41749.81
729,baby,1,0,1,0.6708,190.36,227.78,43360.41
730,none,0,0,0,0,0,0,0
731,none,0,0,0,0,0,0,0
732,none,0,0,0,0,0,0,0
733,none,0,0,0,0,0,0,0
734,baby,1,0,1,0.6153,164.94,240.58,39681.37
735,none,0,0,0,0,0,0,0
736,none,0,0,0,0,0,0,0
737,baby,1,0,1,0.8317,181.38,229.59,41643.68
738,baby,1,0,1,0.8451,170.79,210.19,35899.87
739,baby,1,0,1,0.7301,183.82,203.42,37393.51
740,baby,1,0,1,0.6424,168.37,208.2,35054.51
741,baby,1,0,1,0.7353,171.63,213.45,36635.57
742,baby,1,0,1,0.84,165.58,220.76,36553.67
743,baby,1,0,1,0.8719,162.24,217.63,35309.21
744,baby,1,0,2,0.8606,150.6,202.52,30498.21
745,baby,1,0,2,0.8539,167.35,214.91,35966.5
746,baby,1,0,2,0.8687,155.21,215.63,33468.3
747,baby,1,0,2,0.8614,163.8,215.43,35287.35
748,baby,1,0,2,0.8581,167.05,222.23,37124.72
749,baby,1,0,2,0.8752,162.57,213.09,34642.87
750,baby,1,0,2,0.8832,155.53,220.66,34319.76
751,baby,1,0,2,0.8804,157.17,222.74,35007.76
752,baby,1,0,2,0.8893,160,220.14,35222.49
753,baby,1,0,2,0.879,155.22,217.65,33783.49
754,baby,1,0,2,0.8786,163.38,218.73,35736.77
755,baby,1,0,2,0.8793,170.6,216.55,36944.97
756,baby,1,0,2,0.8832,157,219.52,34464.64
757,baby,1,0,1,0.8511,159.14,217.37,34592.16
758,baby,1,0,2,0.8554,157.76,216.16,34100.9
759,baby,1,0,2,0.8238,164.85,209.58,34549.85
760,baby,1,0,2,0.8703,173.13,219.47,37996.24
761,baby,1,0,2,0.8433,179.27,221.42,39694.95
762,baby,1,0,2,0.842,160.68,216.95,34859.26
763,baby,1,0,1,0.8837,158.88,221.82,35243.19
764,baby,1,0,1,0.8539,163.43,215.13,35157.72
765,baby,1,0,2,0.829,166.57,223.89,37293.87
766,baby,1,0,2,0.8434,163.15,219.86,35869.24
767,baby,1,0,2,0.8408,156.85,221.58,34755.13
768,baby,1,0,1,0.6175,161.01,226.57,36480.65
769,baby,1,0,1,0.8388,160.1,206.35,33036.98
770,baby,1,0,1,0.8471,160.75,204.47,32868.58
771,baby,1,0,1,0.8206,156.5,204.62,32024.14
772,baby,1,0,1,0.7872,163.63,213.52,34939.25
773,baby,1,0,1,0.8426,161.23,207.66,33480.51
774,baby,1,0,2,0.832,152,197.72,30052.16
775,baby,1,0,2,0.8448,151.05,199.89,30193.09
776,baby,1,0,2,0.8132,156.92,207.21,32515.92
777,baby,1,0,2,0.8265,154.9,208.61,32313.44
778,baby,1,0,2,0.8517,155.55,206.8,32168.25
779,baby,1,0,2,0.8381,158.99,209.07,33239.45
780,baby,1,0,2,0.8416,157.53,204.11,32154.33
781,baby,1,0,1,0.8596,168.76,209.93,35427.18
782,baby,1,0,1,0.8549,169.58,208.7,35392.03
783,baby,1,0,1,0.8643,165.66,207.98,34455.16
784,baby,1,0,1,0.8649,156.14,206.15,32187.59
785,baby,1,0,1,0.8631,163.63,209.09,34213.32
786,baby,1,0,2,0.8668,160.79,211.11,33943.45
787,baby,1,0,2,0.8309,168.72,220.83,37258.26
788,baby,1,0,1,0.81,168.01,220.17,36992.06
789,baby,1,0,1,0.7591,193.71,209.53,40587.45
790,baby,1,0,1,0.6809,149.57,210.92,31545.6
791,baby,1,0,2,0.6858,202.64,273.23,55367.79
792,baby,1,0,2,0.8553,189.23,226.78,42912.67
793,baby,1,0,2,0.8485,156.46,211.78,33135.71
794,baby,1,0,2,0.8542,176.96,224.86,39791.94
795,baby,1,0,2,0.8307,154.08,214.77,33092.61
796,baby,1,0,2,0.8485,168.18,214.92,36145.12
797,baby,1,0,2,0.8562,169.9,224.75,38184.09
798,baby,1,0,2,0.8613,172.73,237.05,40944.53
799,baby,1,0,2,0.8588,199.84,247.11,49382
800,baby,1,0,2,0.8448,193.11,252.52,48763.49
801,baby,1,0,2,0.843,176.87,233.05,41220.62
802,baby,1,0,2,0.817,170.98,236.53,40441.77
803,baby,1,0,2,0.8132,173.04,226.08,39121.51
804,baby,1,0,2,0.8512,164.82,226.46,37324.46
805,baby,1,0,2,0.819,164.6,212.86,35037.06
806,baby,1,0,2,0.8335,171.49,215.92,37028.03
807,baby,1,0,2,0.6984,182.96,171.67,31409.21
808,baby,1,0,1,0.701,184.91,173.48,32077.88
809,baby,1,0,2,0.7648,185.38,242.42,44939.16
810,baby,1,0,2,0.7087,198.39,246.69,48940.62
811,baby,1,0,2,0.8098,178.25,210.78,37573.23
812,baby,1,0,2,0.8198,169.44,216.73,36722.94
813,baby,1,0,2,0.7952,171.03,232.04,39687.12
814,baby,1,0,2,0.8668,158.4,206.91,32773.68
815,baby,1,0,2,0.8032,173.99,203.53,35412.34
816,baby,1,0,2,0.8529,165.79,215.52,35729.84
817,baby,1,0,2,0.8053,190.78,228.77,43646.41
818,baby,1,0,2,0.8197,166.68,217.22,36206.55
819,baby,1,0,1,0.7919,164.9,226.54,37355.43
820,baby,1,0,1,0.8495,170.97,236.78,40481.13
821,baby,1,0,1,0.8282,167.43,224.42,37573.72
822,baby,1,0,1,0.828,167.66,233.03,39069.89
823,none,0,0,0,0,0,0,0
824,baby,1,0,1,0.8296,169.98,216.11,36733.88
825,baby,1,0,1,0.8243,164.74,220.6,36341.3
826,baby,1,0,1,0.7557,167.63,229.5,38470.5
827,baby,1,0,1,0.8455,160.95,225.27,36256.64
828,baby,1,0,2,0.8319,162.34,224.35,36420.46
829,baby,1,0,1,0.8457,163.47,213.77,34944
830,baby,1,0,1,0.8682,161,216.83,34910.02
831,baby,1,0,1,0.8623,160.93,217.91,35068.59
832,baby,1,0,1,0.8718,160.82,214.34,34470.11
833,baby,1,0,1,0.8741,161.89,219.57,35547.92
834,baby,1,0,1,0.8181,165.02,221.46,36544.81
835,baby,1,0,1,0.8337,159.45,222.86,35534.96
836,baby,1,0,1,0.8794,155.43,209.79,32608.15
837,baby,1,0,1,0.8776,156.04,213.25,33274.63
838,baby,1,0,1,0.8842,155.15,213.52,33127.66
839,baby,1,0,1,0.8728,154.06,205.58,31671.24
840,baby,1,0,1,0.8533,156.52,211.99,33180.07
841,baby,1,0,1,0.8334,154.91,206.92,32052.75
842,baby,1,0,1,0.8681,157.7,206.29,32531.7
843,baby,1,0,1,0.8781,159.47,216.19,34474.52
844,baby,1,0,1,0.8759,157.54,215.16,33897.35
845,baby,1,0,1,0.8319,153.97,200.76,30910.98
846,baby,1,0,1,0.8329,157.66,200.8,31657.22
847,baby,1,0,1,0.8593,155,210.77,32668.55
848,baby,1,0,1,0.866,157.32,215.04,33830.49
849,baby,1,0,1,0.8527,150.58,209.56,31556.27
850,baby,1,0,1,0.8597,157.2,202.87,31890.33
851,baby,1,0,1,0.8691,154.24,197.26,30425.74
852,baby,1,0,1,0.8581,157.57,201.52,31753.17
853,baby,1,0,1,0.8901,156.19,205.1,32034.97
854,baby,1,0,1,0.8859,156.47,211.2,33046.23
855,baby,1,0,1,0.8713,157.69,217.77,34340.4
856,baby,1,0,1,0.8474,151.15,189.04,28574.43
857,baby,1,0,1,0.886,160.01,193.7,30993.9
858,baby,1,0,1,0.8169,158.36,196.75,31157.37
859,baby,1,0,1,0.8827,153.27,203.09,31128.97
860,baby,1,0,1,0.8934,151.71,202.71,30753.59
861,baby,1,0,1,0.8884,156.08,203.46,31754.88
862,baby,1,0,1,0.8836,158.43,205.58,32570.03
863,baby,1,0,1,0.8997,152.85,211.42,32315.62
864,baby,1,0,1,0.7879,151.73,199.56,30278.48
865,baby,1,0,1,0.6349,161.67,230.52,37267.79
866,baby,1,0,1,0.6554,158.67,217.76,34552.79
867,baby,1,0,1,0.6727,156.62,223.3,34973.91
868,baby,1,0,1,0.6979,158.05,219.4,34676.38
869,baby,1,0,1,0.7278,156.26,226.35,35369.62
870,baby,1,0,1,0.7842,157.41,198.14,31189.38
871,baby,1,0,1,0.8155,157.2,215.12,33816.76
872,baby,1,0,1,0.8553,156.02,225.4,35165.79
873,baby,1,0,1,0.8932,153.75,211.4,32502.4
874,baby,1,0,1,0.8902,154.58,213.11,32942.42
875,baby,1,0,1,0.896,154.15,212.96,32827.37
876,baby,1,0,1,0.8995,155.27,215.03,33386
877,baby,1,0,1,0.8115,163.56,213.36,34897.22
878,baby,1,0,1,0.6786,161.81,190.67,30851.66
879,none,0,0,0,0,0,0,0
880,baby,1,0,1,0.8022,158.64,211.72,33586.97
881,baby,1,0,1,0.9014,163.1,219.16,35744.99
882,baby,1,0,1,0.8226,158.6,214.06,33949.84
883,baby,1,0,1,0.6901,159.83,203.1,32461.14
884,none,0,0,0,0,0,0,0
885,baby,1,0,1,0.6421,167.56,202.97,34010.11
886,baby,1,0,1,0.8093,178.18,222.72,39683.43
887,baby,1,0,1,0.8754,169.12,224.51,37969.48
888,baby,1,0,1,0.8205,166.12,215.71,35832.99
889,baby,1,0,1,0.8276,163.45,215.73,35260.77
890,baby,1,0,1,0.8247,162.05,215.39,34903.99
891,baby,1,0,1,0.8262,162.32,215.4,34963.37
892,baby,1,0,1,0.8242,162.59,219.65,35711.92
893,baby,1,0,1,0.8313,161.59,219.29,35435.32
894,baby,1,0,1,0.7887,162.08,217.4,35234.55
895,baby,1,0,1,0.8175,159.35,210.39,33525.66
896,baby,1,0,1,0.8472,162.43,207.12,33640.86
897,baby,1,0,1,0.833,162.35,219.76,35678.18
898,baby,1,0,1,0.832,167.85,225.16,37794.15
899,baby,1,0,1,0.8368,165.71,220.83,36594.09
900,baby,1,0,1,0.8232,165.21,227.15,37526.43
901,baby,1,0,1,0.8362,165.32,221.76,36661.86
902,baby,1,0,1,0.8342,162.85,222.59,36250.33
903,baby,1,0,1,0.8427,163.58,222.76,36439.32
904,baby,1,0,1,0.8319,160.51,200.26,32143.77
905,baby,1,0,1,0.8287,162.89,207.84,33854.52
906,baby,1,0,1,0.8286,186.5,236.15,44041.75
907,baby,1,0,1,0.8436,194.83,230.77,44961.18
908,baby,1,0,1,0.8347,201.16,225.9,45442.37
909,baby,1,0,1,0.8071,199.56,255.23,50933.44
910,baby,1,0,1,0.8343,166.1,238.7,39648.12
911,baby,1,0,1,0.8784,160.9,210.77,33913.16
912,baby,1,0,1,0.8333,169.39,221.6,37537.73
913,baby,1,0,1,0.8429,166.23,227.34,37790.72
914,baby,1,0,1,0.8364,168.5,221.83,37378.48
915,baby,1,0,1,0.8239,166.97,222.91,37217.72
916,baby,1,0,1,0.8306,164.22,223.69,36735.15
917,baby,1,0,1,0.8304,166.08,224.09,37216.03
918,baby,1,0,1,0.8337,166.57,223.14,37167.11
919,baby,1,0,1,0.833,169.08,221.81,37504.11
920,baby,1,0,1,0.8338,167.03,223.01,37249.97
921,baby,1,0,1,0.8365,167.83,223.29,37473.16
922,baby,1,0,1,0.8367,166.82,226.37,37763.16
923,baby,1,0,1,0.8294,167.53,222.7,37307.52
924,baby,1,0,1,0.8321,166.16,222.57,36981.28
925,baby,1,0,1,0.831,169.09,222.06,37548.81
926,baby,1,0,1,0.8366,168.87,221.94,37479.83
927,baby,1,0,1,0.8288,167.18,217.11,36296.27
928,baby,1,0,1,0.8418,168.92,223.85,37812.97
929,baby,1,0,1,0.8286,168.49,218.55,36824.71
930,baby,1,0,1,0.8363,164.77,218.4,35985.68
931,baby,1,0,1,0.8185,166.76,221.29,36901.24
932,baby,1,0,1,0.7854,165,217.56,35898.83
933,baby,1,0,1,0.826,165.25,224.81,37149.67
934,baby,1,0,1,0.8445,160.22,221.66,35514.37
935,baby,1,0,1,0.828,158.12,213.15,33703.4
936,baby,1,0,1,0.84,160.14,215.35,34485.9
937,baby,1,0,1,0.8209,165.34,208.98,34552.58
938,baby,1,0,1,0.8453,177.19,219.58,38908.09
939,baby,1,0,1,0.7873,179.58,217.76,39103.83
940,baby,1,0,1,0.8362,178.35,224.18,39982.5
941,baby,1,0,1,0.8046,176.4,235.71,41579.2
942,baby,1,0,1,0.8181,177.7,220.11,39112.13
943,baby,1,0,1,0.8394,164.26,215.5,35399.07
944,baby,1,0,1,0.844,166.15,227.94,37871.76
945,baby,1,0,1,0.8294,159.61,216.37,34534.09
946,baby,1,0,1,0.8131,176.71,227.42,40187.04
947,baby,1,0,1,0.824,176.9,223,39447.98
948,baby,1,0,1,0.8465,172.08,225.38,38782.64
949,baby,1,0,1,0.8123,164.9,217.24,35823.26
950,baby,1,0,1,0.8372,163.17,222.26,36265.46
951,baby,1,0,1,0.8406,167.05,229.48,38333.11
952,baby,1,0,1,0.8396,164.35,222.87,36629.8
953,baby,1,0,1,0.7719,166.88,225.05,37557.09
954,baby,1,0,1,0.8134,163.78,223.62,36624.08
955,baby,1,0,1,0.8332,167.3,224.8,37608.98
956,baby,1,0,1,0.8044,164.54,209.05,34396.45
957,baby,1,0,1,0.7893,157.77,211.42,33355.08
958,baby,1,0,1,0.8556,162.5,221.51,35994.28
959,baby,1,0,1,0.842,161.28,219.13,35341.48
960,baby,1,0,1,0.854,160.62,228.97,36777.02
961,baby,1,0,1,0.8537,163.67,227.79,37283.07
962,baby,1,0,1,0.8524,163.04,232.5,37905.06
963,baby,1,0,1,0.8603,162.7,233.37,37970.16
964,baby,1,0,1,0.861,162.79,230.84,37578.21
965,baby,1,0,1,0.8629,165.28,227.94,37673.61
966,baby,1,0,1,0.8507,166.42,225.16,37471.94
967,baby,1,0,1,0.8615,166.48,225.13,37479.29
968,baby,1,0,1,0.8582,165.12,232.3,38357.83
969,baby,1,0,1,0.8495,164.82,230.39,37972.26
970,baby,1,0,1,0.8496,165.32,236.88,39161.74
971,baby,1,0,1,0.8425,163.62,221.96,36315.65
972,baby,1,0,1,0.863,160.28,231.18,37054.04
973,baby,1,0,1,0.8485,157.96,233.2,36837.07
974,baby,1,0,1,0.848,160.17,232.66,37265.67
975,baby,1,0,1,0.8387,161.03,225.75,36352.9
976,baby,1,0,1,0.8535,163.9,211.06,34593.24
977,baby,1,0,1,0.8427,164.54,216.73,35660.06
978,baby,1,0,1,0.873,166.1,218.9,36359.57
979,baby,1,0,1,0.8651,164.69,213.32,35132.46
980,baby,1,0,1,0.8611,165.19,213.3,35235.18
981,baby,1,0,1,0.8219,168.34,205.08,34522.71
982,baby,1,0,1,0.8887,176.3,217.99,38432.44
983,baby,1,0,1,0.844,164,205.44,33691.96
984,baby,1,0,1,0.842,164.85,218.99,36102.04
985,baby,1,0,1,0.8306,167.76,216.95,36396.08
986,baby,1,0,1,0.8359,167.25,213.54,35714.06
987,baby,1,0,1,0.833,164.58,208.71,34350.24
988,baby,1,0,1,0.8242,166.98,214.85,35875.48
989,baby,1,0,1,0.8437,167.18,213.17,35637.53
990,baby,1,0,1,0.8747,164.54,215.38,35439.15
991,baby,1,0,1,0.7792,169.64,198.01,33590.01
992,none,0,0,0,0,0,0,0
993,baby,1,0,1,0.8273,161.42,202.24,32646.76
994,baby,1,0,1,0.7797,171.4,205.02,35141.05
995,none,0,0,0,0,0,0,0
996,baby,1,0,1,0.7386,161.32,209.61,33815.29
997,baby,1,0,1,0.8203,163.79,208.34,34122.92
998,baby,1,0,1,0.7946,156.8,198.55,31132.44
999,baby,1,0,1,0.8539,156.29,196.52,30713.85
1000,baby,1,0,1,0.8848,153.92,210.76,32441.55
1001,baby,1,0,1,0.8914,162.33,217.42,35294.48
1002,baby,1,0,1,0.8668,166.58,227.54,37902.5
1003,baby,1,0,1,0.8658,169.02,222.65,37633.13
1004,baby,1,0,1,0.8686,164.31,216.99,35653.59
1005,baby,1,0,1,0.8855,159.51,215.79,34419.82
1006,baby,1,0,1,0.8436,161.81,198.06,32048.89
1007,baby,1,0,1,0.8382,155.15,218.19,33852.23
1008,baby,1,0,1,0.8321,167.54,213.2,35719.15
1009,baby,1,0,1,0.8363,162.64,208.64,33933.57
1010,baby,1,0,1,0.8478,163.83,210.77,34530.3
1011,baby,1,0,1,0.8404,168.32,220.3,37081.06
1012,baby,1,0,1,0.8283,167.49,216.08,36191.7
1013,baby,1,0,1,0.8591,166.51,214.33,35688.05
1014,baby,1,0,1,0.8612,166.72,212.82,35480.05
1015,baby,1,0,1,0.8769,166.06,206.89,34355.89
1016,baby,1,0,1,0.8784,166.72,211.58,35274.7
1017,none,0,0,0,0,0,0,0
1018,baby,1,0,1,0.8651,162.88,210.9,34351.21
1019,baby,1,0,1,0.8621,160.46,208.96,33529.54
1020,baby,1,0,1,0.8613,160.91,212.76,34233.75
1021,baby,1,0,1,0.8625,160.65,213.72,34333.66
1022,baby,1,0,1,0.8556,164.03,209.95,34439
1023,baby,1,0,1,0.8034,158.03,197.67,31237.18
1024,baby,1,0,1,0.8013,159.62,201.65,32187.85
1025,baby,1,0,1,0.8591,161.13,205.94,33182.72
1026,baby,1,0,1,0.8658,162.92,206.51,33643.68
1027,baby,1,0,1,0.8654,163.12,207.17,33793.29
1028,baby,1,0,1,0.8341,162.63,207.87,33806.21
1029,baby,1,0,1,0.8561,162.84,202.82,33028.17
1030,baby,1,0,1,0.8682,159.53,204.58,32636.35
1031,baby,1,0,1,0.8787,159.88,208.16,33279.81
1032,baby,1,0,1,0.8639,161.61,207.89,33597.38
1033,baby,1,0,1,0.8446,167.82,201.97,33895.2
1034,baby,1,0,1,0.8636,172.71,210.31,36322.32
1035,baby,1,0,1,0.8249,164.59,202.4,33313.55
1036,baby,1,0,1,0.83,167.03,199.78,33369.8
1037,baby,1,0,1,0.8759,162.86,208.66,33981.99
1038,baby,1,0,1,0.8051,159.17,195.36,31094.01
1039,baby,1,0,2,0.8333,191.94,388.22,74516.38
1040,baby,1,0,1,0.7945,159.95,195.43,31258.24
1041,baby,1,0,1,0.8001,163.02,198.38,32340.7
1042,baby,1,0,1,0.8759,164.93,212.3,35014.23
1043,baby,1,0,1,0.8874,147.82,206.68,30550.78
1044,baby,1,0,1,0.8724,153.5,206.54,31704.4
1045,baby,1,0,1,0.8356,158.16,204.91,32408.58
1046,baby,1,0,1,0.8663,162.73,216.67,35258.95
1047,baby,1,0,1,0.8369,171,214.76,36725.14
1048,baby,1,0,1,0.8738,178.68,233.86,41785.38
1049,baby,1,0,1,0.8796,165.41,214.23,35436.31
1050,baby,1,0,1,0.8855,164.59,218.8,36012.37
1051,baby,1,0,1,0.864,167.7,207.39,34779.31
1052,baby,1,0,1,0.8179,168.1,209.84,35272.98
1053,baby,1,0,1,0.8248,168.58,210.78,35533.99
1054,baby,1,0,1,0.8533,166.69,216.72,36124.58
1055,baby,1,0,1,0.8655,167.61,218.7,36655.47
1056,baby,1,0,1,0.8626,170.5,217.42,37069.56
1057,baby,1,0,1,0.8479,171.88,218.57,37568.07
1058,baby,1,0,1,0.8208,166.59,207.05,34491.98
1059,baby,1,0,1,0.8414,163.46,213.66,34925.7
1060,baby,1,0,1,0.8499,166.45,216.07,35964.73
1061,baby,1,0,1,0.8659,163.05,217.72,35499.43
1062,baby,1,0,1,0.8714,165.98,221.94,36837.74
1063,baby,1,0,1,0.8658,164.2,220.17,36151.01
1064,baby,1,0,1,0.8769,166.63,223.6,37259.07
1065,baby,1,0,1,0.8804,166.94,222.5,37144.85
1066,baby,1,0,1,0.8497,165.94,217.93,36163.75
1067,baby,1,0,1,0.8193,170.59,213.75,36463.81
1068,baby,1,0,1,0.8673,171.61,211.63,36317.06
1069,baby,1,0,1,0.8192,170.74,217.22,37087.77
1070,baby,1,0,1,0.816,177.14,211.99,37551.58
1071,baby,1,0,1,0.8167,163.2,213.08,34775.26
1072,baby,1,0,1,0.8194,159.6,210.45,33588.55
1073,baby,1,0,1,0.8343,156.74,205.86,32267.36
1074,baby,1,0,1,0.8074,168.66,208.31,35133.59
1075,baby,1,0,1,0.8372,171.4,215.72,36972.84
1076,baby,1,0,1,0.8302,169.35,214.51,36326.47
1077,baby,1,0,1,0.8274,171.49,213.63,36635.6
1078,baby,1,0,1,0.792,172.14,213.63,36772.8
1079,baby,1,0,1,0.8282,157.91,203.81,32184.38
1080,baby,1,0,1,0.8216,164.26,203.95,33500.45
1081,baby,1,0,1,0.8061,171.42,214.01,36685.49
1082,baby,1,0,1,0.8124,170.48,216.03,36829.67
1083,baby,1,0,1,0.8211,167.8,213.15,35767.25
1084,baby,1,0,1,0.836,168.28,212.88,35823.81
1085,baby,1,0,1,0.8351,174.97,223.3,39071.59
1086,baby,1,0,1,0.8629,178.14,219.62,39121.92
1087,baby,1,0,1,0.841,176.25,224.2,39514.98
1088,baby,1,0,1,0.8398,175.76,217.45,38220.07
1089,baby,1,0,1,0.8475,178.73,217.7,38908.99
1090,baby,1,0,1,0.836,173.89,218.57,38005.92
1091,baby,1,0,1,0.8311,171.56,220.88,37894.9
1092,baby,1,0,1,0.8216,174.07,217.44,37850.66
1093,baby,1,0,1,0.8101,176.9,214.06,37867.9
1094,baby,1,0,1,0.842,182.82,222.84,40738.93
1095,baby,1,0,1,0.8428,190.83,213.67,40774.43
1096,baby,1,0,1,0.8349,190.21,221.79,42186.23
1097,baby,1,0,1,0.852,181.61,213.82,38831.96
1098,baby,1,0,1,0.8272,175.34,215.09,37713.4
1099,baby,1,0,1,0.8107,179.24,218.96,39247
1100,baby,1,0,1,0.8145,181.84,206.37,37526.72
1101,baby,1,0,1,0.8182,188.23,222.84,41945.31
1102,baby,1,0,1,0.8216,191.45,223.21,42733.45
1103,baby,1,0,1,0.8248,180.83,209.66,37912.36
1104,baby,1,0,1,0.8495,199.29,238.06,47443.25
1105,baby,1,0,1,0.83,172.97,236.27,40867.01
1106,baby,1,0,1,0.8348,186.63,237.45,44316.25
1107,baby,1,0,1,0.8685,187.08,231.43,43296.33
1108,baby,1,0,1,0.6664,230.11,243.69,56073.84
1109,none,0,0,0,0,0,0,0
1110,none,0,0,0,0,0,0,0
1111,none,0,0,0,0,0,0,0
1112,empty_seat,0,1,0,0.6116,329.26,315.47,103873.9
1113,empty_seat,0,1,0,0.7695,336.93,313.45,105612.39
1114,empty_seat,0,1,0,0.7724,340.02,313.65,106646.98
1115,baby,1,1,1,0.7018,225.12,293,65959.6
1116,baby,1,1,1,0.8126,203.86,237.23,48360.73
1117,baby,1,1,1,0.8184,182.51,239.18,43653.91
1118,baby,1,1,1,0.6674,182.74,223.41,40824.96
1119,baby,1,1,1,0.8029,202.39,256.21,51853.07
1120,baby,1,1,1,0.8207,118.53,242.45,28738.06
1121,baby,1,1,1,0.777,136.44,246.64,33650.56
1122,empty_seat,0,1,0,0.8154,340.57,313.15,106648.43
1123,empty_seat,0,1,0,0.8024,341.04,311.82,106342.18
1124,empty_seat,0,1,0,0.7844,340.95,310.39,105826.34
1125,empty_seat,0,1,0,0.7905,340.03,310.68,105642.06
1126,empty_seat,0,1,0,0.7599,341.57,308.24,105286.66
1127,empty_seat,0,1,0,0.7847,340.52,312.41,106383.28
1128,empty_seat,0,1,0,0.7679,341.02,309.23,105451.83
1129,empty_seat,0,1,0,0.7799,338.64,312.53,105835.77
1130,empty_seat,0,1,0,0.7795,341.67,310.34,106035.61
1131,empty_seat,0,1,0,0.7795,338.38,307.57,104073.98
1132,empty_seat,0,1,0,0.7748,338.61,310.02,104975.26
1133,empty_seat,0,1,0,0.792,340.48,311.52,106067.83
1134,empty_seat,0,1,0,0.7881,343.33,311.83,107060.71
1135,empty_seat,0,1,0,0.7903,340.76,311.07,106000.47
1136,empty_seat,0,1,0,0.7771,337.48,310.32,104728.1
1137,empty_seat,0,1,0,0.7924,342.76,310.39,106390.06
1138,empty_seat,0,1,0,0.7846,337.07,309.91,104460.33
1139,empty_seat,0,1,0,0.7833,338.96,308.57,104593.61
1140,empty_seat,0,1,0,0.7821,339.52,309.78,105175.45
1141,empty_seat,0,1,0,0.7804,338.19,311.25,105263.98
1142,empty_seat,0,1,0,0.771,340,308.54,104902.98
1143,empty_seat,0,1,0,0.7966,338.51,311.28,105371.99
1144,empty_seat,0,1,0,0.7829,339.38,307.84,104475.68
1145,empty_seat,0,1,0,0.7953,340.32,311.73,106088.27
1146,empty_seat,0,1,0,0.7986,341.4,311.6,106380.56
1147,empty_seat,0,1,0,0.8081,340.03,312.45,106243.3
1148,empty_seat,0,1,0,0.7914,342.93,315.03,108032.26
1149,empty_seat,0,1,0,0.7812,338.29,312.26,105636.59
1150,empty_seat,0,1,0,0.8058,338.51,312.26,105700.93
1151,empty_seat,0,1,0,0.7885,339.02,310.31,105202.7
1152,empty_seat,0,1,0,0.7772,339.67,309.73,105206.45
1153,empty_seat,0,1,0,0.7811,338.76,309.93,104992.11
1154,empty_seat,0,1,0,0.8031,341.18,312.01,106453.03
1155,empty_seat,0,1,0,0.7836,339.28,309.64,105054.31
1156,empty_seat,0,1,0,0.7854,337.65,310.26,104760.52
1157,empty_seat,0,1,0,0.7692,338.87,308.68,104602.48
1158,empty_seat,0,1,0,0.7726,339.03,309.31,104865.12
1159,empty_seat,0,1,0,0.7717,338.11,310.76,105072.2
1160,empty_seat,0,1,0,0.7955,337.46,311.09,104981.47
1161,empty_seat,0,1,0,0.7822,340.36,309.76,105428.63
1162,empty_seat,0,1,0,0.7936,341.11,309.26,105492.26
1163,empty_seat,0,1,0,0.7888,339.62,310.68,105513.95
1164,empty_seat,0,1,0,0.7796,339.64,310.69,105524.65
1165,empty_seat,0,1,0,0.802,338.03,311.43,105273.55
1166,empty_seat,0,1,0,0.7891,339.83,308.87,104961.77
1167,empty_seat,0,1,0,0.7908,338.52,311.02,105286.63
1168,empty_seat,0,1,0,0.7797,337.83,311.59,105263.29
1169,empty_seat,0,1,0,0.7995,339.79,310.78,105599.6
1170,empty_seat,0,1,0,0.7884,337.26,307.43,103682.37
1171,empty_seat,0,1,0,0.7858,336.66,311.04,104714.52
1172,empty_seat,0,1,0,0.7811,340.14,311.26,105871.46
1173,empty_seat,0,1,0,0.7742,339.56,309.77,105185.59
1174,empty_seat,0,1,0,0.782,337.73,311.2,105098.9
1175,empty_seat,0,1,0,0.7858,339.77,307.92,104619.65
1176,empty_seat,0,1,0,0.7807,338.6,311.28,105397.69
1177,empty_seat,0,1,0,0.783,339.99,309.87,105350.72
1178,empty_seat,0,1,0,0.7926,340.28,310.2,105554.96
1179,empty_seat,0,1,0,0.7668,340.14,310.1,105476.6
1180,empty_seat,0,1,0,0.7591,337.81,308.98,104375.28
1181,empty_seat,0,1,0,0.7789,340.98,311.06,106064.36
1182,empty_seat,0,1,0,0.7893,341.42,311.45,106336.21
1183,empty_seat,0,1,0,0.7946,338.54,312.54,105807.13
1184,empty_seat,0,1,0,0.7812,336.67,307.69,103588.2
1185,empty_seat,0,1,0,0.7976,341.59,312.19,106641.9
1186,empty_seat,0,1,0,0.7644,337.68,307.16,103722
1187,empty_seat,0,1,0,0.7997,337.15,309.67,104404.88
1188,empty_seat,0,1,0,0.7722,341.83,307.55,105131.63
1189,empty_seat,0,1,0,0.8089,339.36,311.69,105773.35
1190,empty_seat,0,1,0,0.7982,339.28,309.49,105006.28
1191,empty_seat,0,1,0,0.7955,339.44,311,105565.87
1192,empty_seat,0,1,0,0.7981,339.73,311.83,105938.12
1193,empty_seat,0,1,0,0.7613,341.33,309.38,105601.32
1194,empty_seat,0,1,0,0.7963,339.53,311.47,105753.76
1195,empty_seat,0,1,0,0.7772,340.42,310.06,105551.64
1196,empty_seat,0,1,0,0.7934,337.95,312.4,105577.88
1197,empty_seat,0,1,0,0.7874,342.57,312.2,106949.99
1198,empty_seat,0,1,0,0.782,337.41,308.46,104078.98
1199,empty_seat,0,1,0,0.7787,341.15,311.22,106173.86
1200,empty_seat,0,1,0,0.7866,340.66,310.92,105917.78
1201,empty_seat,0,1,0,0.7912,338.01,310.35,104901.99
1202,empty_seat,0,1,0,0.7856,337.53,310.1,104669.1
1203,empty_seat,0,1,0,0.7794,342.83,309.79,106204.35
1204,empty_seat,0,1,0,0.7947,343.51,310.57,106685.11
1205,empty_seat,0,1,0,0.7854,340.67,311.04,105962.71
1206,empty_seat,0,1,0,0.7858,338.73,310.03,105015.13
1207,empty_seat,0,1,0,0.8004,340.51,310.44,105706.85
1208,empty_seat,0,1,0,0.7925,337.15,310.61,104720.66
1209,empty_seat,0,1,0,0.7789,341.23,308.57,105292.77
1210,empty_seat,0,1,0,0.7724,339.26,309.7,105068.16
1211,empty_seat,0,1,0,0.7869,339.36,311.39,105673.67
1212,empty_seat,0,1,0,0.772,338.54,308.09,104301.71
1213,empty_seat,0,1,0,0.7933,345.76,309.35,106960.68
1214,empty_seat,0,1,0,0.7797,340.74,311.18,106033.47
1215,empty_seat,0,1,0,0.7755,335.14,308.71,103459.29
1216,empty_seat,0,1,0,0.7932,336.17,310.05,104229.63
1217,empty_seat,0,1,0,0.7946,338.62,312.6,105853.96
1218,empty_seat,0,1,0,0.7994,340.13,311.27,105872.87
1219,empty_seat,0,1,0,0.7965,339.31,309.88,105147.18
1220,empty_seat,0,1,0,0.7928,339.21,312.76,106092.31
1221,empty_seat,0,1,0,0.7849,342.64,309.42,106020.8
1222,empty_seat,0,1,0,0.7713,340.87,309.62,105540.73
1223,empty_seat,0,1,0,0.7935,342.46,310.95,106490.57
1224,empty_seat,0,1,0,0.7762,340.77,309.52,105473.99
1225,empty_seat,0,1,0,0.7576,339.54,309.75,105172.23
1226,empty_seat,0,1,0,0.793,342.91,311.66,106871.46
1227,empty_seat,0,1,0,0.78,338.84,310.32,105149.86
1228,empty_seat,0,1,0,0.7786,339.79,308.94,104972.81
1229,empty_seat,0,1,0,0.7969,339.4,313.08,106260.45
1230,empty_seat,0,1,0,0.7638,342.72,310.12,106283.58
1231,empty_seat,0,1,0,0.7944,342.51,310.35,106298.45
1232,empty_seat,0,1,0,0.8009,341.85,310.21,106045.49
1233,empty_seat,0,1,0,0.772,339.96,309.46,105204.07
1234,empty_seat,0,1,0,0.7999,343.58,312.96,107528.5
1235,empty_seat,0,1,0,0.788,338.11,309.75,104730.01
1236,empty_seat,0,1,0,0.789,340.66,309.57,105459.78
1237,empty_seat,0,1,0,0.7797,337.51,309.88,104589.37
1238,empty_seat,0,1,0,0.7825,339.43,310.81,105496.92
1239,empty_seat,0,1,0,0.78,341.2,310.76,106030
1240,empty_seat,0,1,0,0.7766,335.98,308.15,103534.03
1241,empty_seat,0,1,0,0.7925,340.4,312,106205.98
1242,empty_seat,0,1,0,0.7748,338.63,310.97,105304
1243,empty_seat,0,1,0,0.7702,339.82,308.69,104898.15
1244,empty_seat,0,1,0,0.7931,338.44,311.18,105316.15
1245,empty_seat,0,1,0,0.8031,338.77,311.76,105612.98
1246,empty_seat,0,1,0,0.7866,339.91,311.47,105869.71
1247,empty_seat,0,1,0,0.7985,340.56,312.15,106307.73
1248,empty_seat,0,1,0,0.7913,340.64,309.99,105595.28
1249,empty_seat,0,1,0,0.802,341.43,312.8,106801.31
1250,empty_seat,0,1,0,0.7784,340.29,311.89,106130.82
1251,empty_seat,0,1,0,0.802,339.4,311.58,105750
1252,empty_seat,0,1,0,0.7869,339.53,312.31,106039.41
1253,empty_seat,0,1,0,0.7863,339.76,311.52,105843
1254,empty_seat,0,1,0,0.7736,341.38,311.23,106247.62
1255,empty_seat,0,1,0,0.7845,339.49,307.47,104380.5
1256,empty_seat,0,1,0,0.7965,340.03,312.3,106189.99
1257,empty_seat,0,1,0,0.7423,337.66,307.42,103801.9
1258,empty_seat,0,1,0,0.7971,338.6,309.78,104894.31
1259,empty_seat,0,1,0,0.79,340.8,310.36,105772.69
1260,empty_seat,0,1,0,0.8002,343.36,311.74,107037.59
1261,empty_seat,0,1,0,0.7908,341.6,312.28,106676.2
1262,empty_seat,0,1,0,0.7881,338.53,311.61,105487.93
1263,empty_seat,0,1,0,0.7834,339.87,311.95,106022.51
1264,empty_seat,0,1,0,0.7887,337.43,309.33,104374.27
1265,empty_seat,0,1,0,0.789,339.19,311.09,105520.74
1266,empty_seat,0,1,0,0.7643,341.45,307.74,105078.75
1267,empty_seat,0,1,0,0.7723,337.36,310.84,104863.11
1268,empty_seat,0,1,0,0.7953,340.49,312.73,106482.35
1269,empty_seat,0,1,0,0.8008,338.78,310.78,105285.57
1270,empty_seat,0,1,0,0.7927,339.09,311.75,105708.72
1271,empty_seat,0,1,0,0.7802,340.73,312.4,106445.21
1272,empty_seat,0,1,0,0.7842,336.72,309.83,104326.01
1273,empty_seat,0,1,0,0.8019,341.08,310.73,105984.3
1274,empty_seat,0,1,0,0.7792,341.55,310.6,106084.98
1275,empty_seat,0,1,0,0.7823,339.66,310.11,105332.55
1276,empty_seat,0,1,0,0.7956,340.67,310.95,105930.1
1277,empty_seat,0,1,0,0.7921,339.73,312.76,106253.76
1278,empty_seat,0,1,0,0.7867,343.53,310.43,106644.97
1279,empty_seat,0,1,0,0.7787,339.49,310.66,105463.87
1280,empty_seat,0,1,0,0.7997,340.34,312.84,106473.13
1281,empty_seat,0,1,0,0.7846,337.11,308.08,103855.91
1282,empty_seat,0,1,0,0.8102,340.14,313.4,106599.71
1283,empty_seat,0,1,0,0.7854,342.65,311.11,106602.11
1284,empty_seat,0,1,0,0.7664,339.7,307.44,104435.54
1285,empty_seat,0,1,0,0.7869,341.01,310.34,105828.32
1286,empty_seat,0,1,0,0.808,344.02,312.62,107547.27
1287,empty_seat,0,1,0,0.7798,340.35,311.67,106079.02
1288,empty_seat,0,1,0,0.7961,341.32,312.25,106575.43
1289,empty_seat,0,1,0,0.8004,338.35,311.24,105309.7
1290,empty_seat,0,1,0,0.801,338.8,313.75,106298.59
1291,empty_seat,0,1,0,0.7693,339.3,310.53,105360.61
1292,empty_seat,0,1,0,0.7875,338.19,310.42,104980.51
1293,empty_seat,0,1,0,0.7882,341.6,311.83,106521.24
1294,empty_seat,0,1,0,0.7815,336.95,311.21,104862.83
1295,empty_seat,0,1,0,0.7928,338.71,313.75,106268.98
1296,empty_seat,0,1,0,0.7719,341.04,310.18,105784.71
1297,empty_seat,0,1,0,0.7923,337.89,309.64,104625.26
1298,empty_seat,0,1,0,0.7755,339,308.76,104670.36
1299,empty_seat,0,1,0,0.7867,339.38,310.36,105328.35
1300,empty_seat,0,1,0,0.797,340.03,310.62,105622.41
1301,empty_seat,0,1,0,0.7839,337.92,307.56,103931.07
1302,empty_seat,0,1,0,0.7756,339.49,310.21,105312.43
1303,empty_seat,0,1,0,0.804,340.66,310.45,105758.18
1304,empty_seat,0,1,0,0.809,342.28,314.61,107683.41
1305,empty_seat,0,1,0,0.7928,341.37,311.67,106394.67
1306,empty_seat,0,1,0,0.7866,339.15,308.37,104581.5
1307,empty_seat,0,1,0,0.7857,339.48,310.34,105352.29
1308,empty_seat,0,1,0,0.7808,340.01,312.5,106253.34
1309,empty_seat,0,1,0,0.779,340.75,308.66,105173.71
1310,empty_seat,0,1,0,0.7828,343.32,311.51,106949.61
1311,empty_seat,0,1,0,0.7854,336.39,307.56,103462.06
1312,empty_seat,0,1,0,0.771,340.66,311.18,106006.9
1313,empty_seat,0,1,0,0.7949,341.29,309.28,105553.56
1314,empty_seat,0,1,0,0.7911,338.52,309.47,104762.58
1315,empty_seat,0,1,0,0.7629,340.89,310.46,105834.15
1316,empty_seat,0,1,0,0.7762,341.9,309.6,105852.18
1317,empty_seat,0,1,0,0.7816,341.21,308.72,105339.79
1318,empty_seat,0,1,0,0.7808,336.84,312.25,105176.34
1319,empty_seat,0,1,0,0.7969,340.24,312.88,106452.82
1320,empty_seat,0,1,0,0.8066,341.26,313.27,106905.17
1321,empty_seat,0,1,0,0.8023,340.2,310.64,105679.29
1322,empty_seat,0,1,0,0.7913,340.59,312.03,106274.35
1323,empty_seat,0,1,0,0.7937,343.61,310.79,106791.51
1324,empty_seat,0,1,0,0.7949,338.79,310.95,105347.84
1325,empty_seat,0,1,0,0.794,339.26,312.45,106002.6
1326,empty_seat,0,1,0,0.7929,341.25,311.3,106231.06
1327,empty_seat,0,1,0,0.791,342.18,311.35,106540.52
1328,empty_seat,0,1,0,0.7797,339.87,309.54,105203.36
1329,empty_seat,0,1,0,0.7735,335.7,311.56,104589.2
1330,empty_seat,0,1,0,0.7813,339.35,308.67,104749.37
1331,empty_seat,0,1,0,0.7967,339.57,311.57,105798.45
1332,empty_seat,0,1,0,0.7895,343.22,312.75,107344.79
1333,empty_seat,0,1,0,0.7768,337.58,310.52,104824.97
1334,empty_seat,0,1,0,0.7907,340.54,312.13,106293.8
1335,empty_seat,0,1,0,0.7727,340.31,309.76,105413.55
1336,empty_seat,0,1,0,0.7968,339.05,311.11,105483.27
1337,empty_seat,0,1,0,0.8203,343.29,313.83,107734.51
1338,empty_seat,0,1,0,0.796,340.29,310.1,105523.96
1339,empty_seat,0,1,0,0.798,341.15,309.99,105750.72
1340,empty_seat,0,1,0,0.7879,340.29,310.8,105761.85
1341,empty_seat,0,1,0,0.7898,342.76,310.13,106300.73
1342,empty_seat,0,1,0,0.7824,338.1,308.71,104373.43
1343,empty_seat,0,1,0,0.7869,340.26,312.32,106271.65
1344,empty_seat,0,1,0,0.793,338.58,310.6,105164.76
1345,empty_seat,0,1,0,0.7681,340.58,310.76,105839.31
1346,empty_seat,0,1,0,0.7941,339.07,310.63,105327.37
1347,empty_seat,0,1,0,0.7866,341.11,310.75,106001.07
1348,empty_seat,0,1,0,0.7887,341.1,309.19,105463.31
1349,empty_seat,0,1,0,0.7793,339.95,309.36,105167.1
1350,empty_seat,0,1,0,0.7953,342.11,313.63,107293.68
1351,empty_seat,0,1,0,0.7853,338.2,310.61,105050.64
1352,empty_seat,0,1,0,0.7944,338.74,312.49,105852.77
1353,empty_seat,0,1,0,0.7748,337.83,311.77,105322.82
1354,empty_seat,0,1,0,0.8024,337.38,310.92,104900.53
1355,empty_seat,0,1,0,0.8158,341.07,312.83,106696.99
1356,empty_seat,0,1,0,0.7836,341.11,310.78,106010.7
1357,empty_seat,0,1,0,0.8048,340.14,314.64,107023.23
1358,empty_seat,0,1,0,0.763,338.88,309.52,104889.46
1359,empty_seat,0,1,0,0.775,344.82,308.85,106498.05
1360,empty_seat,0,1,0,0.7909,342.71,312.79,107197.18
1361,empty_seat,0,1,0,0.7889,341.8,308.78,105543
1362,empty_seat,0,1,0,0.7733,342.34,312.66,107034.43
1363,empty_seat,0,1,0,0.7771,338.79,309.64,104902.85
1364,empty_seat,0,1,0,0.781,342.37,309.42,105935.69
1365,empty_seat,0,1,0,0.8034,342.92,310.21,106379.54
1366,empty_seat,0,1,0,0.7896,336.8,311.46,104899.39
1367,empty_seat,0,1,0,0.7933,339.14,310.72,105377.87
1368,empty_seat,0,1,0,0.7742,340.88,310.96,105999.1
1369,empty_seat,0,1,0,0.7545,342.25,309.78,106021.75
1370,empty_seat,0,1,0,0.7855,339.59,309.51,105107.2
1371,empty_seat,0,1,0,0.7858,340.42,311.35,105990.12
1372,empty_seat,0,1,0,0.7954,337.54,312.95,105631.97
1373,empty_seat,0,1,0,0.7821,339.91,309.39,105162.95
1374,empty_seat,0,1,0,0.7685,341.31,310.38,105934.6
1375,empty_seat,0,1,0,0.7827,340.97,309.91,105669.62
1376,empty_seat,0,1,0,0.8061,341.86,312.91,106969.31
1377,empty_seat,0,1,0,0.8063,338.66,311.45,105474.55
1378,empty_seat,0,1,0,0.7882,341.96,310.21,106080.37
1379,empty_seat,0,1,0,0.7774,337.88,310.49,104908.87
1380,empty_seat,0,1,0,0.7691,342.23,310.58,106290.64
1381,empty_seat,0,1,0,0.7697,336.79,308.7,103966.22
1382,empty_seat,0,1,0,0.8131,339.11,313.33,106255.62
1383,empty_seat,0,1,0,0.7736,338.97,310.16,105135.13
1384,empty_seat,0,1,0,0.7951,338.13,311.2,105223.48
1385,empty_seat,0,1,0,0.7705,338.42,310.85,105198
1386,empty_seat,0,1,0,0.7836,339.13,306.62,103984.87
1387,empty_seat,0,1,0,0.8012,342.5,311.94,106839.51
1388,empty_seat,0,1,0,0.7792,339.54,308.52,104755.8
1389,empty_seat,0,1,0,0.7706,340.24,306.54,104298.2
1390,empty_seat,0,1,0,0.7767,338.79,310.51,105199.4
1391,empty_seat,0,1,0,0.7552,341.96,308.3,105424.8
1392,empty_seat,0,1,0,0.7929,340.87,310.81,105946.05
1393,empty_seat,0,1,0,0.7877,340.61,312.32,106377.49
1394,empty_seat,0,1,0,0.7803,339.03,308.87,104715.02
1395,empty_seat,0,1,0,0.7889,341.47,311.85,106486.44
1396,empty_seat,0,1,0,0.796,340.71,312.11,106339.75
1397,empty_seat,0,1,0,0.8036,339.95,312.73,106313.36
1398,empty_seat,0,1,0,0.7901,338.42,313.06,105945.58
1399,empty_seat,0,1,0,0.7987,342.6,310.7,106446.6
1400,empty_seat,0,1,0,0.7659,343.54,308.92,106127.21
1401,empty_seat,0,1,0,0.7804,340.22,311.77,106070.94
1402,empty_seat,0,1,0,0.7826,339.55,310.01,105261.96
1403,empty_seat,0,1,0,0.803,338.67,310.34,105102.94
1404,empty_seat,0,1,0,0.7904,342.05,312.03,106727.23
1405,empty_seat,0,1,0,0.7776,340.5,310.62,105763.63
1406,empty_seat,0,1,0,0.7734,340.54,309.04,105242.03
1407,empty_seat,0,1,0,0.7739,342.34,309.14,105831.4
1408,empty_seat,0,1,0,0.7868,340.12,312.15,106169.61
1409,empty_seat,0,1,0,0.8082,338.08,312.23,105560.95
1410,empty_seat,0,1,0,0.7822,339.68,307.54,104464.63
1411,empty_seat,0,1,0,0.7759,339.61,308.94,104921.53
1412,empty_seat,0,1,0,0.7812,339.36,310.35,105318.99
1413,empty_seat,0,1,0,0.7717,338.87,310.5,105219.56
1414,empty_seat,0,1,0,0.7861,339.07,309.72,105016.31
1415,empty_seat,0,1,0,0.7649,340.62,309.9,105558.73
1416,empty_seat,0,1,0,0.7979,340.66,311.57,106139.15
1417,empty_seat,0,1,0,0.7902,340.78,311.23,106061.46
1418,empty_seat,0,1,0,0.7817,338.95,308.96,104721.37
1419,empty_seat,0,1,0,0.7933,341.63,312.8,106863.61
1420,empty_seat,0,1,0,0.771,337.92,308.08,104104.99
1421,empty_seat,0,1,0,0.7951,339.72,307.49,104459.61
1422,empty_seat,0,1,0,0.7891,337.72,310.86,104982.7
1423,empty_seat,0,1,0,0.7972,338.2,310.78,105103.83
1424,empty_seat,0,1,0,0.7689,342.05,310.23,106116.1
1425,empty_seat,0,1,0,0.7835,340.9,310.12,105720.45
1426,empty_seat,0,1,0,0.7977,340.29,309.72,105396.55
1427,empty_seat,0,1,0,0.7863,336.75,307.47,103538.44
1428,empty_seat,0,1,0,0.7667,338.65,308.87,104600.32
1429,empty_seat,0,1,0,0.773,338.81,308.99,104687.15
1430,empty_seat,0,1,0,0.7905,339.15,310.45,105288.73
1431,empty_seat,0,1,0,0.7953,339.32,313.21,106278.62
1432,empty_seat,0,1,0,0.7841,339.25,311.28,105601.91
1433,empty_seat,0,1,0,0.7962,339.05,313.45,106273.36
1434,empty_seat,0,1,0,0.7893,339.41,309.91,105188
1435,empty_seat,0,1,0,0.7884,338.28,310.94,105183.25
1436,empty_seat,0,1,0,0.7843,342.1,309.11,105746.92
1437,empty_seat,0,1,0,0.7811,340.04,309.11,105108.7
1438,empty_seat,0,1,0,0.7886,338.08,310.27,104896.38
1439,empty_seat,0,1,0,0.796,338.53,310.58,105140.94
1440,empty_seat,0,1,0,0.7752,337.45,308.02,103943.33
1441,empty_seat,0,1,0,0.7773,340.95,310.23,105774.51
1442,empty_seat,0,1,0,0.7917,337.93,310.37,104884.7
1443,empty_seat,0,1,0,0.7692,336.96,308.78,104047.91
1444,empty_seat,0,1,0,0.7941,339.89,311.62,105916.94
1445,empty_seat,0,1,0,0.7729,338.2,311.13,105223.2
1446,empty_seat,0,1,0,0.7661,338.98,308.22,104480.31
1447,empty_seat,0,1,0,0.7768,338.17,309.06,104515.48
1448,empty_seat,0,1,0,0.7668,339.52,307,104234.28
1449,empty_seat,0,1,0,0.7712,342.59,310.59,106404.71
1450,empty_seat,0,1,0,0.7701,338.76,309.09,104707.48
1451,empty_seat,0,1,0,0.7938,338.76,310.16,105071.62
1452,empty_seat,0,1,0,0.772,339.01,310.29,105191.62
1453,empty_seat,0,1,0,0.7777,340.89,310.77,105941.43
1454,empty_seat,0,1,0,0.7836,338.53,310.13,104987.06
1455,empty_seat,0,1,0,0.7744,339.33,308.29,104612.02
1456,empty_seat,0,1,0,0.7828,342.33,310.13,106165.3
1457,empty_seat,0,1,0,0.7839,341.55,311.15,106271.91
1458,empty_seat,0,1,0,0.7888,343.32,310.69,106666.72
1459,empty_seat,0,1,0,0.7827,338.37,310.2,104959.35
1460,empty_seat,0,1,0,0.812,338.45,313.11,105974.15
1461,empty_seat,0,1,0,0.793,339.02,313.09,106142.26
1462,empty_seat,0,1,0,0.7935,340.36,313.44,106680.87
1463,empty_seat,0,1,0,0.7793,338.98,309.18,104804.73
1464,empty_seat,0,1,0,0.7726,339.88,308.43,104829.69
1465,empty_seat,0,1,0,0.7732,337.82,310.78,104988.45
1466,empty_seat,0,1,0,0.7845,339.4,309.35,104991.82
1467,empty_seat,0,1,0,0.7876,338.55,310.41,105090.28
1468,empty_seat,0,1,0,0.7993,343.28,311.65,106982.58
1469,empty_seat,0,1,0,0.7926,337.9,309.25,104494.47
1470,empty_seat,0,1,0,0.792,339.33,311.46,105687.84
1471,empty_seat,0,1,0,0.7746,339.37,308.19,104589.99
1472,empty_seat,0,1,0,0.7771,339.2,307.09,104162.66
1473,empty_seat,0,1,0,0.8019,338.18,313.05,105868.79
1474,empty_seat,0,1,0,0.7977,339.6,312.84,106239.1
1475,empty_seat,0,1,0,0.7935,338.22,311.1,105221.75
1476,empty_seat,0,1,0,0.7822,342.01,308.88,105638.17
1477,empty_seat,0,1,0,0.7834,341.96,310.39,106138.45
1478,empty_seat,0,1,0,0.8075,342.44,312.9,107151.75
1479,empty_seat,0,1,0,0.7869,337.56,311.68,105207.93
1480,empty_seat,0,1,0,0.7527,339.41,308.28,104635.32
1481,empty_seat,0,1,0,0.7798,338.21,307.41,103969.82
1482,empty_seat,0,1,0,0.7661,338.79,308.87,104640.21
1483,empty_seat,0,1,0,0.813,340.05,312.7,106330.91
1484,empty_seat,0,1,0,0.7758,340.64,311.5,106107.49
1485,empty_seat,0,1,0,0.761,340.15,307.65,104646.79
1486,empty_seat,0,1,0,0.7795,339.27,308.71,104734.92
1487,empty_seat,0,1,0,0.7902,341.45,311.3,106291.78
1488,empty_seat,0,1,0,0.7916,336.71,308.88,104003.16
1489,empty_seat,0,1,0,0.7732,339.8,309.08,105023.42
1490,empty_seat,0,1,0,0.7569,342.48,310.07,106194.05
1491,empty_seat,0,1,0,0.7967,339.26,311.02,105514.54
1492,empty_seat,0,1,0,0.8058,340.2,312.09,106170.88
1493,empty_seat,0,1,0,0.7911,339.79,310.75,105592.08
1494,empty_seat,0,1,0,0.7896,339.76,310.27,105415.27
1495,empty_seat,0,1,0,0.7905,340.81,311.26,106080.74
1496,empty_seat,0,1,0,0.7721,339.54,308.02,104587.2
1497,empty_seat,0,1,0,0.7788,339.09,312.84,106081.43
1498,empty_seat,0,1,0,0.7829,343.12,310.48,106532.11
1499,empty_seat,0,1,0,0.8025,339.57,312.59,106144.55
1500,empty_seat,0,1,0,0.7724,339.53,309.87,105211.04
1501,empty_seat,0,1,0,0.7682,340.69,310.69,105847.75
1502,empty_seat,0,1,0,0.7866,338.25,310.58,105056.4
1503,empty_seat,0,1,0,0.8033,341.07,313.7,106993.17
1504,empty_seat,0,1,0,0.791,337.26,309.74,104463.25
1505,empty_seat,0,1,0,0.7867,337.04,310.3,104582.39
1506,empty_seat,0,1,0,0.7943,343.3,311.69,107003.15
1507,empty_seat,0,1,0,0.7832,340.89,310.27,105766.81
1508,empty_seat,0,1,0,0.7679,337.13,308.76,104092.28
1509,empty_seat,0,1,0,0.7816,338.37,309.44,104706.96
1510,empty_seat,0,1,0,0.8022,339.7,311.76,105905.63
1511,empty_seat,0,1,0,0.7897,338.49,312.98,105941.39
1512,empty_seat,0,1,0,0.7751,338.88,309.97,105042.85
1513,empty_seat,0,1,0,0.7722,341.94,310.97,106333.72
1514,empty_seat,0,1,0,0.8016,340.45,311.86,106173.42
1515,empty_seat,0,1,0,0.7773,339.43,309.7,105119.96
1516,empty_seat,0,1,0,0.7655,337.62,308.37,104112.17
1517,empty_seat,0,1,0,0.8057,338.83,310.15,105087.99
1518,empty_seat,0,1,0,0.7968,337.39,310.89,104891.4
1519,empty_seat,0,1,0,0.7635,337.82,310.22,104795.96
1520,empty_seat,0,1,0,0.8114,340.88,312.4,106491.83
1521,empty_seat,0,1,0,0.7957,340.99,308.65,105247.3
1522,empty_seat,0,1,0,0.7867,340.41,310.44,105678.56
1523,empty_seat,0,1,0,0.7788,335.47,308.22,103397.98
1524,empty_seat,0,1,0,0.7788,340.3,309.44,105302.64
1525,empty_seat,0,1,0,0.7957,342.45,313.75,107441.36
1526,empty_seat,0,1,0,0.7883,339.34,311.16,105587.97
1527,empty_seat,0,1,0,0.8059,341.49,313.83,107170.01
1528,empty_seat,0,1,0,0.7891,341.19,312.48,106614.2
1529,empty_seat,0,1,0,0.7743,339.57,308.71,104827.09
1530,empty_seat,0,1,0,0.7933,344.49,311.51,107309.67
1531,empty_seat,0,1,0,0.7949,338.22,311.08,105213.7
1532,empty_seat,0,1,0,0.7834,337.52,309.93,104607.38
1533,empty_seat,0,1,0,0.7893,337.48,311.78,105219.94
1534,empty_seat,0,1,0,0.7803,340.48,310.66,105773.81
1535,empty_seat,0,1,0,0.78,340.68,308.36,105054.42
1536,empty_seat,0,1,0,0.7768,340.66,307.59,104782.53
1537,empty_seat,0,1,0,0.7932,339.79,310.56,105524.41
1538,empty_seat,0,1,0,0.7985,340.98,309.45,105517.59
1539,empty_seat,0,1,0,0.7919,340.3,310.42,105638.68
1540,empty_seat,0,1,0,0.7949,340.99,311.67,106275.12
1541,empty_seat,0,1,0,0.7884,340.95,310.89,105997.07
1542,empty_seat,0,1,0,0.7882,340.94,311.32,106142.88
1543,empty_seat,0,1,0,0.7988,337.88,311.57,105272.45
1544,empty_seat,0,1,0,0.7796,340.02,309.46,105222.32
1545,empty_seat,0,1,0,0.7957,339.75,308.95,104964.11
1546,empty_seat,0,1,0,0.7893,341.9,310.6,106192.67
1547,empty_seat,0,1,0,0.8025,335.13,312.54,104742.8
1548,empty_seat,0,1,0,0.8008,341.84,312.01,106657.27
1549,empty_seat,0,1,0,0.81,339.43,311.86,105855.39
1550,empty_seat,0,1,0,0.7845,340.07,308.96,105068.44
1551,empty_seat,0,1,0,0.7855,342.1,311,106390.77
1552,empty_seat,0,1,0,0.7758,343.07,309.11,106044.07
1553,empty_seat,0,1,0,0.7963,339.3,311.05,105539
1554,empty_seat,0,1,0,0.7879,339.77,311.47,105826.95
1555,empty_seat,0,1,0,0.8074,341.06,313.73,106998.81
1556,empty_seat,0,1,0,0.7941,339.98,312.6,106278.13
1557,empty_seat,0,1,0,0.7977,338.3,310.45,105025.88
1558,empty_seat,0,1,0,0.7755,339.42,308.56,104733.78
1559,empty_seat,0,1,0,0.7761,338,308.05,104122.24
1560,empty_seat,0,1,0,0.7865,341.53,311.52,106392.97
1561,empty_seat,0,1,0,0.7845,339.01,309.82,105030.59
1562,empty_seat,0,1,0,0.7723,338.95,308.81,104670.18
1563,empty_seat,0,1,0,0.7883,340.74,309.04,105300.29
1564,empty_seat,0,1,0,0.7817,340.41,311.21,105941.06
1565,empty_seat,0,1,0,0.7828,342.06,312.07,106747.56
1566,empty_seat,0,1,0,0.7898,338.44,310.93,105230.29
1567,empty_seat,0,1,0,0.785,339.1,310.39,105250.85
1568,empty_seat,0,1,0,0.79,338.31,310.37,105003.44
1569,empty_seat,0,1,0,0.799,338.98,310.32,105192.99
1570,empty_seat,0,1,0,0.768,340.7,308.51,105111.08
1571,empty_seat,0,1,0,0.7847,339.51,311.33,105698.13
1572,empty_seat,0,1,0,0.7822,339.21,309.83,105094.9
1573,empty_seat,0,1,0,0.7937,339.93,310.16,105430.09
1574,empty_seat,0,1,0,0.7871,338.91,310.93,105377.55
1575,empty_seat,0,1,0,0.7867,338.2,308.66,104388.33
1576,empty_seat,0,1,0,0.8001,342.11,311.4,106532
1577,empty_seat,0,1,0,0.8066,339.81,312.29,106121.43
1578,empty_seat,0,1,0,0.8078,340.47,313.88,106868.24
1579,empty_seat,0,1,0,0.7886,338.1,310.94,105130.04
1580,empty_seat,0,1,0,0.7983,343.2,313.14,107471.52
1581,empty_seat,0,1,0,0.7928,340.91,311.78,106286.82
1582,empty_seat,0,1,0,0.8063,340.97,311.88,106343.66
1583,empty_seat,0,1,0,0.7859,339.46,309.87,105186.09
1584,empty_seat,0,1,0,0.8022,341.74,314.63,107520.59
1585,empty_seat,0,1,0,0.7903,341.97,310.44,106161.02
1586,empty_seat,0,1,0,0.7968,339.24,309.6,105026.94
1587,empty_seat,0,1,0,0.774,341.3,309.73,105711.27
1588,empty_seat,0,1,0,0.7831,342.13,311.54,106584.45
1589,empty_seat,0,1,0,0.7757,339.36,310.9,105506.08
1590,empty_seat,0,1,0,0.7906,340.65,308.15,104970.79
1591,empty_seat,0,1,0,0.7915,339.61,310.53,105459.03
1592,empty_seat,0,1,0,0.7914,341.84,312.22,106729.41
1593,empty_seat,0,1,0,0.7808,341.91,309.66,105874.68
1594,empty_seat,0,1,0,0.7896,339.81,312.32,106129.5
1595,empty_seat,0,1,0,0.789,340.95,312.35,106497.71
1596,empty_seat,0,1,0,0.7727,339.13,307.92,104424.46
1597,empty_seat,0,1,0,0.7876,341.2,310.2,105838.3
1598,empty_seat,0,1,0,0.7714,341.7,308.47,105403.04
1599,empty_seat,0,1,0,0.7821,344.41,312.5,107627.23
1600,empty_seat,0,1,0,0.7943,339.15,311,105476.52
1601,empty_seat,0,1,0,0.7743,340.03,309.41,105208.83
1602,empty_seat,0,1,0,0.7915,338.3,313.15,105939.62
1603,empty_seat,0,1,0,0.7849,342.6,312.23,106968.97
1604,empty_seat,0,1,0,0.759,339.97,306.77,104294.1
1605,empty_seat,0,1,0,0.7862,343.19,310.16,106444.44
1606,empty_seat,0,1,0,0.7745,342.1,308.58,105564.29
1607,empty_seat,0,1,0,0.7789,339.42,309.23,104959.33
1608,empty_seat,0,1,0,0.7829,340.6,309.34,105362.14
1609,empty_seat,0,1,0,0.7765,338.04,311.59,105330.03
1610,empty_seat,0,1,0,0.7909,340.97,310.34,105815.89
1611,empty_seat,0,1,0,0.7803,340.18,309.1,105148.1
1612,empty_seat,0,1,0,0.7774,339.56,308.74,104838.88
1613,empty_seat,0,1,0,0.7825,339.31,310.55,105374.45
1614,empty_seat,0,1,0,0.7868,340.63,312.41,106414.38
1615,empty_seat,0,1,0,0.7901,341.05,310.71,105966.67
1616,empty_seat,0,1,0,0.7974,339.62,311.03,105632.79
1617,empty_seat,0,1,0,0.7754,342.69,310.16,106289.89
1618,empty_seat,0,1,0,0.7892,341.21,309.08,105461.02
1619,empty_seat,0,1,0,0.7705,340.16,310.75,105707.16
1620,empty_seat,0,1,0,0.7839,340.39,312.55,106390.81
1621,empty_seat,0,1,0,0.7936,341.29,311.89,106445.56
1622,empty_seat,0,1,0,0.7877,340.25,311.16,105872.16
1623,empty_seat,0,1,0,0.7661,341.32,309.69,105702.87
1624,empty_seat,0,1,0,0.7885,341.78,309.6,105816.34
1625,empty_seat,0,1,0,0.7876,339.98,309.32,105160.79
1626,empty_seat,0,1,0,0.7832,340.61,311.34,106048.32
1627,empty_seat,0,1,0,0.7757,341.86,310.19,106039.87
1628,empty_seat,0,1,0,0.7886,338.48,310.21,104998.44
1629,empty_seat,0,1,0,0.7909,341.62,311.29,106344.13
1630,empty_seat,0,1,0,0.7795,343.86,311.43,107089.99
1631,empty_seat,0,1,0,0.7899,342.07,311.53,106565.38
1632,empty_seat,0,1,0,0.7921,340.84,311.91,106311.52
1633,empty_seat,0,1,0,0.7788,339.68,311.16,105695.83
1634,empty_seat,0,1,0,0.7763,341.71,310.66,106155.68
1635,empty_seat,0,1,0,0.7844,339.14,307.79,104383.32
1636,empty_seat,0,1,0,0.7812,341.51,311.91,106520.58
1637,empty_seat,0,1,0,0.794,338.58,309.17,104678.43
1638,empty_seat,0,1,0,0.782,340.41,310.6,105731.04
1639,empty_seat,0,1,0,0.762,339.34,307.49,104346.13
1640,empty_seat,0,1,0,0.7958,340.69,312.47,106454.45
1641,empty_seat,0,1,0,0.7862,341.63,308.56,105414.76
1642,empty_seat,0,1,0,0.7931,341.41,311.02,106187.79
1643,empty_seat,0,1,0,0.7948,339.62,311.26,105709
1644,empty_seat,0,1,0,0.7886,339.76,311.44,105813.81
1645,empty_seat,0,1,0,0.78,336.88,309.05,104113.69
1646,empty_seat,0,1,0,0.7868,337.98,310.79,105040.96
1647,empty_seat,0,1,0,0.7918,341.23,311.28,106217.52
1648,empty_seat,0,1,0,0.7834,342.23,310.88,106393.84
1649,empty_seat,0,1,0,0.7978,342.39,314.51,107685.18
1650,empty_seat,0,1,0,0.7825,341.79,311.93,106612.49
1651,empty_seat,0,1,0,0.7941,343.92,310.96,106944.85
1652,empty_seat,0,1,0,0.7886,340.46,310.4,105677.72
1653,empty_seat,0,1,0,0.7913,339.12,309.01,104791.8
1654,empty_seat,0,1,0,0.7733,341.22,307.84,105040.42
1655,empty_seat,0,1,0,0.7904,339.09,310,105117.2
1656,empty_seat,0,1,0,0.7747,340.02,306.86,104336.62
1657,empty_seat,0,1,0,0.7912,338.1,309.75,104728.89
1658,empty_seat,0,1,0,0.7805,340.49,310.66,105776.82
1659,empty_seat,0,1,0,0.7622,339.76,307.49,104472.33
1660,empty_seat,0,1,0,0.7698,341.89,310.51,106160.91
1661,empty_seat,0,1,0,0.7814,342.79,309.55,106111.68
1662,empty_seat,0,1,0,0.7902,341.37,309.85,105773.16
1663,empty_seat,0,1,0,0.7877,339.19,311.03,105499.97
1664,empty_seat,0,1,0,0.7771,340.02,311.3,105848.35
1665,empty_seat,0,1,0,0.7871,341.8,309.35,105734.74
1666,empty_seat,0,1,0,0.7743,342.31,309.71,106015.05
1667,empty_seat,0,1,0,0.7917,344.73,313.25,107986.26
1668,empty_seat,0,1,0,0.7978,342.93,311.38,106783.05
1669,empty_seat,0,1,0,0.7567,341.06,308.61,105254.64
1670,empty_seat,0,1,0,0.7951,341.32,310.71,106050.39
1671,empty_seat,0,1,0,0.7864,338.63,310.69,105206.69
1672,empty_seat,0,1,0,0.7786,339.51,310.24,105329.28
1673,empty_seat,0,1,0,0.7974,338.42,311.79,105517.4
1674,empty_seat,0,1,0,0.7496,340.91,309.65,105565.42
1675,empty_seat,0,1,0,0.765,341.33,308.92,105443.41
1676,empty_seat,0,1,0,0.7896,339.44,310.23,105306.79
1677,empty_seat,0,1,0,0.8007,341.31,311.11,106186.8
1678,empty_seat,0,1,0,0.7806,336.71,310.08,104408.61
1679,empty_seat,0,1,0,0.787,340.91,309.27,105432.81
1680,empty_seat,0,1,0,0.783,340.52,311.98,106237.34
1681,empty_seat,0,1,0,0.786,339.04,309.76,105019.64
1682,empty_seat,0,1,0,0.7834,341.83,311.35,106428.97
1683,empty_seat,0,1,0,0.7904,342.06,308.86,105648.89
1684,empty_seat,0,1,0,0.7833,341.36,309.79,105749.04
1685,empty_seat,0,1,0,0.7879,339.6,312.75,106209.41
1686,empty_seat,0,1,0,0.7901,343.66,311.92,107194.28
1687,empty_seat,0,1,0,0.7789,343,308.16,105696.52
1688,empty_seat,0,1,0,0.8007,339.62,311.45,105772.27
1689,empty_seat,0,1,0,0.7768,341.99,309.44,105825.73
1690,empty_seat,0,1,0,0.7919,342.38,312.83,107105.26
1691,empty_seat,0,1,0,0.8037,340.28,312.41,106304.75
1692,empty_seat,0,1,0,0.7638,339.64,309.33,105060.56
1693,empty_seat,0,1,0,0.7927,341.67,311.67,106485.87
1694,empty_seat,0,1,0,0.7681,338.56,308.86,104568.53
1695,empty_seat,0,1,0,0.7899,341.28,310.23,105877.82
1696,empty_seat,0,1,0,0.7764,341.16,310.78,106027.17
1697,empty_seat,0,1,0,0.7703,340.38,307.53,104678.12
1698,empty_seat,0,1,0,0.7819,341.48,309.89,105820.83
1699,empty_seat,0,1,0,0.7844,342.19,310.27,106168.85
1700,empty_seat,0,1,0,0.7855,340.74,310.51,105804.48
1701,empty_seat,0,1,0,0.7778,341.34,309.72,105720.1
1702,empty_seat,0,1,0,0.7804,338.12,309.12,104519.78
1703,empty_seat,0,1,0,0.7955,340.06,311.77,106021.31
1704,empty_seat,0,1,0,0.7867,341.94,311.82,106623.5
1705,empty_seat,0,1,0,0.7742,339.93,309.56,105229.74
1706,empty_seat,0,1,0,0.7846,341.18,309.77,105686.41
1707,empty_seat,0,1,0,0.7836,339.31,308.6,104712.08
1708,empty_seat,0,1,0,0.786,342.13,310.02,106067.02
1709,empty_seat,0,1,0,0.7869,342.31,311.54,106642.85
1710,empty_seat,0,1,0,0.7941,344.78,311.94,107549.73
1711,empty_seat,0,1,0,0.7787,339.92,308.55,104884.36
1712,empty_seat,0,1,0,0.7926,341.37,312.32,106616.57
1713,empty_seat,0,1,0,0.8085,339.82,313.09,106393.88
1714,empty_seat,0,1,0,0.7863,341.6,308.07,105237.54
1715,empty_seat,0,1,0,0.7683,340.49,309.52,105387.68
1716,empty_seat,0,1,0,0.7751,339.97,311.51,105903.43
1717,empty_seat,0,1,0,0.7749,337.51,309.2,104357.74
1718,empty_seat,0,1,0,0.7883,342.05,309.67,105923.11
1719,empty_seat,0,1,0,0.7693,339.4,309.17,104931.58
1720,empty_seat,0,1,0,0.7776,341.07,310.3,105835.15
1721,empty_seat,0,1,0,0.8026,339.78,313.05,106366.62
1722,empty_seat,0,1,0,0.7879,340.56,308.79,105163.92
1723,empty_seat,0,1,0,0.7673,340.41,309.1,105220.77
1724,empty_seat,0,1,0,0.7666,340.51,309.47,105380.41
1725,empty_seat,0,1,0,0.7686,340.54,308.34,105002.51
1726,empty_seat,0,1,0,0.7781,343.03,311.18,106743.89
1727,empty_seat,0,1,0,0.784,340.79,308.09,104993.11
1728,empty_seat,0,1,0,0.8011,340.54,311.94,106227.15
1729,empty_seat,0,1,0,0.7473,340.08,307.76,104663.39
1730,empty_seat,0,1,0,0.7942,340.46,311.66,106105.88
1731,empty_seat,0,1,0,0.778,338.67,307.36,104096.14
1732,empty_seat,0,1,0,0.7775,338.87,310.98,105381.05
1733,empty_seat,0,1,0,0.7887,343.25,311.52,106929.33
1734,empty_seat,0,1,0,0.7881,341.85,310.31,106078.65
1735,empty_seat,0,1,0,0.7752,341.99,309.69,105912.27
1736,empty_seat,0,1,0,0.7691,339.71,309.47,105129.16
1737,empty_seat,0,1,0,0.7712,339.51,311.38,105714.1
1738,empty_seat,0,1,0,0.7855,338.51,310.41,105074.18
1739,empty_seat,0,1,0,0.7785,343.19,309.66,106269.79
1740,empty_seat,0,1,0,0.7735,339.08,308.52,104612.85
1741,empty_seat,0,1,0,0.7733,341.72,308.06,105271.21
1742,empty_seat,0,1,0,0.7769,341.77,309.55,105795.48
1743,empty_seat,0,1,0,0.7906,339.7,311.55,105831.28
1744,empty_seat,0,1,0,0.7715,339.94,307.9,104668.92
1745,empty_seat,0,1,0,0.7717,341.35,309.32,105587.91
1746,empty_seat,0,1,0,0.7838,343.31,311.69,107005.96
1747,empty_seat,0,1,0,0.7914,340.92,314.17,107104.56
1748,empty_seat,0,1,0,0.7837,340.08,310.07,105446.72
1749,empty_seat,0,1,0,0.7929,340.28,309.63,105363.39
1750,empty_seat,0,1,0,0.7717,340.37,307.4,104627.41
1751,empty_seat,0,1,0,0.8048,343.57,313.36,107660.9
1752,empty_seat,0,1,0,0.7752,339.21,310.57,105349.08
1753,empty_seat,0,1,0,0.7833,338.81,310.18,105091.61
1754,empty_seat,0,1,0,0.77,341,307.1,104722.23
1755,empty_seat,0,1,0,0.7812,340.65,310.45,105752.86
1756,empty_seat,0,1,0,0.766,341.06,308.71,105287.41
1757,empty_seat,0,1,0,0.8048,340.98,312.82,106667.88
1758,empty_seat,0,1,0,0.7925,338.49,311.77,105532.07
1759,empty_seat,0,1,0,0.7956,340.42,312.58,106407.7
1760,empty_seat,0,1,0,0.7913,343.55,310.62,106713.17
1761,empty_seat,0,1,0,0.7836,339.62,309.69,105176.78
1762,empty_seat,0,1,0,0.7636,338.55,309.16,104664.15
1763,empty_seat,0,1,0,0.7854,340.41,310.82,105807.46
1764,empty_seat,0,1,0,0.7787,338.69,309.77,104916.5
1765,empty_seat,0,1,0,0.794,338.93,311.62,105617.08
1766,empty_seat,0,1,0,0.7796,340.42,308.32,104955.75
1767,empty_seat,0,1,0,0.7834,339.03,311.16,105491.3
1768,empty_seat,0,1,0,0.7835,341.63,310.32,106014.02
1769,empty_seat,0,1,0,0.7807,339.59,309.56,105121.13
1770,empty_seat,0,1,0,0.7889,339.69,311.33,105756.68
1771,empty_seat,0,1,0,0.7973,337.41,312.95,105591.99
1772,empty_seat,0,1,0,0.7859,337.41,310.94,104914.52
1773,empty_seat,0,1,0,0.7744,342.65,312.33,107021.83
1774,empty_seat,0,1,0,0.7949,339.58,311.89,105910.94
1775,empty_seat,0,1,0,0.7886,343.12,311.84,107000.36
1776,empty_seat,0,1,0,0.7716,339.02,309.31,104860.06
1777,empty_seat,0,1,0,0.7645,341.55,308.31,105302.61
1778,empty_seat,0,1,0,0.7726,336.52,310.68,104547.89
1779,empty_seat,0,1,0,0.7947,344.38,314.08,108164.04
1780,empty_seat,0,1,0,0.7947,339.96,309.31,105153.71
1781,empty_seat,0,1,0,0.7826,341.17,311.35,106221.34
1782,empty_seat,0,1,0,0.7911,342.49,310.33,106285.87
1783,empty_seat,0,1,0,0.8033,341.64,311.34,106363.54
1784,empty_seat,0,1,0,0.7804,340.04,309,105073.91
1785,empty_seat,0,1,0,0.7794,337.92,311.27,105186.16
1786,empty_seat,0,1,0,0.7844,343.54,311.03,106853.19
1787,empty_seat,0,1,0,0.7781,339.78,310.88,105629.87
1788,empty_seat,0,1,0,0.7941,338.97,312.49,105927.03
1789,empty_seat,0,1,0,0.7939,343.18,313.59,107618.86
1790,empty_seat,0,1,0,0.7934,342.2,310.26,106170.25
1791,empty_seat,0,1,0,0.799,339.15,313.95,106478.94
1792,empty_seat,0,1,0,0.7479,338.93,308.62,104600.62
1793,empty_seat,0,1,0,0.791,340.17,310.65,105674.14
1794,empty_seat,0,1,0,0.788,342.36,310.85,106420.56
1795,empty_seat,0,1,0,0.7723,340.86,308.23,105064.43
1796,empty_seat,0,1,0,0.7927,342.36,311.65,106698.03
1797,empty_seat,0,1,0,0.7939,341.53,310.13,105919.65
1798,empty_seat,0,1,0,0.7836,337.3,311.49,105064.12
1799,empty_seat,0,1,0,0.7612,340.02,308.65,104946.78
1800,empty_seat,0,1,0,0.7907,338.39,312.31,105684.41
1801,empty_seat,0,1,0,0.7749,340.51,308.23,104953.66
1802,empty_seat,0,1,0,0.7947,339.49,311.8,105850.19
1803,empty_seat,0,1,0,0.7902,342.33,309.88,106079.93
1804,empty_seat,0,1,0,0.7834,337.09,309.39,104291.67
1805,empty_seat,0,1,0,0.7733,339.18,307.51,104301.46
1806,empty_seat,0,1,0,0.7849,343,311.65,106897.71
1807,empty_seat,0,1,0,0.7818,341.07,311.58,106270.65
1808,empty_seat,0,1,0,0.7961,343.03,311.82,106963.06
1809,empty_seat,0,1,0,0.7774,334.52,308.91,103336.22
1810,empty_seat,0,1,0,0.78,338.81,309.97,105019.45
1811,empty_seat,0,1,0,0.787,339.66,311.59,105834.65
1812,empty_seat,0,1,0,0.7828,340.42,308.07,104874.48
1813,empty_seat,0,1,0,0.7891,342.8,313.85,107589
1814,empty_seat,0,1,0,0.7802,339.38,309.83,105148.74
1815,empty_seat,0,1,0,0.7921,341.48,312.55,106726.72
1816,empty_seat,0,1,0,0.782,339.11,311.08,105490.31
1817,empty_seat,0,1,0,0.7902,339.65,309.66,105175.74
1818,empty_seat,0,1,0,0.7658,340.89,310.7,105915.99
1819,empty_seat,0,1,0,0.8048,340.86,313.48,106855.18
1820,empty_seat,0,1,0,0.7836,340.19,308.31,104883.53
1821,empty_seat,0,1,0,0.7819,340.61,310.58,105786.76
1822,empty_seat,0,1,0,0.7799,340.98,312.71,106627.84
1823,empty_seat,0,1,0,0.7887,342.87,311.46,106788.44
1824,empty_seat,0,1,0,0.8026,342.54,312.47,107032.3
1825,empty_seat,0,1,0,0.7936,340.71,311.75,106214.1
1826,empty_seat,0,1,0,0.7976,343.43,313.98,107830.17
1827,empty_seat,0,1,0,0.7795,336.63,308.28,103775.2
1828,empty_seat,0,1,0,0.7796,341.16,310.08,105784.36
1829,empty_seat,0,1,0,0.7652,339.87,308.08,104709.6
1830,empty_seat,0,1,0,0.7997,341.75,312.31,106731.35
1831,empty_seat,0,1,0,0.7819,338.82,309.12,104733.23
1832,empty_seat,0,1,0,0.789,341.67,309.86,105871.33
1833,empty_seat,0,1,0,0.7687,337.35,307.91,103872.89
1834,empty_seat,0,1,0,0.8076,340.72,313.87,106941.43
1835,empty_seat,0,1,0,0.7902,340.92,310.63,105899.99
1836,empty_seat,0,1,0,0.7845,337.74,308.66,104246.96
1837,empty_seat,0,1,0,0.7894,340.11,308.66,104977.35
1838,none,0,0,0,0,0,0,0
1839,none,0,0,0,0,0,0,0
1840,none,0,0,0,0,0,0,0
1841,baby,1,0,1,0.8155,225.13,183.64,41342.17
1842,baby,1,0,1,0.7991,191.64,214.97,41196.51
1843,baby,1,0,1,0.8458,183.89,233.14,42871.64
1844,baby,1,0,1,0.7578,203.14,221.56,45008.3
1845,baby,1,0,1,0.8657,180.6,241.61,43634.62
1846,baby,1,0,1,0.8266,161.9,218.21,35327.53
1847,baby,1,0,1,0.8484,163.64,215.56,35273.73
1848,baby,1,0,1,0.8403,163.86,210.01,34412.03
1849,baby,1,0,1,0.8352,164.53,207.49,34138.57
1850,baby,1,0,1,0.8216,165.73,209.44,34711.5
1851,baby,1,0,1,0.831,165.95,219.14,36366.15
1852,baby,1,0,1,0.84,169.48,214.13,36290.6
1853,baby,1,0,1,0.8218,166.96,223.41,37299.6
1854,baby,1,0,1,0.8377,166.3,209.68,34868.5
1855,baby,1,0,1,0.846,169.24,224.34,37968.41
1856,baby,1,0,1,0.779,169.5,211.23,35803.46
1857,baby,1,0,1,0.8215,167.06,212.05,35423.73
1858,baby,1,0,1,0.8078,175.69,221.82,38969.94
1859,baby,1,0,1,0.8249,188.17,223.24,42005.7
1860,baby,1,0,1,0.8305,159.14,191.76,30515.95
1861,baby,1,0,1,0.8183,172.2,191.55,32984.87
1862,baby,1,0,1,0.8316,197.12,228.24,44992.28
1863,baby,1,0,1,0.7936,197.68,254.12,50234.88
1864,baby,1,0,1,0.7455,195.4,193.71,37850.78
1865,baby,1,0,1,0.8434,188.27,250.71,47202.64
1866,baby,1,0,1,0.8691,200.01,264.54,52910.97
1867,baby,1,0,1,0.8655,175.49,241.21,42330.95
1868,baby,1,0,1,0.8216,167.74,228.87,38391.15
1869,baby,1,0,1,0.8065,173.31,227.82,39482.74
1870,baby,1,0,1,0.867,195.66,245.57,48048.11
1871,baby,1,0,1,0.8362,168.47,238.33,40150.42
1872,baby,1,0,1,0.8279,167.12,237.3,39658.88
1873,baby,1,0,1,0.8107,176.14,227.97,40154.01
1874,baby,1,0,1,0.8254,194.81,252.36,49161.69
1875,baby,1,0,1,0.8132,189.21,245.2,46394.75
1876,baby,1,0,1,0.7889,201.94,248.02,50083.31
1877,baby,1,0,1,0.8068,194.26,250.13,48591.53
1878,baby,1,0,1,0.8515,197.72,249.79,49389.92
1879,baby,1,0,1,0.8178,192.31,251.98,48458.09
1880,baby,1,0,1,0.8201,186.19,249.21,46398.71
1881,baby,1,0,1,0.8563,182.86,247.45,45248.68
1882,baby,1,0,1,0.8736,193.08,254.83,49204.08
1883,baby,1,0,1,0.826,193.03,225.63,43552.43
1884,baby,1,0,1,0.7413,179.56,222.18,39894.06
1885,baby,1,0,1,0.8166,174.66,221.91,38758.53
1886,baby,1,0,1,0.8328,184.65,220.8,40769.85
1887,baby,1,0,1,0.8316,182.97,217.43,39784.19
1888,baby,1,0,1,0.8331,190.14,222.12,42232.96
1889,baby,1,0,1,0.849,193.06,243.08,46927.76
1890,baby,1,0,1,0.8162,182.95,237.56,43461.79
1891,baby,1,0,1,0.8085,182.69,246.67,45064.15
1892,baby,1,0,1,0.8554,187.69,243,45608.21
1893,baby,1,0,1,0.8449,179.69,241.43,43383.03
1894,baby,1,0,1,0.8455,187.22,244.09,45699.07
1895,baby,1,0,1,0.7907,168.55,214.65,36179.87
1896,baby,1,0,1,0.8351,187.46,224.46,42077.78
1897,baby,1,0,1,0.8238,192.82,216.43,41733.14
1898,baby,1,0,1,0.8507,167.49,199.03,33336.21
1899,baby,1,0,1,0.8546,161.91,204.54,33116.7
1900,baby,1,0,1,0.88,174.76,218.66,38212.73
1901,baby,1,0,1,0.8079,191.4,216.06,41353.86
1902,baby,1,0,1,0.8298,181.22,228.13,41340.97
1903,baby,1,0,1,0.8216,179.7,221.08,39726.56
1904,baby,1,0,1,0.8297,174.54,234.2,40877.26
1905,baby,1,0,1,0.8017,187.82,235.53,44237.49
1906,baby,1,0,1,0.8401,178.13,215.61,38405.8
1907,baby,1,0,1,0.8578,190.74,239.46,45674.92
1908,baby,1,0,1,0.7992,162.8,209.88,34168.93
1909,baby,1,0,1,0.8235,179.6,216.98,38970.18
1910,baby,1,0,1,0.8088,184.93,233.89,43253.1
1911,baby,1,0,1,0.8263,183.62,233.12,42805.75
1912,baby,1,0,1,0.7689,210.92,230.91,48703.39
1913,baby,1,0,1,0.8454,198.09,238.53,47250.28
1914,baby,1,0,1,0.8228,177.15,228.01,40391.5
1915,baby,1,0,1,0.8316,178.77,232.61,41583.47
1916,baby,1,0,1,0.8295,175.85,228.65,40208.44
1917,baby,1,0,1,0.8358,165.79,226.81,37601.74
1918,baby,1,0,1,0.8184,161.52,209.82,33891.37
1919,baby,1,0,1,0.8357,167.07,211.55,35344.38
1920,baby,1,0,1,0.8319,170.13,211.82,36036.68
1921,baby,1,0,1,0.8477,166.06,229.19,38058.65
1922,baby,1,0,1,0.8125,163.7,205.54,33648.58
1923,baby,1,0,1,0.8178,163.84,216.73,35510.12
1924,baby,1,0,1,0.8249,165.03,207.52,34246.8
1925,baby,1,0,1,0.8606,167.89,212.85,35734.79
1926,baby,1,0,1,0.8378,163.75,212.26,34756.87
1927,baby,1,0,1,0.8507,166.78,220.12,36711.29
1928,baby,1,0,1,0.8313,168.99,212.03,35830.9
1929,baby,1,0,1,0.7968,166.18,208.37,34628.11
1930,baby,1,0,1,0.8372,159.44,209.91,33468.12
1931,baby,1,0,1,0.8439,162.17,205.73,33362.93
1932,baby,1,0,1,0.8249,164.98,211.62,34913.49
1933,baby,1,0,1,0.8216,173.55,217.87,37809.76
1934,baby,1,0,1,0.822,177.81,235.5,41873.82
1935,baby,1,0,1,0.8237,168.48,222.23,37442.32
1936,baby,1,0,1,0.8591,170.69,227.79,38882.44
1937,baby,1,0,1,0.8451,171.55,230.81,39595.97
1938,baby,1,0,1,0.8682,183.92,232.04,42676.31
1939,baby,1,0,1,0.8382,173.4,225.54,39110.32
1940,baby,1,0,1,0.8363,176.9,222.32,39328.37
1941,baby,1,0,1,0.8518,177.58,224.15,39805.41
1942,baby,1,0,1,0.8408,183.1,227.57,41667.18
1943,baby,1,0,1,0.8379,183.38,214.02,39246.5
1944,baby,1,0,1,0.8371,175.28,229.04,40146.29
1945,baby,1,0,1,0.8503,170.79,225.81,38565.73
1946,baby,1,0,1,0.8434,171.32,225.82,38685.74
1947,baby,1,0,1,0.8454,171.53,218.2,37427.64
1948,baby,1,0,1,0.8494,173.8,225.08,39117.75
1949,baby,1,0,1,0.8365,184.77,221.99,41018.55
1950,baby,1,0,1,0.8573,174.32,222.23,38738.82
1951,baby,1,0,1,0.8579,181.15,228.23,41343.77
1952,baby,1,0,1,0.8343,191.1,240.53,45964.48
1953,baby,1,0,1,0.8335,181.87,228.34,41528.52
1954,baby,1,0,1,0.8535,191.88,229.57,44048.22
1955,baby,1,0,1,0.8629,178.91,219.98,39357.52
1956,baby,1,0,1,0.8547,172.88,217.06,37527.03
1957,baby,1,0,1,0.8588,185.58,214.81,39865.68
1958,baby,1,0,1,0.8552,182.22,229.55,41827.72
1959,baby,1,0,1,0.8518,184.01,234.43,43135.94
1960,baby,1,0,1,0.8655,184.91,218.24,40354.44
1961,baby,1,0,1,0.8008,196.58,219.88,43224.26
1962,baby,1,0,1,0.839,179.73,231.48,41604.56
1963,baby,1,0,1,0.8283,194.93,231.45,45116.78
1964,baby,1,0,1,0.8349,210.92,250.67,52872.95
1965,baby,1,0,1,0.8383,195.32,236.43,46178.52
1966,baby,1,0,1,0.8332,170.8,208.5,35611.56
1967,baby,1,0,1,0.8498,186.39,210.29,39195.43
1968,baby,1,0,1,0.8224,178.2,223.05,39747.16
1969,baby,1,0,1,0.8343,178.25,223.86,39904.43
1970,baby,1,0,1,0.8318,175.43,226.88,39802.35
1971,baby,1,0,1,0.8441,181.98,226.81,41273.75
1972,baby,1,0,1,0.8361,168.61,213.94,36071.86
1973,baby,1,0,1,0.8323,175.24,210.51,36890.18
1974,baby,1,0,1,0.8211,180.2,210.96,38014.97
1975,baby,1,0,1,0.8021,175.23,222.08,38915.27
1976,baby,1,0,1,0.7715,174.79,220.79,38591.28
1977,baby,1,0,1,0.8176,181.26,211.94,38414.97
1978,baby,1,0,1,0.8207,178.81,201.97,36115.05
1979,baby,1,0,1,0.826,175.36,215.08,37716.24
1980,baby,1,0,1,0.7735,174.97,212.9,37251.7
1981,baby,1,0,1,0.827,183.19,226.99,41582.72
1982,none,0,0,0,0,0,0,0
1983,none,0,0,0,0,0,0,0
1984,none,0,0,0,0,0,0,0
1985,none,0,0,0,0,0,0,0
1986,baby,1,0,1,0.8183,192.87,231.88,44723.95
1987,baby,1,0,1,0.8358,180.76,216.69,39169.36
1988,baby,1,0,1,0.8282,184.46,222.65,41070.78
1989,baby,1,0,1,0.8002,176.89,227.72,40281.36
1990,baby,1,0,1,0.8426,181.48,229.36,41623.6
1991,baby,1,0,1,0.8355,193.82,214.44,41562.16
1992,baby,1,0,1,0.8208,181.61,232.01,42134.13
1993,baby,1,0,1,0.84,186.68,229.3,42805.59
1994,baby,1,0,1,0.8298,190.4,215.05,40945.97
1995,baby,1,0,1,0.8102,169.16,217.58,36805.03
1996,baby,1,0,1,0.8635,180.6,206.54,37301.84
1997,baby,1,0,1,0.8442,181.27,221.08,40076.5
1998,baby,1,0,1,0.8048,173.32,223.39,38717.24
1999,baby,1,0,1,0.7676,170.42,213.41,36369.69
2000,baby,1,0,1,0.7903,169.35,212,35903.06
2001,baby,1,0,1,0.835,169.69,210.8,35771.36
2002,baby,1,0,1,0.8335,172.5,205.35,35421.93
2003,baby,1,0,1,0.822,179.5,222.89,40008.79
2004,baby,1,0,1,0.8129,186.09,200.23,37260.73
2005,baby,1,0,1,0.7979,192.72,201.79,38888.76
2006,baby,1,0,1,0.7501,190.82,195.88,37376.97
2007,baby,1,0,1,0.7639,179.15,191.96,34389.82
2008,none,0,0,0,0,0,0,0
2009,baby,1,0,1,0.8118,190.39,202.78,38607
2010,baby,1,0,1,0.8485,189.85,238.2,45222.15
2011,baby,1,0,1,0.7439,199.22,208.16,41469.31
2012,baby,1,0,1,0.8369,170.45,223.06,38021.82
2013,baby,1,0,1,0.8468,181.38,224.68,40751.83
2014,baby,1,0,1,0.8163,172.22,212.65,36622.76
2015,baby,1,0,1,0.8215,180.27,205.61,37065.13
2016,baby,1,0,1,0.8198,181.11,207.49,37578.88
2017,baby,1,0,1,0.8131,169.9,207.32,35224.68
2018,baby,1,0,1,0.8194,181.23,218.2,39545.21
2019,baby,1,0,1,0.8148,170.84,214.46,36639.09
2020,baby,1,0,1,0.8288,178.88,221.07,39544.81
2021,baby,1,0,1,0.8381,175.25,227.78,39917.88
2022,baby,1,0,1,0.8266,166.49,221.44,36866.53
2023,baby,1,0,1,0.8425,166.13,217.37,36111.55
2024,baby,1,0,1,0.8466,171.01,220.56,37717.1
2025,baby,1,0,1,0.8191,168.28,212.03,35681.62
2026,baby,1,0,1,0.7781,162.67,211.97,34482.18
2027,baby,1,0,1,0.7866,165.16,211.06,34859.15
2028,baby,1,0,1,0.8133,168.33,211.22,35554.71
2029,baby,1,0,1,0.7701,184.66,216.34,39948.86
2030,baby,1,0,1,0.7737,194.75,222.16,43265.71
2031,baby,1,0,1,0.8001,189.54,220.7,41832.08
2032,baby,1,0,1,0.7792,183.23,222.83,40829.31
2033,baby,1,0,1,0.8003,193.12,230.28,44473.09
2034,baby,1,0,1,0.8167,195.72,223.31,43707.13
2035,baby,1,0,1,0.839,188.08,238.45,44846.77
2036,baby,1,0,1,0.8029,174.39,237.9,41487.91
2037,baby,1,0,1,0.8267,177.64,236.22,41961.99
2038,baby,1,0,1,0.8159,173.77,238.18,41389.05
2039,baby,1,0,1,0.8508,174.49,221.67,38679.19
2040,baby,1,0,1,0.8351,180.07,222.8,40119.97
2041,baby,1,0,1,0.827,181.8,243.26,44223.87
2042,baby,1,0,1,0.8575,207.94,236.43,49163.04
2043,baby,1,0,1,0.8528,207.54,243.12,50455.64
2044,baby,1,0,1,0.7633,199.59,231.73,46252.31
2045,baby,1,0,1,0.8423,201.19,227.59,45788.04
2046,baby,1,0,1,0.8364,200.74,232.61,46694.82
2047,baby,1,0,1,0.8712,200.9,260.29,52291.67
2048,baby,1,0,1,0.8473,187.98,254.27,47796.19
2049,baby,1,0,1,0.8355,195.33,250.47,48924.9
2050,baby,1,0,1,0.8499,200.79,262.23,52653.05
2051,baby,1,0,1,0.8274,193.72,250.13,48457
2052,baby,1,0,1,0.7862,169.67,208.55,35384.82
2053,baby,1,0,1,0.8203,167.56,209.16,35047.81
2054,baby,1,0,1,0.8341,177.18,204.34,36204.72
2055,baby,1,0,1,0.8596,213.34,253.18,54013.86
2056,baby,1,0,1,0.7898,185.34,226.43,41965.42
2057,baby,1,0,1,0.8307,181.04,241.49,43717.43
2058,baby,1,0,1,0.8323,179.73,219.05,39368.05
2059,baby,1,0,1,0.8624,173.01,209.76,36290.85
2060,baby,1,0,1,0.8359,170.1,212.66,36173.19
2061,baby,1,0,1,0.7927,168.84,216.17,36498.04
2062,baby,1,0,1,0.821,173.39,209.8,36377.39
2063,baby,1,0,1,0.7948,170.42,222.86,37979.67
2064,baby,1,0,1,0.7983,169.21,212.58,35970.8
2065,baby,1,0,1,0.8172,168.38,210.03,35364.45
2066,baby,1,0,1,0.8187,169.88,208.7,35455.44
2067,baby,1,0,1,0.8271,171.05,209.26,35793.08
2068,baby,1,0,1,0.8257,170.22,205.95,35056.21
2069,baby,1,0,1,0.8105,173.33,215.75,37396.42
2070,baby,1,0,1,0.8411,164.57,222.62,36635.69
2071,baby,1,0,1,0.8523,167.7,210.18,35247.33
2072,baby,1,0,1,0.8415,167.62,215.56,36132.45
2073,baby,1,0,1,0.8017,172.91,210.5,36397.37
2074,baby,1,0,1,0.8305,169.79,207.62,35250.76
2075,baby,1,0,1,0.8065,170.34,207.7,35378.78
2076,baby,1,0,1,0.8273,171.96,212.96,36622.22
2077,baby,1,0,1,0.8357,167.94,209.89,35249.34
2078,baby,1,0,1,0.8161,170.98,208.96,35728.05
2079,baby,1,0,1,0.8166,170.58,212.61,36266.31
2080,baby,1,0,1,0.8202,171.52,216.78,37182.57
2081,baby,1,0,1,0.8029,171.51,220.83,37873.5
2082,baby,1,0,1,0.8315,167.81,219.4,36817.56
2083,baby,1,0,1,0.8371,185.48,221.84,41147.34
2084,baby,1,0,1,0.8563,173.51,230.41,39977.85
2085,baby,1,0,1,0.8245,174.71,221.25,38655.75
2086,baby,1,0,1,0.8397,174.33,231.15,40295.68
2087,baby,1,0,1,0.8521,164.15,226.56,37189.2
2088,baby,1,0,1,0.8425,178.35,236.58,42194.86
2089,baby,1,0,1,0.844,180.84,217.73,39374.95
2090,baby,1,0,1,0.8312,180.89,227.05,41069.47
2091,baby,1,0,1,0.8339,176.14,225.84,39779.31
2092,baby,1,0,1,0.8472,192.83,233.53,45030.45
2093,baby,1,0,1,0.8339,204.33,245.02,50064.34
2094,baby,1,0,1,0.8042,193.57,238.68,46201.54
2095,baby,1,0,1,0.8297,182.97,220.33,40313.87
2096,baby,1,0,1,0.8337,172.51,214.5,37004.42
2097,baby,1,0,1,0.7862,168.37,213.36,35924.4
2098,baby,1,0,1,0.7711,170.27,208.86,35563.86
2099,baby,1,0,1,0.7375,167.98,205.81,34572
2100,baby,1,0,1,0.7663,162.09,197.22,31968.46
2101,baby,1,0,1,0.7455,165.06,200.31,33064.58
2102,baby,1,0,1,0.7316,160.68,198.22,31849.05
2103,baby,1,0,1,0.7682,160.56,198.56,31880.81
2104,baby,1,0,1,0.786,173,209.61,36263.41
2105,baby,1,0,1,0.814,166.56,223.57,37236.65
2106,baby,1,0,1,0.8218,178.42,225.76,40279.71
2107,baby,1,0,1,0.7822,177.5,223.57,39684.89
2108,baby,1,0,1,0.7651,171.26,228.6,39149.78
2109,baby,1,0,1,0.8047,168.87,210.27,35507.23
2110,baby,1,0,1,0.7703,167.22,215.37,36013.63
2111,baby,1,0,1,0.8209,182.1,215.79,39295.17
2112,baby,1,0,1,0.821,174.48,216.27,37734.19
2113,baby,1,0,1,0.8286,173.99,220.49,38363.68
2114,baby,1,0,1,0.8248,173.36,224.32,38887.03
2115,baby,1,0,1,0.8321,177.28,222.82,39500.15
2116,baby,1,0,1,0.8309,175.03,223.49,39115.88
2117,baby,1,0,1,0.8279,176.8,227.42,40206.92
2118,baby,1,0,1,0.8307,181.31,223.85,40585.61
2119,baby,1,0,1,0.8325,169.32,217.31,36794.22
2120,baby,1,0,1,0.8188,170.18,203.25,34589.15
2121,baby,1,0,1,0.8208,168.59,215.85,36390.8
2122,baby,1,0,1,0.8453,174.26,224.92,39196.25
2123,baby,1,0,1,0.8524,178.43,225.01,40150.04
2124,baby,1,0,1,0.8554,172.46,227.91,39304.71
2125,baby,1,0,1,0.8432,170.94,224.24,38331.2
2126,baby,1,0,1,0.8372,173.02,222.78,38545.88
2127,baby,1,0,1,0.8428,173.42,225.07,39031.57
2128,baby,1,0,1,0.8228,182.48,230.66,42090.49
2129,baby,1,0,1,0.8171,181.63,225.43,40944.49
2130,baby,1,0,1,0.7816,181.05,214.71,38872.07
2131,baby,1,0,1,0.8189,180.9,220.93,39965.74
2132,none,0,0,0,0,0,0,0
2133,none,0,0,0,0,0,0,0
2134,baby,1,0,1,0.8529,169.79,220.27,37399.11
2135,baby,1,0,1,0.7954,165.69,210.36,34854.34
2136,baby,1,0,1,0.8214,167.28,230.94,38632.52
2137,baby,1,0,1,0.8433,175.68,216.12,37966.07
2138,baby,1,0,1,0.8167,165.98,199.13,33050.75
2139,baby,1,0,1,0.8132,161.63,215.94,34902.12
2140,baby,1,0,1,0.7892,163.08,211.31,34460.88
2141,baby,1,0,1,0.8336,171.23,209.63,35893.82
2142,baby,1,0,1,0.8141,166.41,216.91,36096.98
2143,baby,1,0,1,0.8372,169.13,217.33,36756.68
2144,baby,1,0,1,0.7967,194.82,231.72,45143.75
2145,baby,1,0,1,0.7838,206.3,212.44,43826.28
2146,none,0,0,0,0,0,0,0
2147,none,0,0,0,0,0,0,0
2148,none,0,0,0,0,0,0,0
2149,none,0,0,0,0,0,0,0
2150,none,0,0,0,0,0,0,0
2151,none,0,0,0,0,0,0,0
2152,none,0,0,0,0,0,0,0
2153,none,0,0,0,0,0,0,0
2154,none,0,0,0,0,0,0,0
2155,none,0,0,0,0,0,0,0
2156,none,0,0,0,0,0,0,0
2157,none,0,0,0,0,0,0,0
2158,baby,1,0,1,0.6368,223.52,265.52,59347.89
2159,none,0,0,0,0,0,0,0
2160,none,0,0,0,0,0,0,0
2161,none,0,0,0,0,0,0,0
2162,none,0,0,0,0,0,0,0
2163,none,0,0,0,0,0,0,0
2164,none,0,0,0,0,0,0,0
2165,baby,1,0,1,0.7276,283,274.19,77596.8
2166,none,0,0,0,0,0,0,0
2167,none,0,0,0,0,0,0,0
2168,baby,1,0,1,0.672,240.93,252.67,60875.42
2169,baby,1,0,1,0.8477,180.18,222.76,40135.79
2170,baby,1,0,1,0.8335,160.28,208.82,33468.28
2171,baby,1,0,1,0.8111,163.71,205.66,33668.36
2172,baby,1,0,1,0.8084,164.29,203.68,33463.07
2173,baby,1,0,1,0.8167,166.61,204.79,34119.86
2174,baby,1,0,1,0.8064,165.59,205.23,33984.93
2175,baby,1,0,1,0.8422,165.68,202.74,33589.59
2176,baby,1,0,1,0.8377,161.64,209.63,33883.43
2177,baby,1,0,1,0.8319,174.41,221.5,38630.81
2178,baby,1,0,1,0.8598,178.97,237.49,42502.78
2179,baby,1,0,1,0.8243,158.46,216.5,34307.02
2180,baby,1,0,1,0.8593,163.36,212.05,34641.26
2181,baby,1,0,1,0.8182,177.51,239.33,42484.82
2182,baby,1,0,1,0.8278,184,241.89,44507.47
2183,baby,1,0,1,0.8159,178.08,228.5,40691.33
2184,baby,1,0,1,0.826,179.38,238.2,42729.13
2185,baby,1,0,1,0.857,180.51,233.73,42191.59
2186,baby,1,0,1,0.802,189.42,228.26,43235.75
2187,baby,1,0,1,0.8258,198.4,224.79,44597.89
2188,baby,1,0,1,0.8507,193.89,239.66,46467.53
2189,baby,1,0,1,0.8306,201.58,237.26,47827.62
2190,baby,1,0,1,0.7472,205.07,216.82,44463.03
2191,baby,1,0,1,0.8271,179.88,231.57,41654.58
2192,baby,1,0,1,0.812,169.66,204.66,34722.36
2193,baby,1,0,1,0.8281,163.33,208.01,33974.42
2194,baby,1,0,1,0.815,163.68,205.97,33713.67
2195,baby,1,0,1,0.8157,161.67,203.76,32940.94
2196,baby,1,0,1,0.8278,168.08,207.56,34886.39
2197,baby,1,0,1,0.8095,165.15,203.81,33659.25
2198,baby,1,0,1,0.8041,162.72,197.23,32093.56
2199,baby,1,0,1,0.8444,164.27,199.99,32851.33
2200,baby,1,0,1,0.8069,166.76,198.95,33176.07
2201,baby,1,0,1,0.8013,165.41,205.68,34022.16
2202,baby,1,0,1,0.8014,166.92,216.1,36071.41
2203,baby,1,0,1,0.7498,200.56,226.45,45416.84
2204,baby,1,0,1,0.8202,208.4,219.52,45748.23
2205,baby,1,0,1,0.8022,184.41,228.56,42149.38
2206,baby,1,0,1,0.8038,185.68,238.22,44234.42
2207,baby,1,0,1,0.8299,199.73,232.61,46459.87
2208,baby,1,0,1,0.8228,171.94,219.7,37775.28
2209,baby,1,0,1,0.8442,175.1,216.05,37829.68
2210,baby,1,0,1,0.8449,197.71,232.31,45931.07
2211,baby,1,0,1,0.799,179.92,226.55,40760.24
2212,baby,1,0,1,0.8513,190.35,240.51,45781.48
2213,baby,1,0,1,0.8171,174.54,232.71,40617.68
2214,baby,1,0,1,0.8487,187.98,235.22,44215.52
2215,baby,1,0,1,0.8448,212.95,228.93,48749.81
2216,baby,1,0,1,0.8069,225.58,227.43,51304.19
2217,baby,1,0,1,0.8169,219.18,261.3,57272.94
2218,baby,1,0,1,0.8601,186.95,251.87,47085.95
2219,baby,1,0,1,0.7761,168.38,207.71,34974.19
2220,baby,1,0,1,0.76,171.19,214.19,36667.98
2221,baby,1,0,1,0.8053,199,237.26,47213.15
2222,baby,1,0,1,0.844,199.15,201.37,40102.85
2223,baby,1,0,1,0.85,190.17,242.54,46123.84
2224,baby,1,0,1,0.8243,181.43,228.16,41396.22
2225,baby,1,0,1,0.7694,211.88,240.31,50917.67
2226,baby,1,0,1,0.8563,195.78,219.85,43041.75
2227,baby,1,0,1,0.8264,187.61,183.48,34422.17
2228,baby,1,0,1,0.8435,175.04,233.75,40915.36
2229,baby,1,0,1,0.8329,170.42,218.6,37253.08
2230,baby,1,0,1,0.8324,168.89,204.3,34503.09
2231,baby,1,0,1,0.8208,168.25,212.7,35787.47
2232,baby,1,0,1,0.825,172.47,207.24,35742.54
2233,baby,1,0,1,0.8273,174.16,206.41,35948.05
2234,baby,1,0,1,0.8324,175.75,206.23,36244.79
2235,baby,1,0,1,0.8256,168.55,205.93,34709.26
2236,baby,1,0,1,0.816,166.32,207.11,34445.57
2237,baby,1,0,1,0.8496,166.2,208.59,34666.76
2238,baby,1,0,1,0.8496,173.61,214.46,37232.6
2239,baby,1,0,1,0.8338,174.84,221.36,38703.26
2240,baby,1,0,1,0.8183,173.2,217.1,37601.58
2241,baby,1,0,1,0.8216,176.88,218.44,38636.09
2242,baby,1,0,1,0.8399,164.43,203.31,33430.14
2243,baby,1,0,1,0.8354,167.23,211.17,35315.3
2244,baby,1,0,1,0.868,175.8,222.47,39109.05
2245,baby,1,0,1,0.8646,176.23,217.98,38414.5
2246,baby,1,0,1,0.8163,168.79,220.64,37240.68
2247,baby,1,0,1,0.8451,169.3,222.4,37650.86
2248,baby,1,0,1,0.8443,168.75,216.33,36506.21
2249,baby,1,0,1,0.8436,168.64,220.49,37183.98
2250,baby,1,0,1,0.8496,164.31,215.17,35355.76
2251,baby,1,0,1,0.8352,165.56,209.81,34736.62
2252,baby,1,0,1,0.8429,170.09,205.34,34925.44
2253,baby,1,0,1,0.8579,176.04,214.39,37741.3
2254,baby,1,0,1,0.8039,172.31,209.05,36022.25
2255,baby,1,0,1,0.8305,171.63,214.87,36876.42
2256,baby,1,0,1,0.8548,174.33,216.06,37666.36
2257,baby,1,0,1,0.8104,176.21,211.19,37213.24
2258,baby,1,0,1,0.799,161.96,197.07,31918.45
2259,baby,1,0,1,0.8024,174.2,191.24,33315.42
2260,baby,1,0,1,0.7795,169.87,191.52,32534.21
2261,baby,1,0,1,0.7143,164.57,195.25,32131.57
2262,baby,1,0,1,0.7438,168.36,206.13,34704.3
2263,baby,1,0,1,0.726,165.37,192.86,31893.49
2264,baby,1,0,1,0.7118,158.44,200.25,31727.98
2265,baby,1,0,1,0.7579,164.28,212.47,34905.05
2266,baby,1,0,1,0.6424,164.88,206.7,34081.56
2267,baby,1,0,1,0.6207,161.92,178.96,28975.93
2268,baby,1,0,1,0.8163,159.27,184.48,29381.8
2269,baby,1,0,1,0.8271,173.78,205.7,35745.14
2270,baby,1,0,1,0.8198,195.52,249.39,48760.84
2271,baby,1,0,1,0.8455,205.78,251.64,51781.92
2272,baby,1,0,1,0.8267,200.45,244.85,49078.46
2273,baby,1,0,1,0.8464,200.98,250.23,50289.31
2274,baby,1,0,1,0.8356,201.13,254.15,51116.57
2275,baby,1,0,1,0.7748,217.26,241.04,52369.73
2276,baby,1,0,1,0.8428,208.83,227.19,47443.66
2277,baby,1,0,1,0.7791,190.54,229.49,43727.8
2278,baby,1,0,1,0.8125,189.97,234.98,44639.05
2279,baby,1,0,1,0.8692,179.96,226.26,40717.56
2280,baby,1,0,1,0.8475,194.89,235.43,45881.02
2281,baby,1,0,1,0.8393,175.59,223.08,39170.57
2282,baby,1,0,1,0.8026,177.62,217.96,38715.36
2283,baby,1,0,1,0.8331,170.54,197.37,33658.53
2284,baby,1,0,1,0.8176,181.21,201.29,36476.12
2285,baby,1,0,1,0.7656,176.89,218.72,38689.64
2286,baby,1,0,1,0.8262,165.92,204.96,34005.84
2287,baby,1,0,1,0.8238,162.67,196.15,31907.35
2288,baby,1,0,1,0.8312,168.83,203.79,34405.08
2289,baby,1,0,1,0.8461,167.58,218.13,36554.65
2290,baby,1,0,1,0.8659,163.86,202.8,33231.8
2291,baby,1,0,1,0.6875,163.89,210.02,34420.79
2292,baby,1,0,1,0.7569,178.41,216.34,38596.34
2293,baby,1,0,1,0.8209,170.32,218.99,37298.64
2294,baby,1,0,1,0.8211,173.5,213.66,37070.11
2295,baby,1,0,1,0.8491,181.86,212.71,38683.5
2296,baby,1,0,1,0.8409,176.93,227.63,40274.55
2297,baby,1,0,1,0.8087,162.9,205.52,33478.89
2298,baby,1,0,1,0.8047,167.74,211.03,35398.12
2299,baby,1,0,1,0.803,167.75,204.74,34346.06
2300,baby,1,0,1,0.7983,162.37,204.06,33132.72
2301,baby,1,0,1,0.7525,164.19,202.65,33273.43
2302,baby,1,0,1,0.8073,166.17,212.29,35276.93
2303,baby,1,0,1,0.7654,163,214.47,34958.74
2304,baby,1,0,1,0.8261,182.01,216.92,39481.14
2305,baby,1,0,1,0.8429,203.82,243.12,49552.13
2306,baby,1,0,1,0.8561,196.88,238.37,46929.33
2307,baby,1,0,1,0.781,202.11,202.52,40931.85
2308,baby,1,0,1,0.845,180.56,209.44,37817.34
2309,baby,1,0,1,0.838,177.29,217.23,38511.23
2310,baby,1,0,1,0.8408,183.09,212.74,38950.11
2311,baby,1,0,1,0.841,173.97,216.69,37697.56
2312,baby,1,0,1,0.8178,170.48,217.61,37099.02
2313,baby,1,0,1,0.7747,170.96,214.04,36591.98
2314,baby,1,0,1,0.8399,176.57,226.25,39950.06
2315,baby,1,0,1,0.8453,181.01,224.28,40596.7
2316,baby,1,0,1,0.8291,177.85,231.84,41233.6
2317,baby,1,0,1,0.794,225.88,211.46,47764.25
2318,baby,1,0,1,0.7581,161.49,210.1,33928.78
2319,baby,1,0,1,0.7969,176.6,204.63,36137.98
2320,baby,1,0,1,0.8341,163.05,197.79,32250.62
2321,baby,1,0,1,0.8227,166.04,206.53,34291.89
2322,baby,1,0,1,0.8046,161.11,203.82,32836.34
2323,baby,1,0,1,0.8296,165.28,202.25,33429.07
2324,baby,1,0,1,0.8214,167.96,204.48,34345.7
2325,baby,1,0,1,0.8533,173.4,217.54,37720.91
2326,baby,1,0,1,0.8633,181.95,212.48,38660.79
2327,baby,1,0,1,0.8532,181.51,215.33,39085.52
2328,baby,1,0,1,0.8386,176.53,218.17,38513.23
2329,baby,1,0,1,0.8339,171.48,217.4,37279.55
2330,baby,1,0,1,0.8362,171.77,211.19,36277.69
2331,baby,1,0,1,0.8519,165.78,214.69,35591.66
2332,baby,1,0,1,0.8516,175.75,216.73,38090.44
2333,baby,1,0,1,0.8385,185.36,212.32,39356.64
2334,baby,1,0,1,0.8496,201.37,244.01,49136.66
2335,baby,1,0,1,0.8425,186.65,246.86,46076.23
2336,baby,1,0,1,0.8414,203.17,243.86,49544.72
2337,baby,1,0,1,0.8173,173.64,212.09,36827.47
2338,baby,1,0,1,0.8118,163.62,214.64,35119.74
2339,baby,1,0,1,0.8042,174.38,218.17,38044.08
2340,baby,1,0,1,0.816,175.16,214.31,37537.52
2341,baby,1,0,1,0.8204,168.98,212.04,35830.2
2342,baby,1,0,1,0.8356,184.97,221.38,40948.02
2343,baby,1,0,1,0.8107,169.56,209.84,35580.53
2344,baby,1,0,1,0.8073,171.48,212.84,36496.57
2345,baby,1,0,1,0.8166,169.59,206.24,34975.79
2346,baby,1,0,1,0.8491,165.45,201.01,33258.36
2347,baby,1,0,1,0.7953,169.51,186.27,31572.97
2348,baby,1,0,1,0.8039,163.95,192.07,31489.67
2349,baby,1,0,1,0.8548,155.36,200.62,31168.09
2350,baby,1,0,1,0.8537,204.6,229.82,47021.43
2351,baby,1,0,1,0.6122,227.6,273.15,62168.93
2352,baby,1,0,1,0.81,193.97,214.41,41587.45
2353,baby,1,0,1,0.8672,176.98,217.98,38577.05
2354,baby,1,0,1,0.8176,174.53,220.78,38532.78
2355,baby,1,0,1,0.871,174.99,221.93,38835.91
2356,baby,1,0,1,0.8438,179.44,218.18,39150.35
2357,baby,1,0,1,0.8297,169.74,199.46,33854.99
2358,baby,1,0,1,0.8361,169.68,200.45,34013.53
2359,baby,1,0,1,0.8348,170.42,202.53,34514.11
2360,baby,1,0,1,0.8255,162.72,202.74,32989.47
2361,baby,1,0,1,0.7927,169.6,216.76,36761.05
2362,baby,1,0,1,0.8179,167.92,196.66,33022.79
2363,baby,1,0,1,0.8399,173.97,206.11,35855.64
2364,baby,1,0,1,0.8621,175.25,222.79,39044.59
2365,baby,1,0,1,0.8235,169.37,216.55,36677.13
2366,baby,1,0,1,0.8184,165.48,214.45,35487.89
2367,baby,1,0,1,0.8604,167.95,227.21,38160.01
2368,baby,1,0,1,0.8182,175.95,207.95,36589.96
2369,baby,1,0,1,0.7999,164.26,229.94,37769.34
2370,baby,1,0,1,0.6041,190.03,235.26,44706.41
2371,baby,1,0,1,0.7972,169.62,211.63,35896.15
2372,baby,1,0,1,0.8274,172.54,211.56,36502.44
2373,baby,1,0,1,0.8412,178.51,213.62,38133.98
2374,baby,1,0,1,0.8377,188.67,222.89,42051.46
2375,baby,1,0,1,0.8485,177.33,232.99,41316.15
2376,baby,1,0,1,0.8576,169.65,228.87,38827.7
2377,baby,1,0,1,0.8681,192.27,225.89,43430.36
2378,baby,1,0,1,0.8017,187.28,228.55,42803.07
2379,baby,1,0,1,0.8293,182.87,218.56,39966.94
2380,baby,1,0,1,0.8286,170.63,211.03,36008.17
2381,baby,1,0,1,0.8038,168.83,204.71,34561.45
2382,baby,1,0,1,0.8257,178.21,207,36888.82
2383,baby,1,0,1,0.8102,167.58,191.79,32141.41
2384,baby,1,0,1,0.7237,166.39,182.73,30405.3
2385,baby,1,0,1,0.6084,164.51,178.61,29383.09
2386,baby,1,0,1,0.8251,175.55,209.48,36774.79
2387,baby,1,0,1,0.8263,174.29,210.76,36733.7
2388,baby,1,0,1,0.8416,174.73,209.29,36570.41
2389,baby,1,0,1,0.8391,179.57,214.73,38558.8
2390,baby,1,0,1,0.8312,178.89,214.95,38452.22
2391,baby,1,0,1,0.8224,168.24,212.41,35736.45
2392,baby,1,0,1,0.8335,172.87,215.96,37332.97
2393,baby,1,0,1,0.8295,174.66,217.44,37977.66
2394,baby,1,0,1,0.8255,176.21,213.01,37534.69
2395,baby,1,0,1,0.8187,168.84,208.88,35266.63
2396,baby,1,0,1,0.8351,173.96,209.12,36379.77
2397,baby,1,0,1,0.836,177.02,215.5,38147.95
2398,baby,1,0,1,0.8231,174.65,202.76,35412.15
2399,baby,1,0,1,0.8235,166.67,205.98,34331.33
2400,baby,1,0,1,0.8332,168.33,211.86,35663.63
2401,baby,1,0,1,0.8129,164.19,218.39,35857.86
2402,baby,1,0,1,0.8349,171.59,220.56,37846.77
2403,baby,1,0,1,0.8382,169.68,220.33,37386.95
2404,baby,1,0,1,0.8419,165.28,220.41,36429.25
2405,baby,1,0,1,0.8362,174.96,214.57,37540.29
2406,baby,1,0,1,0.8678,185.24,230.22,42646.5
2407,baby,1,0,1,0.8446,191.35,228.57,43735.86
2408,baby,1,0,1,0.8617,181.58,218.15,39610.49
2409,baby,1,0,1,0.8477,183.64,220.48,40488.94
2410,baby,1,0,1,0.8679,200.72,237.43,47655.92
2411,baby,1,0,1,0.8593,193.16,237.04,45788.01
2412,baby,1,0,1,0.8519,186.01,235.08,43725.34
2413,baby,1,0,1,0.7967,176.21,226.64,39937.33
2414,baby,1,0,1,0.8242,170.54,212.96,36318.79
2415,baby,1,0,1,0.8331,164.05,203.44,33374.05
2416,baby,1,0,1,0.8125,167.92,206.87,34736.59
2417,baby,1,0,1,0.8047,170.04,207.11,35218.29
2418,baby,1,0,1,0.8231,161.34,217.98,35169.41
2419,baby,1,0,1,0.8285,170.73,207.99,35510.02
2420,baby,1,0,1,0.7708,165.51,199.66,33044.62
2421,baby,1,0,1,0.8188,169.31,209.95,35547.14
2422,baby,1,0,1,0.8628,173.96,215.9,37558.53
2423,baby,1,0,1,0.842,166.89,211,35214.05
2424,baby,1,0,1,0.8349,170.98,216.97,37097.28
2425,baby,1,0,1,0.8461,169.34,214.48,36320.05
2426,baby,1,0,1,0.8378,166.33,212.08,35275.28
2427,baby,1,0,1,0.8512,169.4,207.48,35147.66
2428,baby,1,0,1,0.8542,174.18,210.66,36693.26
2429,baby,1,0,1,0.8508,166.01,209.78,34826.42
2430,baby,1,0,1,0.8506,165.99,213.62,35458.65
2431,baby,1,0,1,0.8078,165.17,210.07,34697.76
2432,baby,1,0,1,0.8281,164.29,213.68,35105.66
2433,baby,1,0,1,0.8229,168.08,201.31,33836.2
2434,baby,1,0,1,0.8386,168.82,207.71,35065.29
2435,baby,1,0,1,0.7882,178.55,219.71,39228.14
2436,baby,1,0,1,0.7804,176.85,228.37,40387.37
2437,baby,1,0,1,0.8313,170.76,220.45,37642.91
2438,baby,1,0,1,0.8407,176.62,223.54,39481.88
2439,baby,1,0,1,0.8584,178.74,230.29,41161.52
2440,baby,1,0,1,0.8241,181.43,215.81,39153.79
2441,baby,1,0,2,0.7985,174.96,236.7,41413.52
2442,baby,1,0,2,0.7325,175.73,186.39,32755.39
2443,none,0,0,0,0,0,0,0
2444,baby,1,0,1,0.737,169.91,191.45,32529.64
2445,baby,1,0,2,0.7238,166.67,196.78,32797.69
2446,baby,1,0,2,0.7239,167.33,203.94,34125.19
2447,baby,1,0,2,0.7923,139.07,230.25,32020.47
2448,baby,1,0,2,0.7696,107.83,234.36,25270.72
2449,baby,1,0,1,0.6352,167.59,199.15,33376.11
2450,baby,1,0,1,0.6668,162.89,191.28,31157.03
2451,baby,1,0,1,0.7938,158.5,199.56,31630.35
2452,baby,1,0,1,0.8396,168.2,223.06,37518.58
2453,baby,1,0,1,0.8144,174.7,217.47,37991.21
2454,baby,1,0,1,0.8274,169.35,227.2,38475.41
2455,baby,1,0,1,0.8263,170.8,236.62,40413.79
2456,baby,1,0,1,0.8194,162.25,203.96,33092.29
2457,baby,1,0,1,0.8313,162.35,234.36,38046.71
2458,baby,1,0,1,0.8257,160.8,209.7,33718.96
2459,baby,1,0,1,0.8285,161.48,208.04,33594.15
2460,baby,1,0,1,0.8381,161.7,200.23,32377.47
2461,baby,1,0,1,0.8434,149.59,216.55,32394.23
2462,baby,1,0,1,0.8296,166.79,218.94,36516.46
2463,baby,1,0,1,0.8175,190.64,227.97,43460.82
2464,baby,1,0,1,0.8483,179.36,238.77,42825.12
2465,baby,1,0,1,0.8191,196.38,224.1,44009.29
2466,baby,1,0,1,0.8448,182.55,235.6,43008.52
2467,baby,1,0,1,0.7878,155.95,220.17,34335.87
2468,baby,1,0,1,0.7082,167.29,228.7,38259.31
2469,none,0,0,0,0,0,0,0
2470,baby,1,0,1,0.8141,188.42,217.56,40993.8
2471,baby,1,0,1,0.8061,191.82,247.36,47446.98
2472,none,0,0,0,0,0,0,0
2473,baby,1,0,1,0.8216,204.56,236.15,48307.8
2474,baby,1,0,1,0.8223,170.78,214.23,36586.49
2475,baby,1,0,1,0.7627,173.66,220.05,38212.74
2476,baby,1,0,1,0.7226,165.16,198.54,32791.01
2477,baby,1,0,1,0.8137,178.06,216.57,38561.96
2478,baby,1,0,1,0.8456,185.47,213.33,39567.94
2479,baby,1,0,1,0.8703,194.19,218.58,42446.57
2480,baby,1,0,1,0.792,201.29,224.73,45236.07
2481,baby,1,0,1,0.8421,192.86,230.7,44493.4
2482,baby,1,0,1,0.8485,203.19,244.64,49707.97
2483,baby,1,0,1,0.7906,159.55,236.36,37711.87
2484,baby,1,0,1,0.8372,172.78,216.13,37342.63
2485,baby,1,0,1,0.8145,163.78,225.6,36948.27
2486,baby,1,0,1,0.8465,169.65,217.16,36840.75
2487,baby,1,0,1,0.8266,168.55,230.16,38794.53
2488,baby,1,0,1,0.8031,166.25,220.25,36615.76
2489,baby,1,0,1,0.8022,166.08,212.27,35255.57
2490,baby,1,0,1,0.8317,164.67,211.57,34839.36
2491,baby,1,0,1,0.8207,165.18,208.45,34431.46
2492,baby,1,0,1,0.8088,165,213.2,35178.92
2493,baby,1,0,1,0.8059,165.87,212.42,35234.35
2494,baby,1,0,1,0.8143,167.62,212.88,35682.98
2495,baby,1,0,1,0.8295,169.77,220.43,37423.61
2496,baby,1,0,1,0.8443,166.36,226.89,37745.78
2497,baby,1,0,1,0.7892,174.36,208.5,36355.43
2498,baby,1,0,1,0.7745,179.76,208.19,37423.16
2499,baby,1,0,1,0.7429,169.06,212.7,35959.59
2500,baby,1,0,1,0.7643,177.9,208.25,37048.1
2501,baby,1,0,1,0.7977,177.67,224.08,39813.82
2502,baby,1,0,1,0.8273,178.75,222.51,39774.95
2503,baby,1,0,1,0.8227,178.92,225.98,40432.65
2504,baby,1,0,1,0.8203,176.51,226.98,40062.64
2505,baby,1,0,1,0.8246,177.47,223.46,39656.57
2506,baby,1,0,1,0.8221,179.45,224.75,40332.65
2507,baby,1,0,1,0.8345,179.84,227.28,40875.82
2508,baby,1,0,1,0.8156,185.3,233.2,43212.21
2509,baby,1,0,1,0.8458,198.96,220.5,43870.16
2510,baby,1,0,1,0.8615,194.15,228.99,44458.44
2511,baby,1,0,1,0.8522,190.82,225.7,43069.16
2512,baby,1,0,1,0.8553,171.96,209.41,36010.95
2513,baby,1,0,1,0.8438,185.53,217.32,40318.9
2514,baby,1,0,1,0.8209,187.38,218.13,40873.62
2515,baby,1,0,1,0.8472,193.09,228.19,44060.69
2516,baby,1,0,1,0.8751,183.24,227.83,41749.07
2517,baby,1,0,1,0.8288,182.19,220.2,40118.22
2518,baby,1,0,1,0.8266,175.15,233.52,40901.25
2519,baby,1,0,1,0.8086,178.11,233.61,41608.44
2520,baby,1,0,1,0.8585,169.58,229.69,38950.01
2521,baby,1,0,1,0.7985,168.14,209.7,35258.81
2522,baby,1,0,1,0.8274,164.5,215.94,35520.69
2523,baby,1,0,1,0.8368,165.75,223.78,37091.25
2524,baby,1,0,1,0.8359,172.15,217.4,37423.73
2525,baby,1,0,1,0.7954,165.96,220.12,36530.47
2526,baby,1,0,1,0.7171,169.77,230.51,39133.29
2527,baby,1,0,1,0.6009,179.31,218.65,39206.02
2528,baby,1,0,1,0.8377,170.77,230.82,39416.73
2529,baby,1,0,1,0.8379,166.32,204.07,33939.84
2530,baby,1,0,1,0.8153,164.32,210.52,34591.76
2531,baby,1,0,1,0.8192,163.4,215.25,35170.47
2532,baby,1,0,1,0.8175,170.51,225.2,38398.67
2533,baby,1,0,1,0.8443,167.4,216.65,36267.12
2534,baby,1,0,1,0.8292,168.16,229.84,38650.49
2535,baby,1,0,1,0.8373,165.32,227.1,37543.42
2536,baby,1,0,1,0.8352,176.28,213.67,37665.89
2537,baby,1,0,1,0.8378,182.02,218.05,39690.81
2538,baby,1,0,1,0.8512,171.72,213.4,36645.97
2539,baby,1,0,1,0.8451,182.36,216.56,39492.29
2540,baby,1,0,1,0.8611,164.59,220.54,36297.45
2541,baby,1,0,1,0.833,164.39,219.22,36037.39
2542,baby,1,0,1,0.8001,167.51,214.07,35857.37
2543,baby,1,0,1,0.8247,160.85,210.28,33824.57
2544,baby,1,0,1,0.8055,184.88,233.76,43216.55
2545,baby,1,0,1,0.835,181.6,227.03,41228.5
2546,baby,1,0,1,0.8249,178.36,229.32,40901.17
2547,baby,1,0,1,0.7869,182.91,232.66,42556.17
2548,baby,1,0,1,0.8212,172.1,231.71,39878.6
2549,baby,1,0,1,0.8386,172.06,231.65,39857.32
2550,baby,1,0,1,0.8424,170.34,234.78,39990.62
2551,baby,1,0,1,0.8264,163.56,209.87,34325.49
2552,baby,1,0,1,0.7987,161.1,213.59,34408.01
2553,baby,1,0,1,0.8125,161.23,205.99,33212.73
2554,baby,1,0,1,0.7803,163.97,201.39,33021.43
2555,baby,1,0,1,0.7692,162.99,202.41,32991.44
2556,baby,1,0,1,0.8175,163.98,209.79,34401.38
2557,baby,1,0,1,0.8636,155.91,206.83,32248.37
2558,baby,1,0,1,0.8336,153.75,216.8,33333.3
2559,baby,1,0,1,0.8163,153.99,204.3,31460.57
2560,baby,1,0,1,0.8089,156.01,207.84,32426.54
2561,baby,1,0,1,0.7438,154.1,190.21,29311.99
2562,baby,1,0,1,0.7482,149.1,189.06,28189.16
2563,baby,1,0,1,0.8635,153.17,217.13,33256.69
2564,baby,1,0,1,0.7184,149.02,191.16,28487.03
2565,baby,1,0,1,0.8326,153.25,212.03,32492.41
2566,baby,1,0,1,0.807,166.1,210.46,34956.27
2567,baby,1,0,1,0.8247,155.98,214.04,33385.38
2568,baby,1,0,1,0.8621,154.96,218.17,33808.14
2569,baby,1,0,1,0.8115,154.92,196.86,30496.45
2570,baby,1,0,1,0.8089,151.51,222,33635.24
2571,baby,1,0,1,0.8206,149.14,217.01,32365.41
2572,baby,1,0,1,0.8407,141.5,211.72,29957.53
2573,baby,1,0,1,0.8118,143.89,190.86,27463.33
2574,baby,1,0,1,0.7953,146.8,192,28185.49
2575,none,0,0,0,0,0,0,0
2576,none,0,0,0,0,0,0,0
2577,baby,1,0,1,0.7249,164.41,185.03,30420.19
2578,none,0,0,0,0,0,0,0
2579,baby,1,0,1,0.8409,136.05,219.42,29851.07
2580,baby,1,0,1,0.6288,165.85,198.77,32967.32
2581,baby,1,0,1,0.8412,165.22,237.14,39178.94
2582,baby,1,0,1,0.7862,172.42,206.85,35663.99
2583,none,0,0,0,0,0,0,0
2584,none,0,0,0,0,0,0,0
2585,baby,1,0,1,0.8464,183.25,225.28,41282.42
2586,baby,1,0,1,0.6196,232.87,214.45,49938.88
2587,none,0,0,0,0,0,0,0
2588,none,0,0,0,0,0,0,0
2589,none,0,0,0,0,0,0,0
2590,baby,1,0,1,0.7052,280.68,251.34,70546.56
2591,none,0,0,0,0,0,0,0
2592,baby,1,0,1,0.6714,231.44,261.44,60509.11
2593,baby,1,0,1,0.7097,189.74,232.11,44040.24
2594,baby,1,0,1,0.7705,188.82,244.24,46118.66
2595,baby,1,0,1,0.7841,183.74,230.25,42305.28
2596,baby,1,0,1,0.8237,185.74,223.81,41571.51
2597,baby,1,0,1,0.8342,175.33,230.04,40333.18
2598,baby,1,0,1,0.8378,175.02,230,40254.19
2599,baby,1,0,1,0.7428,182.2,206.99,37712.32
2600,baby,1,0,1,0.7998,177.15,216.21,38301.72
2601,baby,1,0,1,0.8073,176.28,219.61,38713.1
2602,baby,1,0,1,0.7988,176.46,216.55,38212.36
2603,baby,1,0,1,0.755,179.96,223.3,40184.96
2604,baby,1,0,1,0.8266,182.82,236.68,43269.74
2605,baby,1,0,1,0.8324,185.57,217.99,40453.6
2606,none,0,0,0,0,0,0,0
2607,none,0,0,0,0,0,0,0
2608,baby,1,0,1,0.7779,172.88,213.37,36888.63
2609,baby,1,0,1,0.7905,154.58,216.61,33483.83
2610,baby,1,0,1,0.8225,164.44,213.04,35031.83
2611,baby,1,0,1,0.8362,172.68,211.84,36580.3
2612,baby,1,0,1,0.783,159.97,241.14,38576.21
2613,baby,1,0,1,0.6804,170.46,228.06,38875.56
2614,baby,1,0,1,0.7465,172.31,213.82,36843.16
2615,baby,1,0,1,0.7041,156.89,210.51,33027.25
2616,none,0,0,0,0,0,0,0
2617,baby,1,0,1,0.7553,153.41,190.52,29226.25
2618,none,0,0,0,0,0,0,0
2619,none,0,0,0,0,0,0,0
2620,baby,1,0,1,0.8751,163.71,221.97,36338.23
2621,baby,1,0,1,0.7587,222.3,244.1,54262.97
2622,baby,1,0,1,0.864,176.54,240.23,42410.44
2623,baby,1,0,1,0.8036,183.14,245.21,44908.56
2624,baby,1,0,1,0.8826,186.74,242.95,45368.04
2625,baby,1,0,1,0.8708,174.67,233.48,40781.67
2626,baby,1,0,1,0.8593,169.29,228.22,38636.25
2627,baby,1,0,1,0.8466,168.43,225.18,37928.69
2628,baby,1,0,1,0.8505,173.92,240.04,41748.29
2629,baby,1,0,1,0.7566,211.1,252.19,53235.62
2630,baby,1,0,1,0.6147,216.99,253.33,54969.01
2631,baby,1,0,1,0.6917,223.08,245.3,54723.09
2632,none,0,0,0,0,0,0,0
2633,none,0,0,0,0,0,0,0
2634,none,0,0,0,0,0,0,0
2635,none,0,0,0,0,0,0,0
2636,baby,1,0,1,0.7633,226.09,254.99,57652.73
2637,baby,1,0,1,0.802,206.04,232.74,47954.68
2638,baby,1,0,1,0.8149,177.91,225.21,40067.6
2639,baby,1,0,1,0.8127,172.4,221.63,38208.45
2640,baby,1,0,1,0.8614,194.13,235.51,45720.13
2641,baby,1,0,1,0.8261,179.3,239.65,42967.44
2642,baby,1,0,1,0.8383,201.96,234.01,47259.85
2643,baby,1,0,1,0.8138,196.12,211.5,41478.95
2644,baby,1,0,1,0.8649,199.62,243.76,48658.56
2645,baby,1,0,1,0.8349,176.67,223.81,39540.4
2646,baby,1,0,1,0.8214,161.6,206.88,33432.43
2647,baby,1,0,1,0.8211,175.51,213.64,37496.26
2648,baby,1,0,1,0.8388,180.88,233.11,42164.86
2649,baby,1,0,1,0.8332,178.73,230.19,41141.65
2650,baby,1,0,1,0.7504,167.8,205.26,34441.77
2651,baby,1,0,1,0.8535,166.62,223.54,37247.16
2652,baby,1,0,1,0.8525,191.13,243.21,46484.03
2653,baby,1,0,1,0.8546,206.36,243.3,50205.59
2654,baby,1,0,1,0.8164,216.25,256.82,55536.87
2655,baby,1,0,1,0.7887,208.39,266.23,55481.12
2656,baby,1,0,1,0.851,216.05,281.5,60818.4
2657,baby,1,0,1,0.7761,241.69,271.52,65624.68
2658,baby,1,0,1,0.8315,249.63,276.81,69101.07
2659,baby,1,0,1,0.7875,246,274.14,67439.12
2660,baby,1,0,1,0.8727,237.21,263.6,62528.27
2661,baby,1,0,1,0.795,255.56,234.58,59947.53
2662,none,0,0,0,0,0,0,0
2663,none,0,0,0,0,0,0,0
2664,none,0,0,0,0,0,0,0
2665,none,0,0,0,0,0,0,0
2666,none,0,0,0,0,0,0,0
2667,none,0,0,0,0,0,0,0
2668,none,0,0,0,0,0,0,0
2669,none,0,0,0,0,0,0,0
2670,none,0,0,0,0,0,0,0
2671,none,0,0,0,0,0,0,0
2672,none,0,0,0,0,0,0,0
2673,none,0,0,0,0,0,0,0
2674,none,0,0,0,0,0,0,0
2675,none,0,0,0,0,0,0,0
2676,none,0,0,0,0,0,0,0
2677,none,0,0,0,0,0,0,0
2678,none,0,0,0,0,0,0,0
2679,baby,1,0,1,0.612,96.81,554.92,53723.13
2680,none,0,0,0,0,0,0,0
2681,baby,1,0,1,0.7635,97.39,211.73,20621.11
2682,none,0,0,0,0,0,0,0
2683,baby,1,0,1,0.7161,181.35,216.49,39260.59
2684,baby,1,0,1,0.7145,183.4,211.68,38823.15
2685,baby,1,0,1,0.8027,178.57,213.68,38156.97
2686,baby,1,0,1,0.7576,187.67,201.96,37902.57
2687,baby,1,0,1,0.7798,190.28,210.52,40058.1
2688,baby,1,0,1,0.7534,180.41,209.01,37707.18
2689,baby,1,0,1,0.7561,184.66,212.94,39322.26
2690,baby,1,0,1,0.8028,185.1,211.84,39211.79
2691,none,0,0,0,0,0,0,0
2692,none,0,0,0,0,0,0,0
2693,none,0,0,0,0,0,0,0
2694,none,0,0,0,0,0,0,0
2695,none,0,0,0,0,0,0,0
2696,none,0,0,0,0,0,0,0
2697,none,0,0,0,0,0,0,0
2698,none,0,0,0,0,0,0,0
2699,none,0,0,0,0,0,0,0
2700,none,0,0,0,0,0,0,0
2701,none,0,0,0,0,0,0,0
2702,none,0,0,0,0,0,0,0
2703,none,0,0,0,0,0,0,0
2704,none,0,0,0,0,0,0,0
2705,none,0,0,0,0,0,0,0
2706,none,0,0,0,0,0,0,0
2707,none,0,0,0,0,0,0,0
2708,none,0,0,0,0,0,0,0
2709,none,0,0,0,0,0,0,0
2710,none,0,0,0,0,0,0,0
2711,none,0,0,0,0,0,0,0
2712,none,0,0,0,0,0,0,0
2713,none,0,0,0,0,0,0,0
2714,none,0,0,0,0,0,0,0
2715,none,0,0,0,0,0,0,0
2716,none,0,0,0,0,0,0,0
2717,none,0,0,0,0,0,0,0
2718,none,0,0,0,0,0,0,0
2719,none,0,0,0,0,0,0,0
2720,none,0,0,0,0,0,0,0
2721,none,0,0,0,0,0,0,0
2722,none,0,0,0,0,0,0,0
2723,none,0,0,0,0,0,0,0
2724,none,0,0,0,0,0,0,0
2725,none,0,0,0,0,0,0,0
2726,none,0,0,0,0,0,0,0
2727,none,0,0,0,0,0,0,0
2728,none,0,0,0,0,0,0,0
2729,none,0,0,0,0,0,0,0
2730,none,0,0,0,0,0,0,0
2731,none,0,0,0,0,0,0,0
2732,none,0,0,0,0,0,0,0
2733,none,0,0,0,0,0,0,0
2734,none,0,0,0,0,0,0,0
2735,none,0,0,0,0,0,0,0
2736,none,0,0,0,0,0,0,0
2737,none,0,0,0,0,0,0,0
2738,none,0,0,0,0,0,0,0
2739,none,0,0,0,0,0,0,0
2740,none,0,0,0,0,0,0,0
2741,none,0,0,0,0,0,0,0
2742,none,0,0,0,0,0,0,0
2743,none,0,0,0,0,0,0,0
2744,none,0,0,0,0,0,0,0
2745,none,0,0,0,0,0,0,0
2746,none,0,0,0,0,0,0,0
2747,none,0,0,0,0,0,0,0
2748,none,0,0,0,0,0,0,0
2749,none,0,0,0,0,0,0,0
2750,none,0,0,0,0,0,0,0
2751,none,0,0,0,0,0,0,0
2752,none,0,0,0,0,0,0,0
2753,none,0,0,0,0,0,0,0
2754,none,0,0,0,0,0,0,0
2755,none,0,0,0,0,0,0,0
2756,none,0,0,0,0,0,0,0
2757,none,0,0,0,0,0,0,0
2758,none,0,0,0,0,0,0,0
2759,none,0,0,0,0,0,0,0
2760,none,0,0,0,0,0,0,0
2761,none,0,0,0,0,0,0,0
2762,none,0,0,0,0,0,0,0
2763,none,0,0,0,0,0,0,0
2764,none,0,0,0,0,0,0,0
2765,none,0,0,0,0,0,0,0
2766,none,0,0,0,0,0,0,0
2767,none,0,0,0,0,0,0,0
2768,none,0,0,0,0,0,0,0
2769,none,0,0,0,0,0,0,0
2770,none,0,0,0,0,0,0,0
2771,none,0,0,0,0,0,0,0
2772,none,0,0,0,0,0,0,0
2773,none,0,0,0,0,0,0,0
2774,none,0,0,0,0,0,0,0
2775,none,0,0,0,0,0,0,0
2776,none,0,0,0,0,0,0,0
2777,none,0,0,0,0,0,0,0
2778,none,0,0,0,0,0,0,0
2779,none,0,0,0,0,0,0,0
2780,none,0,0,0,0,0,0,0
2781,none,0,0,0,0,0,0,0
2782,none,0,0,0,0,0,0,0
2783,none,0,0,0,0,0,0,0
2784,none,0,0,0,0,0,0,0
2785,none,0,0,0,0,0,0,0
2786,none,0,0,0,0,0,0,0
2787,none,0,0,0,0,0,0,0
2788,none,0,0,0,0,0,0,0
2789,none,0,0,0,0,0,0,0
2790,none,0,0,0,0,0,0,0
2791,none,0,0,0,0,0,0,0
2792,none,0,0,0,0,0,0,0
2793,none,0,0,0,0,0,0,0
2794,none,0,0,0,0,0,0,0
2795,none,0,0,0,0,0,0,0
2796,none,0,0,0,0,0,0,0
2797,none,0,0,0,0,0,0,0
2798,none,0,0,0,0,0,0,0
2799,none,0,0,0,0,0,0,0
2800,baby,1,1,1,0.8654,206.01,466.61,96127.94
2801,none,0,0,0,0,0,0,0
2802,empty_seat,0,1,0,0.6897,299.15,375.87,112442.39
2803,baby,1,1,1,0.827,182.17,134.18,24444.33
2804,empty_seat,0,1,0,0.7505,362.54,324.23,117548.3
2805,none,0,0,0,0,0,0,0
2806,baby,1,0,1,0.7856,270.41,291.11,78719.41
2807,baby,1,0,1,0.8407,200.11,269.44,53917.01
2808,baby,1,0,1,0.8332,189.19,222.65,42122.4
2809,baby,1,0,1,0.775,191.66,216.46,41487.74
2810,baby,1,0,1,0.8032,181.14,225.08,40770.81
2811,baby,1,0,1,0.8507,180.44,229.94,41491.22
2812,baby,1,0,1,0.8294,184.45,215.38,39726.67
2813,baby,1,0,1,0.8659,188.1,245.48,46176.64
2814,baby,1,0,1,0.859,189.38,246.32,46647.04
2815,baby,1,0,1,0.8436,205.52,251.25,51637.02
2816,baby,1,0,1,0.8658,192.49,249,47929.54
2817,baby,1,0,1,0.8667,184.73,249.41,46072
2818,baby,1,0,1,0.8662,189.31,248.69,47079.22
2819,baby,1,0,1,0.8675,192.81,245.89,47410.68
2820,baby,1,0,1,0.8676,190.65,249.42,47550.43
2821,baby,1,0,1,0.8647,188.22,246.2,46338.53
2822,baby,1,0,1,0.8577,187.91,239.32,44971.65
2823,baby,1,0,1,0.8344,181.88,239.95,43641.92
2824,baby,1,0,1,0.839,181.58,241.65,43877.23
2825,baby,1,0,1,0.8229,173.81,231.08,40163.65
2826,baby,1,0,1,0.8339,172.45,222.09,38299.32
2827,baby,1,0,1,0.8047,179.99,216.65,38994.34
2828,baby,1,0,1,0.8219,179.8,218.52,39290.16
2829,baby,1,0,1,0.8236,180.91,219.96,39792.51
2830,baby,1,0,1,0.8201,171.75,236.67,40647.76
2831,baby,1,0,1,0.83,165.72,229.94,38107.48
2832,baby,1,0,1,0.8421,179.25,235.05,42132.78
2833,none,0,0,0,0,0,0,0
2834,none,0,0,0,0,0,0,0
2835,baby,1,0,1,0.8444,178.56,239.17,42706.77
2836,baby,1,0,1,0.8277,177.54,222.59,39518.31
2837,baby,1,0,1,0.7743,176.81,246.22,43535.14
2838,baby,1,0,1,0.786,177.89,255.39,45431.26
2839,baby,1,0,1,0.8332,186.8,244.91,45748.99
2840,baby,1,0,1,0.8287,190.6,245.47,46787.05
2841,baby,1,0,1,0.8357,184.56,229.96,42441.55
2842,baby,1,0,1,0.8473,186.9,238.29,44538.08
2843,baby,1,0,1,0.8576,184.2,239.62,44138.24
2844,baby,1,0,1,0.8388,181.61,230.55,41870.35
2845,baby,1,0,1,0.8411,178.05,233.81,41631.13
2846,baby,1,0,1,0.8441,186.23,240.16,44724.63
2847,baby,1,0,1,0.8394,181.76,238.29,43312.75
2848,baby,1,0,1,0.8247,180.32,233.69,42140.14
2849,baby,1,0,1,0.8398,181.82,232.13,42207.27
2850,baby,1,0,1,0.8417,184.67,239.96,44314.2
2851,baby,1,0,1,0.8429,192.45,236.36,45487.69
2852,baby,1,0,1,0.8504,183.89,229.78,42253.76
2853,baby,1,0,1,0.8402,179.41,233.81,41946.26
2854,baby,1,0,1,0.8398,187.01,236.3,44189.07
2855,baby,1,0,1,0.8504,179.38,233.15,41821.85
2856,baby,1,0,1,0.8423,178.94,238.27,42635.54
2857,baby,1,0,1,0.8611,178.93,238.08,42600.01
2858,baby,1,0,1,0.8408,185.33,218.69,40529.96
2859,baby,1,0,1,0.8579,183.44,232.19,42591.04
2860,baby,1,0,1,0.8605,184.26,234.49,43206.25
2861,baby,1,0,1,0.8427,196.25,230.46,45228.49
2862,baby,1,0,1,0.8212,188.48,217.74,41040.04
2863,baby,1,0,1,0.812,184.48,218.29,40270.13
2864,baby,1,0,1,0.8503,172.88,225.73,39024.66
2865,baby,1,0,1,0.8336,189.57,227.86,43193.87
2866,baby,1,0,1,0.8303,179.42,225.47,40455.3
2867,baby,1,0,1,0.8495,178.59,237.49,42411.44
2868,baby,1,0,1,0.8455,181.85,234.57,42656.83
2869,baby,1,0,1,0.8463,176.48,229.77,40551.08
2870,baby,1,0,1,0.8119,172.97,235.16,40676.32
2871,baby,1,0,1,0.7967,182.41,214.73,39169.45
2872,baby,1,0,1,0.8575,182.62,227.45,41537.09
2873,baby,1,0,1,0.8449,174.69,231.13,40377.31
2874,baby,1,0,1,0.8107,174.98,244.46,42776
2875,baby,1,0,1,0.8344,185.32,237.31,43977.25
2876,baby,1,0,1,0.8506,178.45,232.47,41484.01
2877,baby,1,0,1,0.8386,188.45,221.84,41807.52
2878,baby,1,0,1,0.7933,169.59,227.94,38656.41
2879,baby,1,0,1,0.8231,164.19,224.63,36880.95
2880,baby,1,0,1,0.8433,177.92,227.51,40479.45
2881,baby,1,0,1,0.7931,181.94,216.14,39325.1
2882,baby,1,0,1,0.8317,180.79,222.33,40193.47
2883,baby,1,0,1,0.8614,173.51,222.72,38645.97
2884,baby,1,0,1,0.8471,173.74,229.89,39941.47
2885,baby,1,0,1,0.8261,178.12,231.38,41212.07
2886,baby,1,0,1,0.8356,182.25,239.52,43651.82
2887,baby,1,0,1,0.8365,184.46,231.93,42780.96
2888,baby,1,0,1,0.8384,177.68,226.37,40222.11
2889,baby,1,0,1,0.8093,173.36,246.1,42662.83
2890,baby,1,0,1,0.7973,164.54,215.7,35490.66
2891,baby,1,0,1,0.8074,174.65,218.57,38172.41
2892,baby,1,0,1,0.8116,174.56,223.56,39024.82
2893,baby,1,0,1,0.8087,177.7,210.31,37371.58
2894,baby,1,0,1,0.8071,193.81,199.68,38700.74
2895,baby,1,0,1,0.74,195.1,202.77,39559.54
2896,baby,1,0,1,0.8274,194.96,233.02,45429.99
2897,baby,1,0,1,0.7946,184.76,232.96,43040.65
2898,baby,1,0,1,0.8356,210.95,227.79,48052.66
2899,baby,1,0,1,0.78,194.17,228.85,44436.09
2900,baby,1,0,1,0.8634,185.63,241.36,44804.17
2901,baby,1,0,1,0.8671,184.23,245.74,45270.96
2902,baby,1,0,1,0.8101,198.36,245.3,48657.66
2903,baby,1,0,1,0.859,199.2,244.67,48738.78
2904,baby,1,0,1,0.8391,196.83,244.39,48102.69
2905,baby,1,0,1,0.8179,192.23,251.41,48327.85
2906,baby,1,0,1,0.8354,173.26,229.11,39695.75
2907,baby,1,0,1,0.8382,173.88,224.5,39036.33
2908,baby,1,0,1,0.8484,168.66,209.67,35364.27
2909,baby,1,0,1,0.8413,173.16,239.8,41522.58
2910,baby,1,0,1,0.8518,180.92,228.36,41315.23
2911,baby,1,0,1,0.8509,188.54,249.46,47031.95
2912,baby,1,0,1,0.8148,176,248.62,43758.32
2913,baby,1,0,1,0.8368,166.22,230.88,38377.81
2914,baby,1,0,1,0.8589,183.44,236.46,43376.96
2915,baby,1,0,1,0.8577,181.96,231.33,42092.62
2916,baby,1,0,1,0.8572,189.19,239.98,45400.82
2917,baby,1,0,1,0.8519,186.32,224.19,41772.76
2918,baby,1,0,1,0.8627,185.16,227.11,42052.41
2919,baby,1,0,1,0.8541,174.93,222.91,38992.39
2920,baby,1,0,1,0.847,173.59,221.58,38465.49
2921,baby,1,0,1,0.8368,173.18,219.88,38078.63
2922,baby,1,0,1,0.839,173.94,215.7,37517.71
2923,baby,1,0,1,0.8552,169.5,219.37,37181.68
2924,baby,1,0,1,0.8477,168.76,220.54,37218.55
2925,baby,1,0,1,0.8711,176.35,236.53,41711.41
2926,baby,1,0,1,0.8635,211.24,274.54,57995.87
2927,baby,1,0,1,0.8508,198.01,260.53,51588
2928,baby,1,0,1,0.8411,186.38,245.49,45753.66
2929,baby,1,0,1,0.7891,175.84,242.57,42653.49
2930,baby,1,0,1,0.8216,179.5,213.52,38327.41
2931,baby,1,0,1,0.8255,178.67,229.89,41074.12
2932,baby,1,0,1,0.8667,179.01,240.67,43081.61
2933,baby,1,0,1,0.8379,178.27,229.81,40969.69
2934,baby,1,0,1,0.8631,181.16,227.89,41284.07
2935,baby,1,0,1,0.8062,184.86,234.68,43383.38
2936,baby,1,0,1,0.8458,192.47,239.55,46105.79
2937,baby,1,0,1,0.8408,173.68,230.83,40090.56
2938,baby,1,0,1,0.8573,178.45,234.07,41769.17
2939,baby,1,0,1,0.8412,178.4,226.2,40352.81
2940,baby,1,0,1,0.862,169.9,225.76,38356.75
2941,baby,1,0,1,0.844,175.25,227.58,39882.48
2942,baby,1,0,1,0.8542,194.48,250.53,48722.61
2943,baby,1,0,1,0.861,193.45,247.5,47878.87
2944,baby,1,0,1,0.8483,193.3,248.54,48042.31
2945,baby,1,0,1,0.8411,176.96,236.79,41903.96
2946,baby,1,0,1,0.8588,179.58,227.18,40797.36
2947,baby,1,0,1,0.8563,180.59,238.77,43117.51
2948,baby,1,0,1,0.8456,177.6,228.95,40661.94
2949,baby,1,0,1,0.8457,183.57,237.35,43569.54
2950,baby,1,0,1,0.8501,170.86,230.71,39418.52
2951,baby,1,0,1,0.8524,181.55,228.41,41466.16
2952,baby,1,0,1,0.8627,184.31,223.29,41155.93
2953,baby,1,0,1,0.833,182.52,232.42,42421.76
2954,baby,1,0,1,0.8324,182.63,223.49,40816.03
2955,baby,1,0,1,0.846,195.12,236.02,46052.62
2956,baby,1,0,1,0.8092,160.42,226.44,36325.77
2957,baby,1,0,1,0.8386,159.28,217.88,34703.47
2958,baby,1,0,1,0.8236,151.44,220.54,33397.15
2959,baby,1,0,1,0.7551,149.27,208.59,31136.59
2960,baby,1,0,1,0.8106,148.82,221.45,32956.78
2961,baby,1,0,1,0.813,152.59,222.92,34016.18
2962,baby,1,0,1,0.8378,152.01,218.26,33178.05
2963,baby,1,0,1,0.8099,151.74,227.42,34507.8
2964,baby,1,0,1,0.8052,148.54,214.54,31867.75
2965,baby,1,0,1,0.8164,147.81,243.15,35941.14
2966,baby,1,0,1,0.811,149.16,219.76,32780.15
2967,baby,1,0,1,0.7702,152.47,227.91,34750.98
2968,baby,1,0,1,0.7943,144.09,235.89,33989.98
2969,baby,1,0,1,0.7915,145.18,213.99,31065.79
2970,baby,1,0,1,0.7594,137.32,207.97,28557.68
2971,baby,1,0,1,0.7763,154.84,210.57,32605.81
2972,baby,1,0,1,0.7785,143.41,200.34,28729.73
2973,baby,1,0,1,0.7835,146.33,200.4,29324.81
2974,baby,1,0,1,0.7512,143.89,185.34,26667.36
2975,baby,1,0,1,0.7985,149.76,211.13,31619.77
2976,baby,1,0,1,0.7723,152.06,195,29650.26
2977,baby,1,0,1,0.8186,151.61,206.26,31271.11
2978,baby,1,0,1,0.818,147.73,217.72,32165.1
2979,baby,1,0,1,0.7787,151.54,202.44,30677.74
2980,baby,1,0,1,0.7836,146.98,209.46,30785.79
2981,baby,1,0,1,0.7854,147.4,211.72,31206.37
2982,baby,1,0,1,0.7682,146.13,211.53,30910.97
2983,baby,1,0,1,0.7806,149.92,216.3,32426.75
2984,baby,1,0,1,0.7969,144.48,242.55,35044.33
2985,baby,1,0,1,0.8095,144.85,202.68,29356.75
2986,baby,1,0,1,0.7846,148.38,217.07,32209.43
2987,baby,1,0,1,0.7478,146.35,242.87,35544.12
2988,baby,1,0,1,0.7433,145.88,233.5,34061.53
2989,baby,1,0,1,0.7845,150.02,195.22,29286.71
2990,baby,1,0,1,0.8206,151.58,216,32741.33
2991,baby,1,0,1,0.8128,145.57,205.8,29959.25
2992,baby,1,0,1,0.7661,148.88,210.53,31343.77
2993,baby,1,0,1,0.7669,138.46,210.11,29090.64
2994,baby,1,0,1,0.7714,144.94,226.43,32820.37
2995,baby,1,0,1,0.7826,143.73,209.64,30131.65
2996,baby,1,0,1,0.7716,147.31,208.36,30694.61
2997,baby,1,0,1,0.7457,150.81,206.1,31083.35
2998,baby,1,0,1,0.7818,150.22,213.54,32076.38
2999,baby,1,0,1,0.8194,152.57,206.56,31515.37
3000,baby,1,0,1,0.7535,144.34,207.32,29925.52
3001,baby,1,0,1,0.7812,138.47,204.78,28355.37
3002,baby,1,0,1,0.7575,146.4,200.36,29333.23
3003,baby,1,0,1,0.7343,155.19,194.77,30225.74
3004,baby,1,0,1,0.7443,151.55,202.83,30738.27
3005,baby,1,0,1,0.7518,149.56,197.1,29478.54
3006,baby,1,0,2,0.7667,144.23,202.03,29139.42
3007,baby,1,0,1,0.7678,141.7,206.46,29255.45
3008,baby,1,0,1,0.7849,147.5,200.55,29581.32
3009,baby,1,0,1,0.8112,148.73,203.31,30239.1
3010,baby,1,0,1,0.7792,152.33,200.58,30554.37
3011,baby,1,0,1,0.7819,150.68,196.11,29549.53
3012,baby,1,0,1,0.7577,146.59,194,28438.76
3013,baby,1,0,1,0.7531,152.84,198.48,30334.05
3014,baby,1,0,1,0.8185,154.4,200.37,30935.8
3015,baby,1,0,1,0.8103,151.01,200.73,30311.78
3016,baby,1,0,1,0.7973,156.54,210.08,32886.11
3017,baby,1,0,1,0.8223,157.03,208.45,32731.39
3018,baby,1,0,1,0.7743,166.52,213.97,35631.84
3019,baby,1,0,1,0.8196,143.69,201.14,28901.89
3020,baby,1,0,1,0.751,147.87,187.57,27736.01
3021,baby,1,0,1,0.7766,150.55,207.78,31280.82
3022,baby,1,0,1,0.7893,148.13,200.83,29749.48
3023,baby,1,0,1,0.7739,157.05,202.77,31844.02
3024,baby,1,0,1,0.781,151.47,203.59,30837.63
3025,baby,1,0,1,0.8032,151.24,197.89,29928.89
3026,baby,1,0,1,0.7755,159.21,200.95,31993.5
3027,baby,1,0,1,0.7285,163.37,190.01,31042.27
3028,baby,1,0,1,0.6954,136.89,187.2,25626.13
3029,baby,1,0,1,0.7869,154.43,198.74,30691.7
3030,baby,1,0,1,0.7909,145.65,192.24,28000.27
3031,baby,1,0,1,0.7994,144.95,203.67,29521.99
3032,baby,1,0,1,0.7479,132.92,194.4,25839.55
3033,baby,1,0,1,0.7464,130.73,178.38,23320.35
3034,baby,1,0,1,0.8159,142.82,198.26,28316.07
3035,baby,1,0,1,0.7961,140.75,196.8,27700.73
3036,baby,1,0,1,0.8204,143.11,192.6,27563.07
3037,baby,1,0,1,0.8209,146.03,205.37,29990.41
3038,baby,1,0,1,0.8271,147.3,196.91,29005.29
3039,baby,1,0,1,0.8111,150.74,199.34,30049.78
3040,baby,1,0,1,0.7976,154.41,198.2,30602.87
3041,baby,1,0,1,0.8212,154.79,203.24,31458.43
3042,baby,1,0,1,0.8118,150.14,203.39,30538.04
3043,baby,1,0,1,0.834,147.91,196.28,29031.85
3044,baby,1,0,1,0.8248,145.89,197.89,28870.23
3045,baby,1,0,1,0.8285,144.92,197.84,28670.8
3046,baby,1,0,1,0.8401,145.4,197.52,28719.89
3047,baby,1,0,1,0.8327,145.16,196.93,28587.23
3048,baby,1,0,1,0.7952,142.58,201.97,28796.71
3049,baby,1,0,1,0.8249,145.5,197.08,28676.18
3050,baby,1,0,1,0.8248,147.73,197.26,29141.43
3051,baby,1,0,1,0.8207,144.4,197.92,28580.41
3052,baby,1,0,1,0.8208,141.58,195.94,27740.2
3053,baby,1,0,1,0.7876,143.83,207.66,29867.73
3054,baby,1,0,1,0.7781,152.57,198.35,30261.14
3055,baby,1,0,1,0.8429,148.55,208.46,30966.69
3056,baby,1,0,1,0.8234,142.28,206.33,29357.26
3057,baby,1,0,1,0.8412,147.78,202.15,29873.88
3058,baby,1,0,1,0.8219,142.01,200.51,28474.92
3059,baby,1,0,1,0.7735,175.53,206.09,36174.36
3060,baby,1,0,1,0.7194,208.63,196.65,41026.55
3061,baby,1,0,1,0.8042,167.07,196.36,32805.74
3062,baby,1,0,1,0.8183,149.49,198.22,29632.21
3063,baby,1,0,1,0.8247,146.25,197.96,28951.53
3064,baby,1,0,1,0.7953,157.7,196.89,31049.04
3065,baby,1,0,1,0.7865,159.83,192.38,30747.55
3066,baby,1,0,1,0.801,154.71,210.49,32565.42
3067,baby,1,0,1,0.8292,145.74,193.8,28245.39
3068,baby,1,0,1,0.7675,167.67,197.47,33109.39
3069,baby,1,0,1,0.7954,159.05,205.96,32756.65
3070,baby,1,0,1,0.775,149.14,202.98,30272.37
3071,baby,1,0,1,0.772,153.47,210.04,32234.3
3072,baby,1,0,1,0.753,153.85,201.99,31076.3
3073,baby,1,0,1,0.7777,151.23,201.42,30460.45
3074,baby,1,0,1,0.8024,145.57,212.21,30892.22
3075,baby,1,0,1,0.8541,190.03,228.48,43416.91
3076,baby,1,0,1,0.845,197.74,230.66,45611.34
3077,baby,1,0,1,0.829,208.57,213.96,44627.43
3078,baby,1,0,1,0.8363,216.31,241.27,52190.6
3079,baby,1,0,1,0.8548,211.35,252.5,53366.23
3080,baby,1,0,1,0.8393,207.26,227.72,47196.45
3081,baby,1,0,1,0.8273,207.61,232.36,48240.05
3082,baby,1,0,1,0.8199,201.99,233.36,47137.94
3083,baby,1,0,1,0.8234,188.91,226.1,42712.6
3084,baby,1,0,1,0.8177,197.38,228.67,45134.56
3085,baby,1,0,1,0.7608,189.05,205.44,38836.95
3086,baby,1,0,1,0.8402,187.9,233.82,43935.07
3087,baby,1,0,1,0.8166,170.2,215.17,36621.67
3088,baby,1,0,1,0.8144,161.77,200.42,32422.21
3089,baby,1,0,1,0.8391,152.87,204.74,31299.08
3090,baby,1,0,1,0.7801,145.95,209.35,30554.87
3091,baby,1,0,1,0.8,153.06,209,31989.77
3092,baby,1,0,1,0.8051,157.11,210.84,33126.43
3093,baby,1,0,1,0.7534,165.6,197.68,32736.63
3094,baby,1,0,1,0.6846,154.65,199.78,30897.09
3095,baby,1,0,1,0.7927,139.38,186.06,25932.86
3096,baby,1,0,1,0.7937,138.17,192.98,26664.36
3097,baby,1,0,1,0.7768,127.26,188.28,23960.95
3098,baby,1,0,1,0.7943,130.66,190.42,24880.66
3099,baby,1,0,1,0.8265,138.15,191.2,26414.43
3100,baby,1,0,1,0.8084,135.11,193.85,26191.5
3101,baby,1,0,1,0.7958,135.22,191.51,25895.41
3102,baby,1,0,1,0.7241,131.99,209.29,27624.61
3103,baby,1,0,1,0.7961,139.1,179.98,25034.18
3104,baby,1,0,1,0.7223,139.28,205.86,28671.26
3105,baby,1,0,1,0.7407,143.7,203.95,29307.6
3106,baby,1,0,1,0.7278,137.78,197.36,27192.33
3107,baby,1,0,1,0.7355,139.23,183.5,25548.32
3108,baby,1,0,1,0.7894,136.88,199.35,27286.47
3109,baby,1,0,1,0.7863,148.84,201.55,29998.14
3110,baby,1,0,1,0.7433,129.53,197.67,25603.18
3111,baby,1,0,1,0.7313,134.48,204.61,27515.21
3112,baby,1,0,1,0.6093,141.24,210.99,29799.95
3113,baby,1,0,1,0.7494,137.68,215.87,29721.72
3114,baby,1,0,1,0.7115,143.63,205.59,29527.86
3115,baby,1,0,1,0.7267,138.29,194.56,26905.31
3116,baby,1,0,1,0.7238,135.55,198.52,26909.08
3117,baby,1,0,1,0.7268,134.53,201.57,27116.54
3118,baby,1,0,1,0.7398,134.7,199.01,26805.55
3119,baby,1,0,1,0.7672,134.63,190.97,25710.03
3120,baby,1,0,1,0.7527,136.01,177.6,24154.23
3121,baby,1,0,1,0.7802,131.98,178.36,23539.36
3122,baby,1,0,1,0.7597,132.56,179.28,23765.03
3123,baby,1,0,1,0.7596,132.94,178.39,23714.75
3124,baby,1,0,1,0.6982,134.34,210.82,28322.73
3125,baby,1,0,1,0.7221,133.36,206.01,27473.82
3126,baby,1,0,1,0.7265,133.87,180.4,24150.55
3127,baby,1,0,1,0.8025,137.06,186.67,25584.92
3128,baby,1,0,1,0.8261,142.31,188.18,26780.04
3129,baby,1,0,1,0.7998,147.09,184.35,27115.85
3130,baby,1,0,1,0.8207,143.6,182.03,26139.87
3131,baby,1,0,1,0.7955,149.8,181.78,27230.09
3132,baby,1,0,1,0.8097,142.65,183.94,26239.51
3133,baby,1,0,1,0.6635,148.12,196.84,29154.59
3134,none,0,0,0,0,0,0,0
3135,baby,1,0,1,0.663,149.12,215.86,32187.88
3136,baby,1,0,1,0.798,134.31,189.79,25491.24
3137,baby,1,0,1,0.7953,133.57,192.17,25668.13
3138,baby,1,0,1,0.7333,128.8,186.07,23966.02
3139,baby,1,0,1,0.7769,134,186.02,24926.25
3140,baby,1,0,1,0.7882,135.28,186.35,25209.47
3141,baby,1,0,1,0.821,128.5,178.93,22991.49
3142,baby,1,0,1,0.7932,129.25,189.54,24498.46
3143,baby,1,0,1,0.8176,131.56,208.41,27417.97
3144,baby,1,0,1,0.7965,133.4,199.8,26653.32
3145,baby,1,0,1,0.7706,132.47,212.87,28200.57
3146,baby,1,0,1,0.7791,127.39,206.65,26326.1
3147,baby,1,0,1,0.7467,126.2,187.1,23612.16
3148,baby,1,0,1,0.7844,132.29,200.01,26458.99
3149,baby,1,0,1,0.8059,141.43,184.1,26037.59
3150,baby,1,0,1,0.7568,142.91,182.72,26111.98
3151,baby,1,0,1,0.7616,142.35,191.89,27316.37
3152,baby,1,0,1,0.7435,156.08,186.69,29138.8
3153,baby,1,0,1,0.7888,128.91,182.99,23588.71
3154,baby,1,0,1,0.8113,128.58,181.03,23276.25
3155,baby,1,0,1,0.8141,133.13,188.68,25119.85
3156,baby,1,0,1,0.7674,136.85,181.71,24867.52
3157,baby,1,0,1,0.8081,135.14,189.25,25575.76
3158,baby,1,0,1,0.7898,135.5,185.42,25125.64
3159,baby,1,0,1,0.8003,134.11,194.51,26086.28
3160,baby,1,0,1,0.8237,137.22,194.33,26665.72
3161,baby,1,0,1,0.7995,129.82,192.11,24939.55
3162,baby,1,0,1,0.8092,147.83,188.66,27889.36
3163,baby,1,0,1,0.805,135.8,190.59,25882.4
3164,baby,1,0,1,0.8177,132.94,192.12,25539.14
3165,baby,1,0,1,0.8304,134.55,195.46,26299.2
3166,baby,1,0,1,0.7947,142.87,194.72,27820.64
3167,baby,1,0,1,0.7967,144.34,193.51,27931.65
3168,baby,1,0,1,0.8104,138.44,190.17,26326.65
3169,baby,1,0,1,0.7944,132.36,199.61,26420.03
3170,baby,1,0,1,0.8324,132.03,195.75,25844.57
3171,baby,1,0,1,0.7606,141.89,182.19,25849.81
3172,baby,1,0,1,0.7794,142.99,188.98,27022.65
3173,baby,1,0,1,0.8002,138.28,190.82,26385.47
3174,baby,1,0,1,0.8186,135.02,188.2,25410.96
3175,baby,1,0,1,0.8088,152.99,194.24,29716.75
3176,baby,1,0,1,0.8112,151.01,203.2,30686.48
3177,baby,1,0,1,0.8131,150.19,193.87,29118.33
3178,baby,1,0,1,0.8185,148.59,194.12,28845.31
3179,baby,1,0,1,0.7825,129.37,187.2,24218.94
3180,baby,1,0,1,0.7271,141.11,197.03,27802.81
3181,baby,1,0,1,0.732,137.27,203.83,27979.67
3182,baby,1,0,1,0.6924,138.02,202.5,27948.51
3183,baby,1,0,1,0.703,140.18,203.71,28556.67
3184,baby,1,0,1,0.7197,144.15,193.33,27868.07
3185,baby,1,0,1,0.7326,142.8,204.86,29255.13
3186,baby,1,0,1,0.725,144.67,210.11,30395.26
3187,baby,1,0,1,0.7088,146.53,186.22,27286.89
3188,baby,1,0,1,0.6714,147.36,183.85,27093.24
3189,baby,1,0,1,0.7095,142.11,202.15,28727.76
3190,baby,1,0,1,0.7285,144.71,201.56,29167.74
3191,baby,1,0,1,0.6131,149.96,188.46,28261.81
3192,baby,1,0,1,0.6965,142.04,179.67,25519.37
3193,baby,1,0,1,0.7546,135.7,199.85,27119.79
3194,baby,1,0,1,0.7532,145.02,175.22,25409.97
3195,baby,1,0,1,0.7636,150.58,181.32,27303.78
3196,baby,1,0,1,0.7876,150.94,180.79,27288.45
3197,baby,1,0,1,0.7673,152.71,180.55,27571.57
3198,baby,1,0,1,0.7346,151.78,188.8,28655.84
3199,baby,1,0,1,0.7734,144.21,182.62,26335.91
3200,baby,1,0,1,0.7647,145.78,179.33,26143.41
3201,baby,1,0,1,0.8249,158.12,189.39,29946.72
3202,baby,1,0,1,0.8154,147.27,189.08,27845.65
3203,baby,1,0,1,0.7846,149.41,186.48,27862.73
3204,baby,1,0,1,0.7823,141.64,197.28,27943.73
3205,baby,1,0,1,0.7132,132.63,183.38,24320.96
3206,baby,1,0,1,0.7696,134.1,192.65,25833.9
3207,baby,1,0,1,0.7706,136.13,193.15,26293.04
3208,baby,1,0,1,0.7835,134.02,196.19,26292.89
3209,baby,1,0,1,0.7817,130.27,200.78,26155.91
3210,baby,1,0,1,0.7422,139.83,186.73,26110.81
3211,baby,1,0,1,0.8008,137.74,196.9,27120.22
3212,baby,1,0,1,0.8032,141.42,193.18,27319.24
3213,baby,1,0,1,0.8125,136.12,197.79,26922.58
3214,baby,1,0,1,0.752,140.46,193.83,27226.51
3215,baby,1,0,1,0.7401,131.86,187.43,24714.79
3216,baby,1,0,1,0.8093,129.52,176.42,22849.21
3217,baby,1,0,1,0.7831,150.47,193.44,29106.68
3218,baby,1,0,1,0.7947,139.44,196.16,27352.09
3219,baby,1,0,1,0.7452,141.14,189.53,26749.56
3220,baby,1,0,1,0.7178,162.55,191.19,31077.82
3221,baby,1,0,1,0.808,161.35,195.79,31590.85
3222,baby,1,0,1,0.7933,142.77,187.75,26804.57
3223,baby,1,0,1,0.8209,139.9,191.78,26830.17
3224,baby,1,0,1,0.8301,138.47,200.91,27820.23
3225,baby,1,0,1,0.8146,130.59,191.63,25026.47
3226,baby,1,0,1,0.8173,136.68,183.84,25127.54
3227,baby,1,0,1,0.8258,133.01,178.22,23705.65
3228,baby,1,0,1,0.8177,133.13,181.68,24186.46
3229,baby,1,0,1,0.8109,128.5,178.6,22950.79
3230,baby,1,0,1,0.8285,129.56,182.28,23616.92
3231,baby,1,0,1,0.8113,127.02,178.76,22705.97
3232,baby,1,0,1,0.8218,132.91,180.04,23929
3233,baby,1,0,1,0.812,127.7,179.58,22931.79
3234,baby,1,0,1,0.822,131.38,182.63,23994.58
3235,baby,1,0,1,0.8049,131.76,180.1,23730.28
3236,baby,1,0,1,0.803,129.35,184.14,23818.23
3237,baby,1,0,1,0.7658,129.13,185.08,23898.67
3238,baby,1,0,1,0.7811,139.94,182.19,25495.74
3239,baby,1,0,1,0.8102,125.18,178.49,22342.29
3240,baby,1,0,1,0.7806,133.69,181.34,24243.85
3241,baby,1,0,1,0.7911,137.44,184.06,25296.58
3242,baby,1,0,1,0.8104,125.9,173.76,21876.05
3243,baby,1,0,1,0.7901,131.59,173.64,22848.5
3244,baby,1,0,1,0.7458,138.04,167.69,23148.66
3245,baby,1,0,1,0.7484,130.58,184.46,24087.42
3246,baby,1,0,1,0.7803,142.25,186.58,26541.45
3247,baby,1,0,1,0.7692,141.05,183.09,25824.24
3248,baby,1,0,1,0.7427,139.47,184.2,25690.93
3249,baby,1,0,1,0.774,140.55,195.84,27524.24
3250,baby,1,0,1,0.7739,142.43,192.45,27410.85
3251,baby,1,0,1,0.7704,139.93,190.14,26606.22
3252,baby,1,0,1,0.7404,135.48,189.55,25679.92
3253,baby,1,0,1,0.7796,137.33,197.98,27188.14
3254,baby,1,0,1,0.6936,143.42,190.8,27363.84
3255,baby,1,0,1,0.6331,144.67,192.52,27851.92
3256,baby,1,0,1,0.7271,138.7,194.41,26964.74
3257,baby,1,0,1,0.7398,140.3,185.45,26018.48
3258,baby,1,0,1,0.6756,140.89,195.42,27532.81
3259,baby,1,0,1,0.6959,144.73,193.07,27944.12
3260,baby,1,0,1,0.8159,139.65,191.25,26707.51
3261,baby,1,0,1,0.7755,138.88,200.28,27815.25
3262,baby,1,0,2,0.7506,109.81,481.9,52918.53
3263,baby,1,0,2,0.7519,114.68,463.33,53134.42
3264,baby,1,0,2,0.7153,144.01,195.01,28083.09
3265,baby,1,0,1,0.7524,142.36,194.38,27671.79
3266,baby,1,0,1,0.76,141.55,188.81,26725.51
3267,baby,1,0,1,0.7614,143.63,188.04,27009.29
3268,baby,1,0,1,0.7464,137.04,183.32,25121.25
3269,baby,1,0,1,0.728,131.71,185.08,24376.64
3270,baby,1,0,1,0.7399,142.03,187.62,26648.23
3271,baby,1,0,1,0.8037,138.71,187.98,26075.3
3272,baby,1,0,1,0.7564,144.48,186.36,26924.97
3273,baby,1,0,1,0.7622,136.67,192.75,26342.45
3274,baby,1,0,1,0.7498,141.43,191.78,27123.02
3275,baby,1,0,1,0.6985,141.15,182.9,25815.36
3276,baby,1,0,1,0.7443,143.48,189.62,27206.53
3277,baby,1,0,1,0.7218,143.59,184.18,26445.72
3278,baby,1,0,1,0.7261,144.16,183.98,26521.25
3279,baby,1,0,1,0.7439,144.18,186.55,26897.7
3280,baby,1,0,1,0.674,144.7,186.45,26978.76
3281,baby,1,0,1,0.7378,143.14,194.57,27850.04
3282,baby,1,0,1,0.7538,142.32,189.5,26969.21
3283,baby,1,0,1,0.7307,130.45,218.72,28531.22
3284,baby,1,0,1,0.7856,129.84,203.71,26449.72
3285,baby,1,0,1,0.8029,129.72,200.17,25966.65
3286,baby,1,0,1,0.751,135.52,193.79,26262.92
3287,baby,1,0,1,0.773,132.68,194.32,25781.88
3288,baby,1,0,1,0.7564,140.49,183.5,25780.51
3289,baby,1,0,1,0.7553,135.84,182.8,24832.78
3290,baby,1,0,1,0.7573,140.99,195.14,27512.67
3291,baby,1,0,1,0.7974,134.56,193.5,26037.18
3292,baby,1,0,1,0.7991,145.53,195.73,28485.34
3293,baby,1,0,1,0.7447,148.38,191.93,28478.29
3294,baby,1,0,1,0.7877,137.89,194.07,26759.24
3295,baby,1,0,1,0.7847,140.28,197.76,27741.61
3296,baby,1,0,1,0.7509,159.55,183.81,29327.62
3297,baby,1,0,1,0.7547,153.07,178.63,27343.65
3298,baby,1,0,1,0.7462,152.21,176.28,26832.27
3299,baby,1,0,1,0.7259,149.24,179.23,26747.66
3300,baby,1,0,1,0.7499,152.47,174.28,26571.55
3301,baby,1,0,1,0.6891,155.77,173.03,26954.02
3302,baby,1,0,1,0.7442,148.98,174.7,26026.67
3303,baby,1,0,1,0.6992,154.33,174.24,26890.49
3304,baby,1,0,1,0.7035,154.28,175.52,27079.16
3305,baby,1,0,1,0.7226,154.63,178.33,27575.22
3306,baby,1,0,1,0.7232,151.91,172.1,26144.21
3307,baby,1,0,1,0.7127,152.78,176.18,26918.03
3308,baby,1,0,1,0.7097,162.73,193.53,31492.33
3309,baby,1,0,1,0.7538,132.62,179.95,23864.99
3310,baby,1,0,1,0.7527,137.37,186.55,25627.3
3311,baby,1,0,1,0.759,137.91,183.93,25366.06
3312,baby,1,0,1,0.7499,134.87,189.47,25553.37
3313,baby,1,0,1,0.7577,135.29,192.18,25999.11
3314,baby,1,0,1,0.7547,140.68,190.59,26811.9
3315,baby,1,0,1,0.7589,134.96,190.9,25763.83
3316,baby,1,0,1,0.7831,140.69,191.82,26987.22
3317,baby,1,0,1,0.7372,136.63,187.09,25561.25
3318,baby,1,0,1,0.743,133.66,192.25,25696.34
3319,baby,1,0,1,0.7453,135.59,184.62,25033.25
3320,baby,1,0,1,0.7819,133.27,188.15,25075.56
3321,baby,1,0,1,0.7086,138.9,183.81,25531.04
3322,baby,1,0,1,0.7085,161.61,177.61,28703.47
3323,baby,1,0,1,0.6764,157.2,178.25,28021.8
3324,baby,1,0,1,0.6443,157.57,177.34,27943.83
3325,baby,1,0,1,0.6377,158.99,163.18,25944.14
3326,baby,1,0,1,0.6986,160.55,170.88,27434.87
3327,baby,1,0,1,0.6732,162.06,167,27064.57
3328,baby,1,0,1,0.6156,159.06,166.13,26425.59
3329,baby,1,0,1,0.7459,161.7,179.19,28974.69
3330,baby,1,0,1,0.6689,158.7,172.98,27453.18
3331,baby,1,0,1,0.7202,158.01,176.64,27910.85
3332,baby,1,0,1,0.802,156.76,204.87,32116.14
3333,baby,1,0,1,0.8231,153.69,187.73,28853.08
3334,baby,1,0,1,0.8344,153.76,191.54,29450.29
3335,baby,1,0,1,0.7626,150.14,182.28,27366.54
3336,baby,1,0,1,0.7103,146.99,187.67,27586.08
3337,baby,1,0,1,0.8091,152.79,193.76,29605.29
3338,baby,1,0,1,0.7768,162.38,204.62,33226.34
3339,baby,1,0,1,0.8289,159.01,188.89,30033.93
3340,baby,1,0,1,0.8348,143.27,187.17,26815.62
3341,baby,1,0,1,0.8008,158.92,186.61,29654.93
3342,baby,1,0,1,0.7827,168.78,196.07,33092.98
3343,baby,1,0,1,0.8233,165.67,199.93,33121.98
3344,baby,1,0,1,0.805,163.71,193.89,31742.54
3345,baby,1,0,1,0.7909,155.43,194.43,30220.29
3346,baby,1,0,1,0.8117,161.17,195.3,31476
3347,baby,1,0,1,0.7789,165.42,197.27,32633.31
3348,baby,1,0,1,0.8033,159.83,196.26,31366.66
3349,baby,1,0,1,0.8168,151.17,209.68,31698.07
3350,baby,1,0,1,0.8221,142.24,192.49,27378.98
3351,baby,1,0,1,0.816,152.76,199.67,30502.03
3352,baby,1,0,1,0.7898,147.63,187.14,27627.03
3353,baby,1,0,1,0.7412,138.2,193.79,26782.38
3354,baby,1,0,1,0.7878,142.15,185.32,26344.13
3355,baby,1,0,1,0.7923,141.48,185.38,26226.91
3356,baby,1,0,1,0.7925,150.11,180.54,27100.88
3357,baby,1,0,1,0.7556,143.25,179.62,25731.38
3358,baby,1,0,1,0.7306,135.65,180.92,24541.86
3359,baby,1,0,1,0.7765,153.29,188.83,28944.71
3360,baby,1,0,1,0.7722,140.89,183.11,25797.9
3361,baby,1,0,1,0.7783,140.81,183.35,25818.95
3362,baby,1,0,1,0.8278,176.48,214.72,37895.05
3363,baby,1,0,1,0.8152,164.11,194.16,31863.89
3364,baby,1,0,1,0.8114,161.4,197.32,31846.93
3365,baby,1,0,1,0.8242,138.27,204.54,28282.59
3366,baby,1,0,1,0.8203,150.49,205.3,30896.54
3367,baby,1,0,1,0.8263,145.26,214.67,31182.61
3368,baby,1,0,1,0.8059,159.51,209.07,33349.67
3369,baby,1,0,1,0.8172,150.7,194.72,29345.23
3370,baby,1,0,1,0.8058,162.33,210.26,34130.83
3371,baby,1,0,1,0.8221,156.75,205.14,32156.17
3372,baby,1,0,1,0.7879,151.62,193.53,29342.83
3373,baby,1,0,1,0.7348,137.97,185.91,25648.91
3374,baby,1,0,1,0.7587,155.07,192.28,29817.06
3375,baby,1,0,1,0.7591,132.36,175.59,23241.56
3376,baby,1,0,1,0.7712,124.86,176.92,22090.31
3377,baby,1,0,1,0.7728,134.32,179.07,24053.18
3378,baby,1,0,1,0.7678,143.78,181.67,26120.1
3379,baby,1,0,1,0.7886,142.92,187.88,26852.4
3380,baby,1,0,1,0.7756,141.68,185.2,26239.22
3381,baby,1,0,1,0.7966,147.29,188.81,27809.82
3382,baby,1,0,1,0.7995,139.47,187.34,26129.17
3383,baby,1,0,1,0.7936,138.16,196.04,27084.49
3384,baby,1,0,1,0.8096,134.39,194.46,26133.67
3385,baby,1,0,1,0.7947,144.04,199.58,28747.67
3386,baby,1,0,1,0.7941,148.45,191.18,28379.37
3387,baby,1,0,1,0.8209,141.19,188.21,26573.5
3388,baby,1,0,1,0.7493,132.77,190.72,25321.22
3389,baby,1,0,1,0.7688,148.54,189.89,28206.21
3390,baby,1,0,1,0.7487,156.84,188.83,29615.08
3391,baby,1,0,1,0.6753,132.76,183.96,24423.95
3392,baby,1,0,1,0.6987,123.6,181.74,22463.85
3393,baby,1,0,1,0.7168,158.97,179.28,28501.49
3394,baby,1,0,1,0.8367,144.55,193.75,28007.04
3395,baby,1,0,1,0.7792,145.5,186.23,27095.2
3396,baby,1,0,1,0.8281,157.22,193.4,30405.2
3397,baby,1,0,1,0.7826,158.77,187.09,29704.76
3398,baby,1,0,1,0.8141,152.97,185.67,28402.38
3399,baby,1,0,1,0.8316,149,195.76,29168.98
3400,baby,1,0,1,0.7894,148.4,189.27,28088.48
3401,baby,1,0,1,0.7985,151.72,188.82,28648.59
3402,baby,1,0,1,0.7491,153.29,219.98,33721.99
3403,baby,1,0,1,0.7999,148.28,218.03,32329.48
3404,baby,1,0,1,0.7657,122.95,180.53,22195.67
3405,baby,1,0,1,0.7668,138.18,191.17,26415.62
3406,baby,1,0,1,0.7836,141.93,186.2,26427.44
3407,baby,1,0,1,0.7925,146.2,178.16,26046.07
3408,baby,1,0,1,0.7697,144.95,188.21,27279.93
3409,baby,1,0,1,0.7991,150.9,188.34,28420.03
3410,baby,1,0,1,0.8051,139.5,185.2,25836.5
3411,baby,1,0,1,0.7559,140.64,189.28,26621.19
3412,baby,1,0,1,0.7716,130.53,189.63,24751.17
3413,baby,1,0,1,0.744,138.44,184.29,25513.33
3414,baby,1,0,1,0.6359,127.96,225.94,28911.69
3415,baby,1,0,1,0.6321,129.62,229.21,29710.9
3416,baby,1,0,1,0.7581,129.8,188.75,24499.21
3417,baby,1,0,1,0.7303,134.9,179.6,24228.56
3418,baby,1,0,1,0.7031,136.49,175.11,23900.08
3419,baby,1,0,1,0.6597,135.71,191.12,25936.49
3420,baby,1,0,1,0.7201,142.19,179.8,25565.64
3421,baby,1,0,1,0.7217,145.77,181.93,26519.14
3422,baby,1,0,1,0.7341,146.19,177.87,26002.95
3423,baby,1,0,1,0.7122,136.05,172.98,23534.31
3424,baby,1,0,1,0.7255,133,178.2,23701.24
3425,baby,1,0,1,0.724,132.71,170.71,22655.46
3426,baby,1,0,1,0.7495,145.18,183.68,26665.42
3427,baby,1,0,1,0.7048,132.63,177.54,23547.56
3428,baby,1,0,1,0.7648,139.68,189.55,26476.19
3429,baby,1,0,1,0.758,140.25,181.17,25409.27
3430,baby,1,0,1,0.7851,141.3,212.69,30051.82
3431,baby,1,0,1,0.8077,146.2,193.15,28237.83
3432,baby,1,0,1,0.7896,161.35,211.7,34158.69
3433,baby,1,0,1,0.7784,134.52,187.45,25216.05
3434,baby,1,0,1,0.7633,147.42,193.21,28484.02
3435,baby,1,0,1,0.8108,144.31,195.95,28278.15
3436,baby,1,0,1,0.8292,154.92,193.62,29996.45
3437,baby,1,0,1,0.798,164.35,221.1,36338
3438,baby,1,0,1,0.8364,179.52,150.51,27020.01
3439,baby,1,0,1,0.8018,164.42,136.87,22504.66
3440,baby,1,0,1,0.7945,181.19,105.03,19029.36
3441,baby,1,0,1,0.7488,170.06,100.71,17126.22
3442,baby,1,0,1,0.6534,169.52,107.9,18290
3443,none,0,0,0,0,0,0,0
3444,baby,1,0,1,0.7927,170.58,102.53,17489.51
3445,baby,1,0,1,0.8031,192.86,170.99,32977.03
3446,baby,1,0,1,0.8411,183.87,230.47,42375.31
3447,baby,1,0,1,0.8475,154.6,204.66,31640.33
3448,baby,1,0,1,0.7952,160.85,202.81,32623.13
3449,baby,1,0,1,0.7686,157.14,191.49,30089.69
3450,baby,1,0,1,0.7825,157.36,185.35,29167.97
3451,baby,1,0,1,0.802,159.54,194.38,31011.04
3452,baby,1,0,1,0.7703,151.55,180.49,27352.66
3453,baby,1,0,1,0.8046,136.18,173.15,23579.72
3454,baby,1,0,1,0.7855,135.51,188.69,25570.29
3455,baby,1,0,1,0.7578,166.12,211.8,35185.2
3456,baby,1,0,1,0.7195,178.72,237.45,42436.7
3457,baby,1,0,1,0.6099,195.74,210.22,41148.06
3458,baby,1,0,1,0.8191,174.81,111.48,19488.35
3459,baby,1,0,1,0.8253,158.86,127.1,20192.26
3460,none,0,0,0,0,0,0,0
3461,empty_seat,0,1,0,0.6359,289.67,271.99,78788.05
3462,empty_seat,0,1,0,0.7802,300.31,264.68,79486.71
3463,empty_seat,0,1,0,0.767,294.84,260.71,76868.42
3464,empty_seat,0,1,0,0.7709,304.96,262.03,79907.46
3465,empty_seat,0,1,0,0.7649,298.81,260.98,77983.02
3466,empty_seat,0,1,0,0.7681,298.55,259.9,77593.83
3467,empty_seat,0,1,0,0.7694,295.36,260.5,76941.1
3468,empty_seat,0,1,0,0.7791,296.82,263.12,78100.49
3469,empty_seat,0,1,0,0.7614,295.28,257.52,76042.63
3470,empty_seat,0,1,0,0.7668,289.88,248.45,72022.03
3471,empty_seat,0,1,0,0.7675,289.94,253.37,73462.26
3472,empty_seat,0,1,0,0.8105,292.22,259.39,75798.77
3473,empty_seat,0,1,0,0.8149,291.29,258.97,75433.96
3474,empty_seat,0,1,0,0.8218,292.97,260.53,76326.61
3475,empty_seat,0,1,0,0.8177,291.15,259.67,75603.06
3476,empty_seat,0,1,0,0.8174,290.74,259.6,75474.52
3477,empty_seat,0,1,0,0.8103,289.01,260.13,75180.94
3478,empty_seat,0,1,0,0.8154,289.19,260.44,75315.85
3479,empty_seat,0,1,0,0.805,289.33,258.33,74740.74
3480,empty_seat,0,1,0,0.8068,287.65,257.99,74209.19
3481,empty_seat,0,1,0,0.7955,285.91,260.16,74383.8
3482,empty_seat,0,1,0,0.8162,290.97,259.35,75461.83
3483,empty_seat,0,1,0,0.8205,287.35,259.67,74617.04
3484,empty_seat,0,1,0,0.8079,289.73,257.85,74705.86
3485,empty_seat,0,1,0,0.8128,285.13,260.02,74140.7
3486,empty_seat,0,1,0,0.8144,290.68,259.14,75326.03
3487,empty_seat,0,1,0,0.8121,288.73,259.99,75067.05
3488,empty_seat,0,1,0,0.8144,289.31,259.54,75087.72
3489,empty_seat,0,1,0,0.8145,289.63,258.67,74919.99
3490,empty_seat,0,1,0,0.8167,289.66,263.73,76389.8
3491,empty_seat,0,1,0,0.8202,291.31,259.7,75653.12
3492,empty_seat,0,1,0,0.7932,291.52,260.8,76029.65
3493,empty_seat,0,1,0,0.8155,289.31,261.55,75669.35
3494,baby,1,1,1,0.7626,159.89,283.11,45267.38
3495,empty_seat,0,1,0,0.8071,289.48,256.96,74383.34
3496,empty_seat,0,1,0,0.8239,289.24,260.61,75380.87
3497,empty_seat,0,1,0,0.8025,289.23,259.99,75194.81
3498,empty_seat,0,1,0,0.8162,288.27,258.68,74569.08
3499,empty_seat,0,1,0,0.7174,316.85,251.34,79637.21
3500,empty_seat,0,1,0,0.8121,293.72,258.58,75951.91
3501,empty_seat,0,1,0,0.7927,290.18,260.14,75486.64
3502,empty_seat,0,1,0,0.7926,285.44,259.68,74124.35
3503,empty_seat,0,1,0,0.73,312.76,258.44,80829.17
3504,empty_seat,0,1,0,0.7569,298.34,258.4,77090.57
3505,empty_seat,0,1,0,0.751,304.27,258.45,78638.18
3506,empty_seat,0,1,0,0.7716,293.8,259.17,76144.93
3507,empty_seat,0,1,0,0.7771,308.99,273.1,84385.64
3508,empty_seat,0,1,0,0.7538,304.44,259.57,79024.95
3509,empty_seat,0,1,0,0.7944,301.61,261.92,78997.07
3510,empty_seat,0,1,0,0.7834,300.3,261.4,78498.53
3511,empty_seat,0,1,0,0.7765,304.46,260.88,79427.63
3512,empty_seat,0,1,0,0.7722,308.78,273.56,84470.52
3513,empty_seat,0,1,0,0.7783,300.39,259.1,77831.61
3514,empty_seat,0,1,0,0.7455,296.1,260.35,77089.45
3515,empty_seat,0,1,0,0.7667,299.23,260.49,77945.7
3516,empty_seat,0,1,0,0.7748,308.16,273.14,84168.9
3517,empty_seat,0,1,0,0.7655,299.22,259.54,77661.01
3518,empty_seat,0,1,0,0.7675,300.84,259.12,77953.85
3519,empty_seat,0,1,0,0.768,305.58,259.7,79359.23
3520,empty_seat,0,1,0,0.7792,298.11,261.46,77945.19
3521,empty_seat,0,1,0,0.7767,302.21,261.43,79007.36
3522,empty_seat,0,1,0,0.7547,301.67,258.18,77886.24
3523,empty_seat,0,1,0,0.7661,310.75,270.91,84187.11
3524,empty_seat,0,1,0,0.7613,303.35,259.35,78674.22
3525,empty_seat,0,1,0,0.7654,305.93,259.34,79340.34
3526,empty_seat,0,1,0,0.7875,301.37,262.74,79181.24
3527,empty_seat,0,1,0,0.773,303.99,260.99,79338.37
3528,baby,1,1,1,0.7468,152.72,551.67,84252.6
3529,baby,1,1,1,0.6925,110.12,450.45,49604.9
3530,empty_seat,0,1,0,0.7563,300.55,263.42,79169.31
3531,empty_seat,0,1,0,0.7569,297.57,260.37,77477.67
3532,empty_seat,0,1,0,0.7528,299.04,262.28,78432.29
3533,empty_seat,0,1,0,0.7484,298.88,261.8,78245.56
3534,empty_seat,0,1,0,0.7745,299.08,260.44,77893.13
3535,empty_seat,0,1,0,0.7675,307.68,274.91,84584.43
3536,empty_seat,0,1,0,0.7749,309.15,271.91,84058.38
3537,empty_seat,0,1,0,0.7768,299.33,259.36,77634.23
3538,empty_seat,0,1,0,0.7757,302.4,262.18,79283.46
3539,empty_seat,0,1,0,0.7868,305.26,259.94,79347.39
3540,empty_seat,0,1,0,0.7761,299.51,258.93,77551.6
3541,empty_seat,0,1,0,0.7725,301.16,260.38,78417.34
3542,empty_seat,0,1,0,0.7776,303.44,258.62,78475.48
3543,empty_seat,0,1,0,0.7825,306.24,276.01,84524.28
3544,empty_seat,0,1,0,0.782,314.01,272.13,85451.32
3545,empty_seat,0,1,0,0.7793,309.67,273.11,84573.37
3546,empty_seat,0,1,0,0.7804,300.92,258.63,77826.6
3547,empty_seat,0,1,0,0.7926,310.53,273.06,84792.11
3548,empty_seat,0,1,0,0.7848,301.07,263.05,79196.21
3549,empty_seat,0,1,0,0.7787,300.48,263.15,79071.96
3550,empty_seat,0,1,0,0.7877,301.81,261.79,79010.52
3551,empty_seat,0,1,0,0.7696,305.38,258.93,79073.44
3552,empty_seat,0,1,0,0.7619,294.98,259.29,76485.28
3553,empty_seat,0,1,0,0.7941,302.65,264.1,79928.77
3554,empty_seat,0,1,0,0.7906,303.31,260.62,79050.49
3555,empty_seat,0,1,0,0.7744,299.62,259.49,77747.49
3556,baby,1,1,1,0.6233,127.15,570.05,72483.5
3557,empty_seat,0,1,0,0.7773,299.09,258.44,77298.86
3558,empty_seat,0,1,0,0.7618,299.86,257.56,77230.41
3559,empty_seat,0,1,0,0.7729,295.95,258.24,76425.88
3560,empty_seat,0,1,0,0.7679,303.04,258.67,78386.08
3561,empty_seat,0,1,0,0.7694,297.45,259.71,77251.77
3562,empty_seat,0,1,0,0.7666,302.16,258.12,77995.2
3563,empty_seat,0,1,0,0.7827,310.59,271.74,84399.19
3564,empty_seat,0,1,0,0.7821,296.19,260.1,77041.65
3565,empty_seat,0,1,0,0.777,304.56,260.36,79294.72
3566,empty_seat,0,1,0,0.796,300.87,261.46,78664.97
3567,empty_seat,0,1,0,0.7663,310.87,270.29,84024.74
3568,empty_seat,0,1,0,0.7733,313.52,274.93,86196.58
3569,empty_seat,0,1,0,0.7517,298.58,261.68,78133.45
3570,empty_seat,0,1,0,0.7709,301.26,258.77,77957.08
3571,empty_seat,0,1,0,0.7474,298.48,258.54,77170.31
3572,empty_seat,0,1,0,0.767,302.58,260.09,78696.99
3573,empty_seat,0,1,0,0.7785,312.99,270.63,84705.22
3574,empty_seat,0,1,0,0.7561,297.84,257.3,76633.88
3575,empty_seat,0,1,0,0.7649,304.51,259.03,78878.42
3576,empty_seat,0,1,0,0.7597,290.37,259.32,75298.53
3577,empty_seat,0,1,0,0.749,297.26,258.13,76733.3
3578,empty_seat,0,1,0,0.7596,300.23,260.2,78118.34
3579,empty_seat,0,1,0,0.7436,298.03,259.76,77416.91
3580,empty_seat,0,1,0,0.7708,299.4,258.45,77379.41
3581,empty_seat,0,1,0,0.7402,298.3,260.88,77821.63
3582,empty_seat,0,1,0,0.7715,297.17,259.76,77192.55
3583,empty_seat,0,1,0,0.7185,304.86,257.37,78460.28
3584,empty_seat,0,1,0,0.7657,295.71,260.45,77018.26
3585,empty_seat,0,1,0,0.7451,298.51,260.26,77690.62
3586,empty_seat,0,1,0,0.7335,297.17,259.22,77032.92
3587,empty_seat,0,1,0,0.7696,303.56,259.99,78923.27
3588,empty_seat,0,1,0,0.748,296.86,259.7,77093.4
3589,empty_seat,0,1,0,0.7559,297.63,261,77680.53
3590,empty_seat,0,1,0,0.7396,301.53,258.21,77858.49
3591,empty_seat,0,1,0,0.7614,309.56,269.78,83511.92
3592,empty_seat,0,1,0,0.7271,303.34,261.18,79226.37
3593,empty_seat,0,1,0,0.7314,304.71,258.96,78908.85
3594,empty_seat,0,1,0,0.7359,295.8,261.53,77359.24
3595,empty_seat,0,1,0,0.7236,302.12,257.62,77830.12
3596,empty_seat,0,1,0,0.7418,298.17,259.42,77349.96
3597,empty_seat,0,1,0,0.7257,305.55,259.9,79410.44
3598,empty_seat,0,1,0,0.7479,302.34,260.71,78820.74
3599,empty_seat,0,1,0,0.7294,303.6,258.71,78545.32
3600,empty_seat,0,1,0,0.7617,297.13,262.36,77953.51
3601,empty_seat,0,1,0,0.7486,299.11,259.36,77578.97
3602,empty_seat,0,1,0,0.769,302,264.38,79843.48
3603,empty_seat,0,1,0,0.7641,303.16,259.67,78719.78
3604,empty_seat,0,1,0,0.7514,301.39,260.26,78438.22
3605,empty_seat,0,1,0,0.7741,298.22,259.63,77424.54
3606,baby,1,1,1,0.7647,433.94,362.02,157095.7
3607,baby,1,0,1,0.8003,310.6,305.61,94921.17
3608,baby,1,0,1,0.8743,305.52,343.05,104808.03
3609,baby,1,0,1,0.8286,324.2,446.49,144750.3
3610,baby,1,0,1,0.8205,337.05,357.56,120514.86
3611,none,0,0,0,0,0,0,0
3612,baby,1,0,1,0.8704,192.57,243.04,46804.07
3613,baby,1,0,1,0.8116,199.56,306.72,61209.49
3614,baby,1,0,1,0.8157,222.93,296.21,66034.6
3615,baby,1,0,1,0.8216,222.36,272.68,60633.64
3616,baby,1,0,2,0.7953,227.73,264.71,60281.32
3617,baby,1,0,1,0.8156,217.55,265.32,57720.46
3618,baby,1,0,1,0.7706,223.91,334.78,74959.96
3619,baby,1,0,1,0.784,235.95,298.88,70520.14
3620,baby,1,0,1,0.7923,223.54,310.58,69426.25
3621,baby,1,0,2,0.763,216.86,292.13,63351.37
3622,baby,1,0,1,0.8191,221.37,237.86,52655.8
3623,baby,1,0,1,0.8077,209.48,251.06,52590.24
3624,baby,1,0,1,0.7318,218.35,234.13,51124.22
3625,none,0,0,0,0,0,0,0
3626,baby,1,0,1,0.8411,172.47,229.07,39508.47
3627,baby,1,0,1,0.8378,159.4,224.07,35716
3628,baby,1,0,1,0.8146,166.25,223.79,37206.56
3629,baby,1,0,1,0.8395,165.35,240.74,39806.19
3630,baby,1,0,1,0.8231,162.1,239.27,38785.35
3631,baby,1,0,1,0.8192,161.11,237.3,38233.18
3632,baby,1,0,1,0.832,163.16,239.86,39136.75
3633,baby,1,0,1,0.8107,177.31,233.06,41324.81
3634,baby,1,0,2,0.8278,160.9,235.98,37968.19
3635,baby,1,0,1,0.8595,178.18,234.11,41713.14
3636,baby,1,0,2,0.8785,207.3,225.73,46793.68
3637,baby,1,0,2,0.8753,202.52,240.3,48664.38
3638,baby,1,0,2,0.8383,166.48,244.56,40714.22
3639,baby,1,0,2,0.8291,171.38,230.78,39550.9
3640,baby,1,0,2,0.8389,161.82,211.94,34295.61
3641,baby,1,0,2,0.8077,154.38,201.86,31161.74
3642,baby,1,0,2,0.8392,161,217.59,35031.52
3643,baby,1,0,2,0.8342,161.57,207.61,33545.01
3644,baby,1,0,2,0.791,157.08,225.31,35392.84
3645,baby,1,0,2,0.8057,156.51,209.6,32804.35
3646,baby,1,0,2,0.8255,159.16,224.93,35799.91
3647,baby,1,0,1,0.7973,156.49,203.37,31826.39
3648,baby,1,0,2,0.8018,154.04,201.92,31104.17
3649,baby,1,0,2,0.8416,159.98,216.73,34671.1
3650,baby,1,0,2,0.8125,154.94,202.88,31434.46
3651,baby,1,0,2,0.7949,155.76,204.31,31823.78
3652,baby,1,0,2,0.8272,159.63,213.23,34038.31
3653,baby,1,0,2,0.7998,156.89,199.07,31233.15
3654,baby,1,0,2,0.8199,171.23,213.84,36616.94
3655,baby,1,0,2,0.8033,160.77,205.97,33114.46
3656,baby,1,0,2,0.8141,166.32,219.78,36553.82
3657,baby,1,0,2,0.8373,163.83,224.59,36795.22
3658,baby,1,0,2,0.8302,164.13,219.28,35991.7
3659,baby,1,0,2,0.8241,158.08,232.94,36823.51
3660,baby,1,0,2,0.8275,153.43,222.82,34185.85
3661,baby,1,0,2,0.8,156.64,219.49,34379.61
3662,baby,1,0,2,0.804,156.73,216,33852.42
3663,baby,1,0,2,0.8194,159.36,226.35,36070.72
3664,baby,1,0,2,0.8275,162.37,216.65,35177.76
3665,baby,1,0,2,0.781,156.18,204.68,31966.04
3666,baby,1,0,2,0.7947,165.17,208.64,34462.03
3667,baby,1,0,2,0.8092,157.09,207.05,32524.78
3668,baby,1,0,2,0.8294,167.27,210.9,35276.5
3669,baby,1,0,2,0.8242,175.64,215.62,37871.66
3670,baby,1,0,2,0.8244,179.74,214.8,38608.2
3671,baby,1,0,2,0.8261,182.49,211.23,38547.49
3672,baby,1,0,2,0.8198,152.85,201.06,30733.04
3673,baby,1,0,2,0.8195,146.23,195.44,28580.57
3674,baby,1,0,2,0.8115,147.58,196.7,29028.31
3675,baby,1,0,2,0.8318,180.49,214.58,38729.63
3676,baby,1,0,2,0.8005,151.24,196.97,29789.55
3677,baby,1,0,2,0.8149,166.88,215.42,35948.14
3678,baby,1,0,2,0.8049,150.18,197.99,29734.67
3679,baby,1,0,2,0.8052,150.1,201.14,30191.47
3680,baby,1,0,1,0.8065,147.21,190.89,28101.88
3681,baby,1,0,2,0.8424,161.61,198.61,32097.62
3682,baby,1,0,2,0.8132,153.09,227.69,34857.14
3683,baby,1,0,2,0.7958,152.68,212.49,32444
3684,baby,1,0,2,0.7993,158.41,227.93,36106.47
3685,baby,1,0,2,0.8192,156.04,226.21,35296.65
3686,baby,1,0,2,0.8104,147.18,185.28,27269.8
3687,baby,1,0,2,0.807,145.58,190.61,27748.07
3688,baby,1,0,2,0.8334,169.38,231.84,39269.59
3689,baby,1,0,2,0.8163,169.05,232.88,39368.24
3690,baby,1,0,2,0.7942,149.81,191.54,28694.5
3691,baby,1,0,2,0.8288,188.35,252.1,47481.92
3692,baby,1,0,2,0.8363,200.65,237.61,47675.53
3693,baby,1,0,2,0.8423,200.2,238.8,47807.17
3694,baby,1,0,2,0.7924,143.62,186.07,26723.32
3695,baby,1,0,2,0.8284,156.93,235.83,37009.07
3696,baby,1,0,2,0.8002,146.91,192.41,28265.83
3697,baby,1,0,2,0.8065,157.68,208.33,32848.77
3698,baby,1,0,2,0.7957,156.37,212.43,33217.54
3699,baby,1,0,2,0.7967,158.21,212.51,33621.39
3700,baby,1,0,2,0.8102,148.02,194.38,28772.68
3701,baby,1,0,2,0.8123,199.4,233,46460.27
3702,baby,1,0,2,0.8051,149.37,196.1,29291.04
3703,baby,1,0,2,0.7553,184.97,214.67,39708.93
3704,baby,1,0,2,0.7885,156.65,204.72,32070.95
3705,baby,1,0,2,0.7908,147.12,196.77,28949.68
3706,baby,1,0,2,0.7869,147.54,196.19,28945.93
3707,baby,1,0,2,0.7989,167.7,208.54,34973.32
3708,baby,1,0,2,0.7822,146.87,204.31,30006.36
3709,baby,1,0,2,0.7926,160.65,199.42,32035.94
3710,baby,1,0,2,0.8014,187.5,208.08,39015.05
3711,baby,1,0,2,0.8745,207.39,234.07,48543.87
3712,baby,1,0,2,0.8703,178.3,225.4,40188.58
3713,baby,1,0,2,0.8401,184.86,233.47,43158.47
3714,baby,1,0,1,0.8432,174.89,229.62,40159.34
3715,none,0,0,0,0,0,0,0
3716,baby,1,0,1,0.827,157.99,226.61,35802.09
3717,baby,1,0,1,0.8028,161.31,233.9,37731.7
3718,baby,1,0,1,0.8155,163.67,222.33,36389.82
3719,baby,1,0,1,0.8396,151.54,208.47,31590.94
3720,baby,1,0,1,0.8437,151.8,224.74,34115.26
3721,baby,1,0,1,0.8398,159.74,226.39,36163.67
3722,baby,1,0,1,0.8269,151.89,215.3,32702.14
3723,baby,1,0,1,0.8279,151.06,225.9,34125.76
3724,baby,1,0,1,0.8017,160.26,208.72,33448.93
3725,baby,1,0,1,0.8113,142.61,202.2,28836.38
3726,baby,1,0,1,0.825,151.26,219.91,33263.6
3727,baby,1,0,1,0.7994,150.85,214.1,32297.61
3728,baby,1,0,1,0.795,152.03,221.25,33635.52
3729,baby,1,0,1,0.8149,148.43,219.04,32511.45
3730,baby,1,0,1,0.8062,146.72,211.67,31055.78
3731,baby,1,0,1,0.8049,143.37,230.78,33086.37
3732,baby,1,0,1,0.8202,147.16,222.67,32767.84
3733,baby,1,0,1,0.8132,171.19,252.14,43163.19
3734,baby,1,0,1,0.8311,169.62,230.83,39153.33
3735,baby,1,0,1,0.8281,171,238.84,40841.75
3736,baby,1,0,1,0.8446,172.86,251.36,43450.64
3737,baby,1,0,1,0.8149,177.01,244.03,43196.91
3738,baby,1,0,1,0.8537,149.18,230.72,34417.02
3739,baby,1,0,1,0.8351,148.55,207.92,30885.6
3740,baby,1,0,1,0.8171,165.82,222.16,36839.29
3741,baby,1,0,1,0.8071,176.84,217.37,38440.58
3742,baby,1,0,1,0.8181,180.04,225.61,40618
3743,baby,1,0,1,0.7624,176.67,213.17,37660.9
3744,baby,1,0,1,0.688,183.74,218.18,40088.93
3745,baby,1,0,1,0.7753,185.43,211.58,39233.68
3746,baby,1,0,1,0.6823,186.38,218.02,40632.78
3747,baby,1,0,1,0.8132,182.32,215.65,39316.77
3748,baby,1,0,1,0.813,184.93,210.82,38987.44
3749,baby,1,0,1,0.746,187.32,212.85,39871.56
3750,baby,1,0,1,0.815,178.9,212.24,37968.59
3751,baby,1,0,1,0.7936,180.06,205.01,36914.68
3752,baby,1,0,1,0.8319,170.23,213.22,36296.65
3753,baby,1,0,1,0.8316,175.97,211.88,37283.66
3754,baby,1,0,1,0.8105,169.21,235.28,39812.69
3755,baby,1,0,1,0.8183,177.76,237.6,42237.35
3756,baby,1,0,1,0.8405,174.9,237.37,41516.55
3757,baby,1,0,1,0.8413,166.35,226.24,37635.62
3758,baby,1,0,1,0.8524,151.54,226.91,34384.96
3759,baby,1,0,1,0.8118,150.83,217.79,32850.5
3760,baby,1,0,1,0.8289,153.49,224.65,34482.42
3761,baby,1,0,1,0.826,159.06,220.4,35056.26
3762,baby,1,0,1,0.8492,159.82,231.9,37061.77
3763,baby,1,0,1,0.8226,161.36,224.85,36281.2
3764,baby,1,0,1,0.8107,169.08,212.87,35991.64
3765,baby,1,0,1,0.8297,154.17,210.36,32431.64
3766,baby,1,0,1,0.8223,157.14,221.6,34821.34
3767,baby,1,0,1,0.8243,152.25,202.39,30812.8
3768,baby,1,0,1,0.8341,149.23,206.88,30872.15
3769,baby,1,0,1,0.811,147.44,201.05,29641.7
3770,none,0,0,0,0,0,0,0
3771,none,0,0,0,0,0,0,0
3772,none,0,0,0,0,0,0,0
3773,none,0,0,0,0,0,0,0
3774,baby,1,0,1,0.7658,141.15,223.27,31513.12
3775,baby,1,0,1,0.8166,165.66,227.21,37641.13
3776,baby,1,0,2,0.8227,158.26,232.46,36789.11
3777,baby,1,0,2,0.8085,144.13,210.84,30387.85
3778,baby,1,0,2,0.8273,199.21,216.64,43157.25
3779,baby,1,0,2,0.833,150.32,228.2,34302.55
3780,baby,1,0,2,0.8522,184.02,210.99,38824.7
3781,baby,1,0,2,0.8195,187.84,229.61,43131.61
3782,baby,1,0,2,0.8207,203.12,216.83,44042.48
3783,baby,1,0,2,0.8322,180.35,214.05,38603
3784,baby,1,0,2,0.8369,170.37,212.32,36173.15
3785,baby,1,0,2,0.8055,187.57,247.67,46454.84
3786,baby,1,0,2,0.803,194.43,226.56,44050.43
3787,baby,1,0,2,0.7732,178.22,209,37246.9
3788,baby,1,0,1,0.7862,179.55,192.09,34490.18
3789,baby,1,0,1,0.7469,176.51,213.47,37678.7
3790,baby,1,0,1,0.7972,163.62,199.85,32700.02
3791,baby,1,0,1,0.8035,172.87,198.29,34278.91
3792,baby,1,0,2,0.8081,158.56,199.12,31573.5
3793,baby,1,0,2,0.7827,163.89,211.17,34609.12
3794,baby,1,0,2,0.8156,165.56,215.73,35715.97
3795,baby,1,0,1,0.7693,196.36,209.35,41109.56
3796,baby,1,0,2,0.8003,194.62,232.73,45294.16
3797,baby,1,0,2,0.8227,160.86,225.66,36299.47
3798,baby,1,0,2,0.8125,155.45,217.81,33858.03
3799,baby,1,0,2,0.803,166.59,215.06,35827.01
3800,baby,1,0,1,0.7904,175.64,207.91,36516.81
3801,baby,1,0,2,0.8346,181.48,224.89,40811.87
3802,baby,1,0,2,0.7944,184.73,219.78,40600.46
3803,baby,1,0,2,0.7887,184.9,228.85,42315.82
3804,baby,1,0,2,0.7841,182.49,224.31,40935.52
3805,baby,1,0,2,0.8194,167.49,214.53,35930.85
3806,baby,1,0,1,0.822,150.45,215.49,32421.65
3807,baby,1,0,2,0.8303,169.41,226.89,38436.68
3808,baby,1,0,2,0.8084,172.69,227.27,39247.14
3809,baby,1,0,1,0.6552,172.42,229.15,39510.62
3810,baby,1,0,2,0.8365,166.56,231.26,38519.89
3811,baby,1,0,2,0.8253,181.5,198.49,36024.98
3812,baby,1,0,2,0.7999,185.77,200.2,37191.12
3813,baby,1,0,2,0.8069,176.1,212.49,37420.75
3814,baby,1,0,2,0.8313,182.57,214.44,39150.93
3815,baby,1,0,2,0.807,177.73,216.21,38425.95
3816,baby,1,0,2,0.7986,179.42,207.18,37172.99
3817,baby,1,0,2,0.7889,177.01,207.2,36676.98
3818,baby,1,0,1,0.822,175.33,209.85,36792.24
3819,baby,1,0,2,0.7624,172.53,209.39,36126.56
3820,baby,1,0,2,0.7861,195.16,226.37,44178.15
3821,baby,1,0,2,0.7842,155.97,203.89,31801.14
3822,baby,1,0,2,0.8349,160.45,195.46,31362.04
3823,baby,1,0,2,0.8109,165.63,205.3,34004.25
3824,baby,1,0,2,0.7909,161.47,201.99,32615.11
3825,baby,1,0,2,0.7915,160.89,212.85,34244.11
3826,baby,1,0,2,0.8109,149.19,207.81,31004.35
3827,baby,1,0,2,0.8183,151.14,213.41,32254.71
3828,baby,1,0,2,0.7864,168.5,215.81,36363.06
3829,baby,1,0,2,0.7747,166.18,212,35230.27
3830,baby,1,0,2,0.812,173.78,211.49,36754.2
3831,baby,1,0,2,0.762,173.42,211.82,36734.43
3832,baby,1,0,2,0.7962,178.21,212.55,37879.82
3833,baby,1,0,2,0.6271,180.42,208.87,37682.81
3834,baby,1,0,2,0.6978,167.53,208.84,34988.03
3835,baby,1,0,1,0.785,168.19,202.24,34015.86
3836,baby,1,0,1,0.7596,168.58,200.17,33743.12
3837,baby,1,0,2,0.6798,192.34,218.48,42024.28
3838,baby,1,0,1,0.7915,189.03,208.02,39323.03
3839,baby,1,0,2,0.722,164.84,198.36,32696.79
3840,baby,1,0,2,0.7552,188.31,215.41,40562.78
3841,baby,1,0,2,0.7984,172.7,240.35,41507.54
3842,baby,1,0,2,0.8169,164.36,218.25,35873.23
3843,baby,1,0,2,0.8442,176.64,205.49,36297.1
3844,baby,1,0,2,0.8331,177.22,207.31,36740.35
3845,baby,1,0,2,0.8282,177.7,209.32,37196.72
3846,baby,1,0,2,0.8328,175.19,207.89,36419.92
3847,baby,1,0,2,0.84,191.14,209.02,39952.65
3848,baby,1,0,2,0.84,195.12,210.49,41071.26
3849,baby,1,0,2,0.8211,194.02,206.16,39998.69
3850,baby,1,0,2,0.8198,200.64,200.83,40294.05
3851,baby,1,0,2,0.8236,170.35,211.14,35968.14
3852,baby,1,0,1,0.8334,194.61,210.15,40898.37
3853,baby,1,0,2,0.8243,178.87,208.54,37301
3854,baby,1,0,1,0.8291,193.87,202.67,39291.83
3855,baby,1,0,2,0.8191,191.13,202.52,38708.34
3856,baby,1,0,2,0.8037,196.13,218.1,42777.22
3857,baby,1,0,2,0.8302,178.98,209.69,37529.66
3858,baby,1,0,2,0.8331,199.55,209.97,41899.49
3859,baby,1,0,2,0.8557,189.74,211.94,40213.91
3860,baby,1,0,1,0.822,186.13,207.88,38692.61
3861,baby,1,0,2,0.8418,203.64,209.56,42674.63
3862,baby,1,0,2,0.7992,174.33,248.98,43404.11
3863,baby,1,0,2,0.7539,184.2,227.18,41844.97
3864,baby,1,0,2,0.8001,169.99,209.69,35644.66
3865,baby,1,0,2,0.799,170.64,210.11,35853.32
3866,baby,1,0,2,0.8328,178.22,208.52,37161.92
3867,baby,1,0,2,0.8071,175.78,201.9,35489.65
3868,baby,1,0,2,0.78,177.19,211.87,37542.59
3869,baby,1,0,2,0.8438,171.43,205.18,35173.39
3870,baby,1,0,2,0.8062,181.09,202.56,36682.03
3871,baby,1,0,2,0.8048,205.83,219.27,45131.47
3872,baby,1,0,1,0.8586,162.26,222.78,36147.9
3873,baby,1,0,1,0.787,172.87,213.72,36945.21
3874,baby,1,0,2,0.8172,170.2,230.03,39150.1
3875,baby,1,0,2,0.8003,170.36,224.7,38280.03
3876,baby,1,0,2,0.8326,181.68,236.97,43054.24
3877,baby,1,0,2,0.8064,176.59,213.69,37735.42
3878,baby,1,0,2,0.8485,184.95,220.88,40851.74
3879,baby,1,0,2,0.8041,171.4,209.78,35957.01
3880,baby,1,0,2,0.8101,172.66,231.27,39931.36
3881,baby,1,0,2,0.8357,175.81,220.04,38686.24
3882,baby,1,0,2,0.8457,177.44,227.28,40327.13
3883,baby,1,0,2,0.7895,174.46,218.31,38087.09
3884,baby,1,0,2,0.8284,164.65,220.87,36366.42
3885,baby,1,0,2,0.8357,176.88,204.82,36227.96
3886,baby,1,0,2,0.8153,174.68,216.93,37893.37
3887,baby,1,0,2,0.7598,190.28,216.33,41163.33
3888,baby,1,0,2,0.7209,180.05,241.77,43530.57
3889,baby,1,0,1,0.8154,173.35,220.38,38202.21
3890,baby,1,0,2,0.8234,167.72,216.55,36319.05
3891,baby,1,0,2,0.8286,181.83,235.53,42827.95
3892,baby,1,0,2,0.8445,160.85,219.51,35306.51
3893,baby,1,0,2,0.8177,157.9,211.28,33359.61
3894,baby,1,0,2,0.8449,159.05,207.68,33031.77
3895,baby,1,0,2,0.8427,155.66,230.39,35863.17
3896,baby,1,0,2,0.83,174.96,233.6,40870.44
3897,baby,1,0,2,0.8323,168.9,221.15,37351.43
3898,baby,1,0,2,0.8295,165.01,212.58,35077.56
3899,baby,1,0,2,0.8062,178.6,225.51,40277.04
3900,baby,1,0,2,0.7958,185.69,226.92,42136.41
3901,baby,1,0,2,0.7953,191.7,213.19,40867.27
3902,baby,1,0,2,0.8299,168.2,208.09,34999.58
3903,baby,1,0,2,0.8012,178,224.14,39896.75
3904,baby,1,0,2,0.7218,180.05,224.62,40444.33
3905,baby,1,0,2,0.838,163.46,203.87,33324.99
3906,baby,1,0,2,0.8177,176.14,219.41,38648.14
3907,baby,1,0,1,0.7802,169.82,226.87,38527.05
3908,baby,1,0,1,0.737,187.32,224.19,41996.31
3909,baby,1,0,2,0.7822,198.11,221.75,43930.97
3910,baby,1,0,2,0.8425,153.88,195.68,30112.51
3911,baby,1,0,2,0.8388,167.62,215.3,36088.36
3912,baby,1,0,2,0.8103,171.25,216.84,37134.66
3913,baby,1,0,2,0.8169,151.69,205.84,31225
3914,baby,1,0,2,0.7955,180.41,222.73,40183.88
3915,baby,1,0,1,0.8244,164.58,217.4,35779.25
3916,baby,1,0,2,0.7314,188.9,222.35,42000.68
3917,baby,1,0,1,0.7419,202.16,207.49,41946.7
3918,baby,1,0,2,0.7903,185.35,226.25,41934.89
3919,baby,1,0,2,0.7849,185.01,220.01,40704.03
3920,baby,1,0,1,0.78,184.6,218.45,40326.44
3921,baby,1,0,1,0.7915,194.03,239.19,46410.44
3922,baby,1,0,2,0.7886,173.94,213.52,37139.91
3923,baby,1,0,2,0.683,164.73,222.25,36610.09
3924,baby,1,0,1,0.7696,167.93,208.65,35038.93
3925,baby,1,0,2,0.787,173.32,218.74,37911.82
3926,baby,1,0,1,0.7711,173.96,218.71,38046.88
3927,baby,1,0,2,0.825,178.77,217.7,38919.8
3928,baby,1,0,2,0.8094,170.29,221.95,37796.66
3929,baby,1,0,2,0.7991,177.39,215.8,38280.45
3930,baby,1,0,2,0.8584,191.82,250.48,48046.9
3931,baby,1,0,2,0.807,187.54,221.97,41628.92
3932,baby,1,0,1,0.8044,163.57,226.69,37078.81
3933,baby,1,0,2,0.8198,172.1,211.77,36445.91
3934,baby,1,0,2,0.7727,188.49,216.71,40846.57
3935,baby,1,0,2,0.8029,157.62,229.99,36251.82
3936,baby,1,0,1,0.8192,178.78,218.47,39057.24
3937,baby,1,0,2,0.8056,189.81,213.92,40604.02
3938,baby,1,0,2,0.7891,156.17,218.92,34187.65
3939,baby,1,0,2,0.8023,151.72,206.09,31267.69
3940,baby,1,0,2,0.7326,193.28,225.04,43495.16
3941,baby,1,0,2,0.8168,185.94,210.11,39066.93
3942,baby,1,0,2,0.8124,157.33,222.85,35060.39
3943,baby,1,0,2,0.7958,173.89,212.83,37008.43
3944,baby,1,0,2,0.8011,178.11,204.17,36364.31
3945,baby,1,0,2,0.7833,196.29,186.97,36700.95
3946,baby,1,0,2,0.7695,156.81,214.14,33578.92
3947,baby,1,0,2,0.8243,157.61,206.37,32525.19
3948,baby,1,0,2,0.8274,157.61,204.84,32283.91
3949,baby,1,0,2,0.7828,138.62,209.65,29062.27
3950,baby,1,0,2,0.7796,186.4,207.83,38740.87
3951,baby,1,0,1,0.7149,177.22,206.3,36561.34
3952,baby,1,0,2,0.765,183.6,213.98,39286.65
3953,baby,1,0,1,0.7684,168.88,224.05,37837.82
3954,baby,1,0,2,0.7907,156.99,219.63,34480.01
3955,baby,1,0,2,0.7828,156.6,217.01,33982.87
3956,baby,1,0,2,0.6807,130.21,200.64,26124.4
3957,baby,1,0,2,0.7507,161.97,210.29,34059.83
3958,baby,1,0,2,0.8241,150.57,197.99,29811.57
3959,baby,1,0,2,0.7817,166.06,212.24,35244.24
3960,baby,1,0,2,0.8245,178.33,211.09,37644.47
3961,baby,1,0,2,0.7511,157.79,206.18,32532.41
3962,baby,1,0,1,0.7991,162.36,193.82,31468.07
3963,baby,1,0,2,0.828,153.26,208.72,31988.5
3964,baby,1,0,2,0.7904,155.03,193.03,29926.69
3965,baby,1,0,2,0.8025,151.96,208.3,31653.11
3966,baby,1,0,2,0.8065,155.07,212.99,33028.5
3967,baby,1,0,2,0.7623,152.64,211,32207.18
3968,baby,1,0,1,0.7081,186.43,205.93,38391.57
3969,baby,1,0,2,0.8147,146.08,198.36,28976.02
3970,baby,1,0,2,0.8144,180.18,256.87,46281.67
3971,baby,1,0,2,0.7748,136.85,189.5,25934.18
3972,baby,1,0,2,0.8227,168.01,193.03,32430.61
3973,baby,1,0,2,0.8007,205.71,215.18,44264.6
3974,baby,1,0,2,0.813,145.24,201.18,29218.11
3975,baby,1,0,2,0.8234,190.26,226.94,43178.33
3976,baby,1,0,2,0.8126,153.54,198.87,30533.53
3977,baby,1,0,2,0.791,154.41,216.42,33415.87
3978,baby,1,0,2,0.7566,143.94,208.43,30000.75
3979,baby,1,0,2,0.744,150.22,210.12,31563.47
3980,baby,1,0,2,0.7805,139.64,218.88,30563.71
3981,baby,1,0,2,0.7408,165.42,199.48,32999
3982,none,0,0,0,0,0,0,0
3983,baby,1,0,2,0.8159,147.78,205.21,30326.44
3984,baby,1,0,2,0.741,171.68,205.66,35307.74
3985,baby,1,0,2,0.7855,195.14,205.49,40097.84
3986,baby,1,0,2,0.8135,146.62,210.14,30809.86
3987,baby,1,0,2,0.7484,160.42,205.11,32903.21
3988,baby,1,0,2,0.8336,138.45,208.42,28855.3
3989,baby,1,0,2,0.811,159.61,210.91,33664
3990,baby,1,0,2,0.821,187.11,225.04,42108.58
3991,baby,1,0,1,0.7953,160.55,187.85,30159.18
3992,baby,1,0,2,0.7991,175.44,215.93,37883.86
3993,baby,1,0,2,0.7786,159.23,189.72,30209.87
3994,baby,1,0,2,0.7947,137.84,214.42,29555.86
3995,baby,1,0,2,0.8163,187.28,260.72,48826.36
3996,baby,1,0,1,0.7199,169.92,198.94,33803.52
3997,baby,1,0,2,0.7957,199.36,217.27,43314.05
3998,baby,1,0,2,0.803,179.08,235.81,42227.85
3999,baby,1,0,2,0.7809,191.89,232.97,44704.96
4000,baby,1,0,2,0.8219,196.59,234.06,46013.42
4001,baby,1,0,2,0.7834,188.32,223.21,42035.43
4002,baby,1,0,1,0.6498,127.28,181.52,23103.86
4003,baby,1,0,1,0.6923,196.7,234.48,46121.17
4004,baby,1,0,1,0.8411,205.55,244.5,50256.13
4005,none,0,0,0,0,0,0,0
4006,baby,1,0,1,0.7201,185.95,233.06,43337.3
4007,baby,1,0,1,0.7295,174.95,239.4,41884.73
4008,none,0,0,0,0,0,0,0
4009,baby,1,0,1,0.7242,170.9,216.12,36933.31
4010,baby,1,0,1,0.7096,200,214.74,42947.74
4011,baby,1,0,1,0.7423,198.18,233.39,46253.65
4012,baby,1,0,1,0.809,210.12,225.66,47416.8
4013,baby,1,0,2,0.8057,199.8,226.19,45194.04
4014,baby,1,0,2,0.7869,181.71,220.81,40123.65
4015,baby,1,0,2,0.7858,169.92,232.67,39535.39
4016,baby,1,0,2,0.8129,146.03,210.07,30676.53
4017,baby,1,0,2,0.8281,146.45,229.23,33570.46
4018,baby,1,0,2,0.8374,150.31,226.15,33993.24
4019,baby,1,0,2,0.813,148.56,206.07,30612.91
4020,baby,1,0,2,0.7261,140.65,191.23,26897.01
4021,baby,1,0,2,0.783,131.36,197.27,25913.84
4022,baby,1,0,2,0.6593,191.22,211.83,40506.17
4023,baby,1,0,2,0.7755,132.24,201.32,26623.22
4024,baby,1,0,2,0.7842,183.21,215.04,39397.31
4025,baby,1,0,2,0.7134,182.85,211.62,38695.16
4026,baby,1,0,2,0.7475,145.42,199.54,29018.13
4027,baby,1,0,2,0.7865,129.74,179.4,23276.66
4028,baby,1,0,2,0.8245,131.56,184.94,24330.12
4029,baby,1,0,2,0.8105,122.01,172.06,20992.89
4030,baby,1,0,1,0.7735,171.79,204.61,35149.32
4031,baby,1,0,2,0.7948,128.73,177.96,22909.13
4032,baby,1,0,2,0.8088,141,191.43,26990.73
4033,baby,1,0,2,0.7733,171.23,201.15,34443.82
4034,baby,1,0,2,0.7767,187.39,210.94,39527.28
4035,baby,1,0,1,0.7448,157.84,198.68,31358.87
4036,baby,1,0,2,0.8153,147,185.17,27219.51
4037,baby,1,0,1,0.7175,176.98,187.89,33252.79
4038,baby,1,0,1,0.7391,156.02,184.73,28821.72
4039,baby,1,0,2,0.8029,183.07,196.59,35991.16
4040,baby,1,0,1,0.7695,141.32,195.14,27576.64
4041,baby,1,0,2,0.7336,144.4,195.07,28169.08
4042,baby,1,0,1,0.7774,149.86,196.66,29470.42
4043,baby,1,0,1,0.8069,143.48,191.56,27485.56
4044,baby,1,0,1,0.7694,140.93,200.1,28200.27
4045,baby,1,0,1,0.7627,145.87,182.36,26599.51
4046,baby,1,0,1,0.6583,148.56,177.89,26425.81
4047,baby,1,0,1,0.7546,135.72,182.35,24748.87
4048,baby,1,0,1,0.7822,144.72,180.69,26149.66
4049,baby,1,0,1,0.6682,153.77,191.97,29518.93
4050,none,0,0,0,0,0,0,0
4051,baby,1,0,1,0.7616,191.92,206.09,39552.42
4052,baby,1,0,1,0.7882,192.28,206.42,39689.82
4053,baby,1,0,1,0.7493,187.83,218.14,40973.53
4054,baby,1,0,1,0.819,194.29,205.15,39859.79
4055,baby,1,0,1,0.6993,192.31,181.69,34941.41
4056,baby,1,0,1,0.785,202.27,209.67,42408.39
4057,baby,1,0,1,0.771,190.19,187.97,35751.24
4058,baby,1,0,1,0.7818,192.74,200.6,38665.33
4059,baby,1,0,1,0.8237,178.02,201.71,35908.58
4060,baby,1,0,1,0.8009,195,219.58,42816.62
4061,none,0,0,0,0,0,0,0
4062,baby,1,0,1,0.71,180.2,220.23,39685.46
4063,baby,1,0,1,0.6985,204,178.74,36462.28
4064,baby,1,0,1,0.7848,203.51,211.8,43102.82
4065,baby,1,0,1,0.7883,184.11,222.84,41027.96
4066,baby,1,0,1,0.7,192.92,232.43,44839.38
4067,baby,1,0,1,0.7727,187.22,245.11,45888.39
4068,baby,1,0,1,0.7236,193.08,219.51,42383.24
4069,baby,1,0,1,0.7836,192.26,212.33,40822.29
4070,baby,1,0,1,0.7852,181.5,207.82,37719.62
4071,baby,1,0,1,0.7969,182.48,201.56,36780.73
4072,baby,1,0,1,0.7959,170.55,205.02,34965.32
4073,baby,1,0,1,0.8252,178.14,221.54,39463.48
4074,baby,1,0,1,0.8279,192.48,187.79,36146.52
4075,baby,1,0,1,0.8159,176.49,214.36,37830.92
4076,baby,1,0,1,0.8052,190.47,211.24,40234.48
4077,baby,1,0,1,0.7886,193.52,218.45,42274.6
4078,baby,1,0,1,0.8224,197.84,214.6,42457.11
4079,baby,1,0,1,0.7913,199.64,207.41,41406.35
4080,baby,1,0,1,0.8079,192.1,218.66,42004.96
4081,baby,1,0,1,0.7127,201.99,214.96,43420.74
4082,baby,1,0,1,0.6983,206.21,214.15,44159.78
4083,baby,1,0,1,0.7273,208.25,224.49,46749.63
4084,baby,1,0,1,0.7794,196.32,194.74,38231.38
4085,baby,1,0,1,0.6417,204.65,203.4,41625.46
4086,none,0,0,0,0,0,0,0
4087,baby,1,0,1,0.621,195.14,211.43,41259.77
4088,baby,1,0,1,0.8013,190.51,211.31,40254.86
4089,baby,1,0,2,0.7451,190.26,231.1,43969.05
4090,baby,1,0,1,0.743,189.18,211.43,39998.43
4091,baby,1,0,1,0.7977,177.48,215.3,38211.42
4092,baby,1,0,1,0.796,170.66,218.09,37218.13
4093,baby,1,0,2,0.8294,168.89,218.12,36838.77
4094,baby,1,0,2,0.7989,178.95,221.24,39591.16
4095,baby,1,0,2,0.7898,126.07,170.84,21538.03
4096,baby,1,0,2,0.8377,177.36,222.05,39384.19
4097,baby,1,0,2,0.8061,166.92,220.4,36788.5
4098,baby,1,0,1,0.8189,179.72,213.99,38458.7
4099,baby,1,0,2,0.8351,179.74,219.59,39469.32
4100,baby,1,0,1,0.8389,181.79,215.46,39169.5
4101,baby,1,0,2,0.8287,187.28,222.3,41634.31
4102,baby,1,0,2,0.8281,141.77,203.34,28827.54
4103,baby,1,0,2,0.8183,130.28,172.45,22467.4
4104,baby,1,0,2,0.8319,133.46,178.86,23870.57
4105,baby,1,0,2,0.8269,189.08,220.72,41733.59
4106,baby,1,0,2,0.788,183.27,214.85,39376.39
4107,baby,1,0,2,0.8014,178.06,217.45,38718.62
4108,baby,1,0,2,0.8404,161.92,219.44,35531.89
4109,baby,1,0,2,0.7963,145.8,211.15,30786.03
4110,baby,1,0,2,0.8102,139.89,213.67,29890.03
4111,baby,1,0,2,0.8004,147.24,224.03,32986.74
4112,baby,1,0,2,0.7591,156.83,229.36,35970.17
4113,baby,1,0,2,0.7903,154.18,230.16,35484.95
4114,baby,1,0,2,0.8215,159.21,230.5,36696.91
4115,baby,1,0,2,0.8046,192.36,235.53,45305.62
4116,baby,1,0,1,0.8123,197.02,236.74,46642
4117,baby,1,0,1,0.743,185.57,232.72,43184.97
4118,baby,1,0,1,0.7514,202.78,220.43,44699.68
4119,baby,1,0,1,0.7126,195.38,224.25,43813.73
4120,baby,1,0,1,0.8528,200.26,224.96,45052.43
4121,baby,1,0,1,0.7932,198.99,213.52,42487.5
4122,baby,1,0,1,0.8215,188.49,222.45,41929.53
4123,baby,1,0,1,0.8029,175.04,215.85,37783.6
4124,baby,1,0,1,0.844,153.73,218.34,33565.17
4125,baby,1,0,1,0.8384,159.12,251.53,40024.14
4126,baby,1,0,1,0.8192,199.67,212.39,42407.9
4127,none,0,0,0,0,0,0,0
4128,none,0,0,0,0,0,0,0
4129,none,0,0,0,0,0,0,0
4130,none,0,0,0,0,0,0,0
4131,none,0,0,0,0,0,0,0
4132,none,0,0,0,0,0,0,0
4133,none,0,0,0,0,0,0,0
4134,none,0,0,0,0,0,0,0
4135,none,0,0,0,0,0,0,0
4136,none,0,0,0,0,0,0,0
4137,none,0,0,0,0,0,0,0
4138,none,0,0,0,0,0,0,0
4139,none,0,0,0,0,0,0,0
4140,none,0,0,0,0,0,0,0
4141,none,0,0,0,0,0,0,0
4142,none,0,0,0,0,0,0,0
4143,none,0,0,0,0,0,0,0
4144,none,0,0,0,0,0,0,0
4145,none,0,0,0,0,0,0,0
4146,none,0,0,0,0,0,0,0
4147,none,0,0,0,0,0,0,0
4148,none,0,0,0,0,0,0,0
4149,none,0,0,0,0,0,0,0
4150,none,0,0,0,0,0,0,0
4151,none,0,0,0,0,0,0,0
4152,none,0,0,0,0,0,0,0
4153,none,0,0,0,0,0,0,0
4154,none,0,0,0,0,0,0,0
4155,none,0,0,0,0,0,0,0
4156,none,0,0,0,0,0,0,0
4157,none,0,0,0,0,0,0,0
4158,none,0,0,0,0,0,0,0
4159,none,0,0,0,0,0,0,0
4160,none,0,0,0,0,0,0,0
4161,none,0,0,0,0,0,0,0
4162,none,0,0,0,0,0,0,0
4163,none,0,0,0,0,0,0,0
4164,none,0,0,0,0,0,0,0
4165,none,0,0,0,0,0,0,0
4166,none,0,0,0,0,0,0,0
4167,none,0,0,0,0,0,0,0
4168,none,0,0,0,0,0,0,0
4169,none,0,0,0,0,0,0,0
4170,none,0,0,0,0,0,0,0
4171,none,0,0,0,0,0,0,0
4172,none,0,0,0,0,0,0,0
4173,none,0,0,0,0,0,0,0
4174,none,0,0,0,0,0,0,0
4175,none,0,0,0,0,0,0,0
4176,none,0,0,0,0,0,0,0
4177,none,0,0,0,0,0,0,0
4178,none,0,0,0,0,0,0,0
4179,none,0,0,0,0,0,0,0
4180,none,0,0,0,0,0,0,0
4181,none,0,0,0,0,0,0,0
4182,none,0,0,0,0,0,0,0
4183,none,0,0,0,0,0,0,0
4184,none,0,0,0,0,0,0,0
4185,none,0,0,0,0,0,0,0
4186,none,0,0,0,0,0,0,0
4187,none,0,0,0,0,0,0,0
4188,none,0,0,0,0,0,0,0
4189,none,0,0,0,0,0,0,0
4190,none,0,0,0,0,0,0,0
4191,none,0,0,0,0,0,0,0
4192,none,0,0,0,0,0,0,0
4193,none,0,0,0,0,0,0,0
4194,none,0,0,0,0,0,0,0
4195,none,0,0,0,0,0,0,0
4196,none,0,0,0,0,0,0,0
4197,none,0,0,0,0,0,0,0
4198,none,0,0,0,0,0,0,0
4199,none,0,0,0,0,0,0,0
4200,none,0,0,0,0,0,0,0
4201,none,0,0,0,0,0,0,0
4202,none,0,0,0,0,0,0,0
4203,none,0,0,0,0,0,0,0
4204,none,0,0,0,0,0,0,0
4205,none,0,0,0,0,0,0,0
4206,none,0,0,0,0,0,0,0
4207,none,0,0,0,0,0,0,0
4208,none,0,0,0,0,0,0,0
4209,none,0,0,0,0,0,0,0
4210,none,0,0,0,0,0,0,0
4211,none,0,0,0,0,0,0,0
4212,none,0,0,0,0,0,0,0
4213,none,0,0,0,0,0,0,0
4214,none,0,0,0,0,0,0,0
4215,none,0,0,0,0,0,0,0
4216,none,0,0,0,0,0,0,0
4217,none,0,0,0,0,0,0,0
4218,none,0,0,0,0,0,0,0
4219,none,0,0,0,0,0,0,0
4220,none,0,0,0,0,0,0,0
4221,none,0,0,0,0,0,0,0
4222,none,0,0,0,0,0,0,0
4223,none,0,0,0,0,0,0,0
4224,none,0,0,0,0,0,0,0
4225,none,0,0,0,0,0,0,0
4226,none,0,0,0,0,0,0,0
4227,none,0,0,0,0,0,0,0
4228,none,0,0,0,0,0,0,0
4229,none,0,0,0,0,0,0,0
4230,none,0,0,0,0,0,0,0
4231,none,0,0,0,0,0,0,0
4232,none,0,0,0,0,0,0,0
4233,none,0,0,0,0,0,0,0
4234,none,0,0,0,0,0,0,0
4235,none,0,0,0,0,0,0,0
4236,none,0,0,0,0,0,0,0
4237,none,0,0,0,0,0,0,0
4238,none,0,0,0,0,0,0,0
4239,none,0,0,0,0,0,0,0
4240,none,0,0,0,0,0,0,0
4241,none,0,0,0,0,0,0,0
4242,none,0,0,0,0,0,0,0
4243,none,0,0,0,0,0,0,0
4244,none,0,0,0,0,0,0,0
4245,none,0,0,0,0,0,0,0
4246,none,0,0,0,0,0,0,0
4247,none,0,0,0,0,0,0,0
4248,none,0,0,0,0,0,0,0
4249,none,0,0,0,0,0,0,0
4250,none,0,0,0,0,0,0,0
4251,none,0,0,0,0,0,0,0
4252,none,0,0,0,0,0,0,0
4253,none,0,0,0,0,0,0,0
4254,none,0,0,0,0,0,0,0
4255,none,0,0,0,0,0,0,0
4256,none,0,0,0,0,0,0,0
4257,none,0,0,0,0,0,0,0
4258,none,0,0,0,0,0,0,0
4259,none,0,0,0,0,0,0,0
4260,none,0,0,0,0,0,0,0
4261,none,0,0,0,0,0,0,0
4262,empty_seat,0,1,0,0.6108,400.39,346.06,138559.76
4263,empty_seat,0,1,0,0.6136,410.08,345.7,141765.76
4264,empty_seat,0,1,0,0.6576,404.91,355.19,143821
4265,none,0,0,0,0,0,0,0
4266,none,0,0,0,0,0,0,0
4267,none,0,0,0,0,0,0,0
4268,none,0,0,0,0,0,0,0
4269,none,0,0,0,0,0,0,0
4270,empty_seat,0,1,0,0.655,208.11,348.44,72513.51
4271,none,0,0,0,0,0,0,0
4272,empty_seat,0,1,0,0.6292,405.06,396.9,160769.77
4273,empty_seat,0,1,0,0.6423,406.53,394.04,160189.5
4274,empty_seat,0,1,0,0.621,408.42,398.8,162877.67
4275,empty_seat,0,1,0,0.7255,407.68,406.35,165660.8
4276,empty_seat,0,1,0,0.6836,406.96,402.31,163721.85
4277,empty_seat,0,1,0,0.6761,408.83,395.18,161558.43
4278,empty_seat,0,1,0,0.6727,407.01,400.11,162847.53
4279,empty_seat,0,1,0,0.6892,406.47,395.01,160561.73
4280,empty_seat,0,1,0,0.6492,407.95,396.6,161794.98
4281,empty_seat,0,1,0,0.7101,408.42,398.96,162941.01
4282,empty_seat,0,1,0,0.6919,406.82,391.88,159422.35
4283,empty_seat,0,1,0,0.6722,405.95,402.7,163475.56
4284,empty_seat,0,1,0,0.6544,406.64,395.21,160709.97
4285,empty_seat,0,1,0,0.7084,409.02,399,163202.02
4286,empty_seat,0,1,0,0.6809,407.29,398.79,162420.63
4287,empty_seat,0,1,0,0.6917,406.16,397.31,161369.45
4288,empty_seat,0,1,0,0.6824,406.7,396.56,161280.06
4289,empty_seat,0,1,0,0.6555,408.03,391.51,159746.01
4290,empty_seat,0,1,0,0.6585,408.06,399.34,162951.49
4291,empty_seat,0,1,0,0.7234,406.96,397.37,161715.02
4292,empty_seat,0,1,0,0.6751,408.83,395.83,161828.49
4293,empty_seat,0,1,0,0.6893,409.17,397.87,162795.94
4294,empty_seat,0,1,0,0.6085,408.42,399.51,163170.01
4295,none,0,0,0,0,0,0,0
4296,empty_seat,0,1,0,0.6624,404.67,403.5,163284.94
4297,empty_seat,0,1,0,0.6283,403,401.5,161806.38
4298,empty_seat,0,1,0,0.6852,406.78,395.26,160785.81
4299,empty_seat,0,1,0,0.6707,409.52,397.3,162704.22
4300,empty_seat,0,1,0,0.6925,407.38,396.16,161388.79
4301,empty_seat,0,1,0,0.7084,407.41,399.36,162703.22
4302,empty_seat,0,1,0,0.651,408.41,394.31,161040.35
4303,empty_seat,0,1,0,0.7195,407.4,396.94,161712.42
4304,empty_seat,0,1,0,0.6989,404.33,401.41,162299.76
4305,none,0,0,0,0,0,0,0
4306,empty_seat,0,1,0,0.6004,409.13,396.6,162263.38
4307,empty_seat,0,1,0,0.686,405.38,403.07,163395.76
4308,empty_seat,0,1,0,0.6615,408.24,403.75,164824.89
4309,empty_seat,0,1,0,0.6076,405.3,390.12,158115.22
4310,empty_seat,0,1,0,0.6774,408.36,402.51,164367.25
4311,empty_seat,0,1,0,0.6974,406.58,400.79,162953.84
4312,empty_seat,0,1,0,0.6518,408.96,402.96,164796.13
4313,empty_seat,0,1,0,0.6381,406.75,396.32,161205.55
4314,none,0,0,0,0,0,0,0
4315,empty_seat,0,1,0,0.6024,410.58,405.25,166387.83
4316,none,0,0,0,0,0,0,0
4317,empty_seat,0,1,0,0.6498,409.76,400.81,164234.54
4318,empty_seat,0,1,0,0.7088,408.3,404.34,165092.14
4319,empty_seat,0,1,0,0.628,404.68,403.49,163285.15
4320,empty_seat,0,1,0,0.6402,406.77,397.25,161591.24
4321,empty_seat,0,1,0,0.6756,403.49,407.61,164466.36
4322,empty_seat,0,1,0,0.693,403.4,410.22,165484.82
4323,empty_seat,0,1,0,0.6417,405.91,403.11,163626.7
4324,empty_seat,0,1,0,0.6191,408.24,402.67,164386
4325,empty_seat,0,1,0,0.6176,406.2,397.03,161270.26
4326,none,0,0,0,0,0,0,0
4327,none,0,0,0,0,0,0,0
4328,none,0,0,0,0,0,0,0
4329,none,0,0,0,0,0,0,0
4330,none,0,0,0,0,0,0,0
4331,none,0,0,0,0,0,0,0
4332,none,0,0,0,0,0,0,0
4333,none,0,0,0,0,0,0,0
4334,empty_seat,0,1,0,0.6166,406.65,406.35,165241.53
4335,empty_seat,0,1,0,0.6721,405.55,404.6,164085.25
4336,empty_seat,0,1,0,0.7217,406.87,407.51,165803.93
4337,none,0,0,0,0,0,0,0
4338,none,0,0,0,0,0,0,0
4339,none,0,0,0,0,0,0,0
4340,none,0,0,0,0,0,0,0
4341,empty_seat,0,1,0,0.6447,406.53,396.67,161258.6
4342,empty_seat,0,1,0,0.631,407.41,398.99,162553.76
4343,empty_seat,0,1,0,0.7113,409.79,398.8,163424.22
4344,empty_seat,0,1,0,0.6882,403.21,392.4,158220.91
4345,empty_seat,0,1,0,0.6389,407.7,398.49,162463.08
4346,none,0,0,0,0,0,0,0
4347,empty_seat,0,1,0,0.6325,408.66,397.49,162437.89
4348,empty_seat,0,1,0,0.6157,406.66,398.53,162065.18
4349,empty_seat,0,1,0,0.6854,404.69,395.26,159959.7
4350,empty_seat,0,1,0,0.639,405.37,398.43,161513.6
4351,empty_seat,0,1,0,0.6615,406.83,404.79,164679.97
4352,empty_seat,0,1,0,0.7182,404.45,399.58,161608.92
4353,empty_seat,0,1,0,0.6236,405.38,396.74,160830.04
4354,empty_seat,0,1,0,0.6453,409.88,400.1,163995.85
4355,empty_seat,0,1,0,0.7188,403.9,397.05,160369.11
4356,empty_seat,0,1,0,0.6659,405.76,394.7,160151.66
4357,empty_seat,0,1,0,0.6629,410.55,404.84,166208.28
4358,empty_seat,0,1,0,0.704,406.12,398.79,161958.34
4359,empty_seat,0,1,0,0.6482,406.28,404.21,164223.18
4360,none,0,0,0,0,0,0,0
4361,none,0,0,0,0,0,0,0
4362,none,0,0,0,0,0,0,0
4363,empty_seat,0,1,0,0.6688,407.49,388.41,158275.44
4364,empty_seat,0,1,0,0.7323,407.39,400.12,163005.36
4365,empty_seat,0,1,0,0.8036,405.14,414.96,168117.11
4366,empty_seat,0,1,0,0.8234,408.82,423.54,173152.85
4367,empty_seat,0,1,0,0.7965,409.17,414.74,169699.19
4368,empty_seat,0,1,0,0.8185,407.78,417.17,170113.89
4369,empty_seat,0,1,0,0.8225,408.2,418.67,170900.54
4370,empty_seat,0,1,0,0.8184,404.39,417.21,168713.37
4371,empty_seat,0,1,0,0.7989,406.1,418.2,169829.9
4372,empty_seat,0,1,0,0.8309,406.38,422.22,171581.53
4373,empty_seat,0,1,0,0.8086,408.33,412.05,168252.19
4374,empty_seat,0,1,0,0.8051,404.39,415.19,167898.57
4375,empty_seat,0,1,0,0.8043,410.11,418.76,171741.16
4376,empty_seat,0,1,0,0.8293,405.27,419.66,170076.23
4377,empty_seat,0,1,0,0.8258,405.85,418.88,170002.72
4378,empty_seat,0,1,0,0.7973,407.77,409.38,166931.7
4379,empty_seat,0,1,0,0.833,407.59,412.28,168041.48
4380,empty_seat,0,1,0,0.8083,402.89,405.67,163440.28
4381,empty_seat,0,1,0,0.8081,408.03,414.55,169148.99
4382,empty_seat,0,1,0,0.7942,408.97,407.39,166612.94
4383,empty_seat,0,1,0,0.8126,407.11,417.83,170105.36
4384,empty_seat,0,1,0,0.8218,409.32,423.17,173210.75
4385,empty_seat,0,1,0,0.8067,406.93,414.3,168589.99
4386,empty_seat,0,1,0,0.7981,406.9,413.91,168419.92
4387,empty_seat,0,1,0,0.8052,408.85,419.25,171408.53
4388,empty_seat,0,1,0,0.8311,407.51,419.73,171046.3
4389,empty_seat,0,1,0,0.819,404.84,411.07,166419.46
4390,empty_seat,0,1,0,0.8535,410.12,419.57,172070.11
4391,empty_seat,0,1,0,0.8168,409.24,412.68,168885.86
4392,empty_seat,0,1,0,0.8269,403.59,415.03,167501.13
4393,empty_seat,0,1,0,0.8186,407.96,417.46,170308.49
4394,empty_seat,0,1,0,0.8202,405.81,417.08,169254.55
4395,empty_seat,0,1,0,0.826,408.84,409.94,167600.92
4396,empty_seat,0,1,0,0.8246,408.62,419.15,171272.9
4397,empty_seat,0,1,0,0.8089,408.94,413.56,169120.33
4398,empty_seat,0,1,0,0.825,405.99,413,167673.28
4399,empty_seat,0,1,0,0.8211,406.3,414.76,168517.01
4400,empty_seat,0,1,0,0.7918,405.37,418.88,169802.88
4401,empty_seat,0,1,0,0.8144,407.75,411.11,167630.26
4402,empty_seat,0,1,0,0.7921,402.98,412.41,166192.57
4403,empty_seat,0,1,0,0.8218,403.4,412.89,166559.19
4404,empty_seat,0,1,0,0.8202,407.66,413.93,168744.8
4405,empty_seat,0,1,0,0.8266,405.46,409,165832.89
4406,empty_seat,0,1,0,0.8308,406.07,416.34,169064.28
4407,empty_seat,0,1,0,0.8223,406.34,412.57,167642.62
4408,empty_seat,0,1,0,0.8296,408.47,413.43,168874.96
4409,empty_seat,0,1,0,0.8203,404.69,408.55,165336.38
4410,empty_seat,0,1,0,0.8191,407.41,413.77,168574.68
4411,empty_seat,0,1,0,0.8381,404.25,417.1,168614.02
4412,empty_seat,0,1,0,0.808,407.95,407.13,166089.93
4413,empty_seat,0,1,0,0.8115,410.52,414.6,170200.93
4414,empty_seat,0,1,0,0.7873,404.52,414.46,167658.42
4415,empty_seat,0,1,0,0.8006,405.04,411.93,166845.23
4416,empty_seat,0,1,0,0.8067,408.6,413.14,168808.44
4417,empty_seat,0,1,0,0.8001,405.14,414.86,168075.56
4418,empty_seat,0,1,0,0.8208,407.26,420.72,171341.39
4419,empty_seat,0,1,0,0.8383,409.6,423.35,173402.47
4420,empty_seat,0,1,0,0.8373,405.37,413.76,167726.84
4421,empty_seat,0,1,0,0.8456,406.12,417.94,169733.49
4422,empty_seat,0,1,0,0.8158,405.13,416.24,168631.35
4423,empty_seat,0,1,0,0.8263,407.6,418.61,170623.47
4424,empty_seat,0,1,0,0.8091,405.48,415.76,168580.67
4425,empty_seat,0,1,0,0.735,406.6,422.15,171647.53
4426,empty_seat,0,1,0,0.6014,413.88,401.74,166269.76
4427,empty_seat,0,1,0,0.7283,405.18,393.24,159334.07
4428,empty_seat,0,1,0,0.6668,404.97,386.7,156600.29
4429,none,0,0,0,0,0,0,0
4430,empty_seat,0,1,0,0.7223,417.77,406.46,169807.03
4431,empty_seat,0,1,0,0.6042,415.78,401.07,166757.4
4432,none,0,0,0,0,0,0,0
4433,none,0,0,0,0,0,0,0
4434,empty_seat,0,1,0,0.6958,409.41,400.33,163899.95
4435,empty_seat,0,1,0,0.6282,411.73,394.58,162458.13
4436,none,0,0,0,0,0,0,0
4437,empty_seat,0,1,0,0.681,410.56,405.3,166400.17
4438,empty_seat,0,1,0,0.7166,413.38,406.1,167873.59
4439,empty_seat,0,1,0,0.6535,414.92,394.47,163670.18
4440,empty_seat,0,1,0,0.6905,414.92,404.86,167985.2
4441,empty_seat,0,1,0,0.6377,412.57,401.84,165785.12
4442,empty_seat,0,1,0,0.6573,414.86,401.18,166435.9
4443,empty_seat,0,1,0,0.6366,414.44,394.02,163297.24
4444,empty_seat,0,1,0,0.6397,414.15,398.16,164895.64
4445,empty_seat,0,1,0,0.6153,415.93,408.32,169830.63
4446,empty_seat,0,1,0,0.7276,414.56,401.16,166304.83
4447,empty_seat,0,1,0,0.6398,415.27,401.11,166569.38
4448,empty_seat,0,1,0,0.6442,411.24,398.18,163747.08
4449,none,0,0,0,0,0,0,0
4450,empty_seat,0,1,0,0.7158,415.21,408.46,169593.72
4451,none,0,0,0,0,0,0,0
4452,empty_seat,0,1,0,0.7758,411.24,426.36,175334.1
4453,empty_seat,0,1,0,0.809,408.61,420.15,171678.52
4454,empty_seat,0,1,0,0.8175,406.41,414.2,168336.46
4455,empty_seat,0,1,0,0.7971,406.85,418.55,170288.25
4456,empty_seat,0,1,0,0.8401,405.81,425.95,172852.9
4457,empty_seat,0,1,0,0.8064,405.37,419.65,170112.83
4458,empty_seat,0,1,0,0.8079,404.63,416.92,168701.3
4459,empty_seat,0,1,0,0.7828,406.62,417.61,169810.14
4460,empty_seat,0,1,0,0.8435,409.96,423.76,173725.74
4461,empty_seat,0,1,0,0.8248,405.2,424.42,171973.77
4462,empty_seat,0,1,0,0.8044,401.31,399.66,160388.63
4463,empty_seat,0,1,0,0.7568,389.82,383.75,149594.9
4464,none,0,0,0,0,0,0,0
4465,empty_seat,0,1,0,0.7832,406.7,414.78,168689.67
4466,empty_seat,0,1,0,0.8075,400.97,416.68,167076.83
4467,empty_seat,0,1,0,0.8315,410.63,418.86,171998.55
4468,empty_seat,0,1,0,0.819,403.99,421.77,170392.29
4469,empty_seat,0,1,0,0.8081,402.42,419,168613.61
4470,empty_seat,0,1,0,0.7999,407.91,414.97,169266.4
4471,empty_seat,0,1,0,0.8024,404.34,412.38,166742.11
4472,empty_seat,0,1,0,0.8221,404.01,414,167261
4473,empty_seat,0,1,0,0.8152,405.14,417.36,169090.05
4474,empty_seat,0,1,0,0.8281,405.04,418.64,169563.27
4475,empty_seat,0,1,0,0.7943,405.11,411.52,166708.07
4476,empty_seat,0,1,0,0.8108,406.59,414.63,168584.29
4477,empty_seat,0,1,0,0.815,404.4,417.5,168835.68
4478,empty_seat,0,1,0,0.8134,405.01,409.1,165691.32
4479,empty_seat,0,1,0,0.8144,407.28,416.56,169658.2
4480,empty_seat,0,1,0,0.793,408.81,412.72,168724.31
4481,empty_seat,0,1,0,0.8314,405.56,415.21,168392.23
4482,empty_seat,0,1,0,0.8204,404.07,422.41,170684.93
4483,empty_seat,0,1,0,0.821,402.76,420.34,169294.61
4484,empty_seat,0,1,0,0.7783,406.23,415.86,168937
4485,empty_seat,0,1,0,0.8191,404.57,418.66,169375.18
4486,empty_seat,0,1,0,0.7997,402.27,417.05,167766.14
4487,empty_seat,0,1,0,0.8233,404.82,419.56,169849.18
4488,empty_seat,0,1,0,0.8159,408.37,422.15,172393.56
4489,empty_seat,0,1,0,0.8102,410.43,425.88,174794.09
4490,empty_seat,0,1,0,0.7991,408.76,420.21,171764.03
4491,empty_seat,0,1,0,0.8001,403.38,413.5,166794.24
4492,empty_seat,0,1,0,0.8187,404.16,416.1,168168.04
4493,empty_seat,0,1,0,0.8128,405.62,421.23,170859.83
4494,empty_seat,0,1,0,0.8141,405.25,419.23,169893.28
4495,empty_seat,0,1,0,0.8109,404.02,418.44,169056.55
4496,empty_seat,0,1,0,0.8332,404.96,419.38,169833.2
4497,empty_seat,0,1,0,0.8336,402.8,421.12,169629
4498,empty_seat,0,1,0,0.7922,400.83,412.06,165167.34
4499,empty_seat,0,1,0,0.8089,404.02,420.01,169693.49
4500,empty_seat,0,1,0,0.7998,407.29,415.68,169302.48
4501,empty_seat,0,1,0,0.8242,405.8,419.76,170336.39
4502,empty_seat,0,1,0,0.8091,406.89,415.31,168985.05
4503,empty_seat,0,1,0,0.8095,403.65,416.48,168114.99
4504,empty_seat,0,1,0,0.7944,404.05,419.63,169555
4505,empty_seat,0,1,0,0.8017,404.29,418.95,169377.5
4506,empty_seat,0,1,0,0.8127,402.11,414.52,166683.16
4507,empty_seat,0,1,0,0.8118,406.08,419.16,170211.91
4508,empty_seat,0,1,0,0.7981,408.23,419.25,171148.42
4509,empty_seat,0,1,0,0.8242,405.59,415.28,168432.71
4510,empty_seat,0,1,0,0.8213,401.68,415.12,166744.69
4511,empty_seat,0,1,0,0.8375,407.01,418.58,170368.13
4512,empty_seat,0,1,0,0.7995,403.67,420.24,169639.55
4513,empty_seat,0,1,0,0.8084,407.84,416.45,169844.91
4514,empty_seat,0,1,0,0.8307,404.07,413.49,167078.9
4515,empty_seat,0,1,0,0.8208,404.71,419.67,169845.21
4516,empty_seat,0,1,0,0.8117,404.93,419.94,170045.05
4517,empty_seat,0,1,0,0.797,406.23,413.41,167936.9
4518,empty_seat,0,1,0,0.8061,408.13,421.8,172151.39
4519,empty_seat,0,1,0,0.8017,400.99,411.7,165087.47
4520,empty_seat,0,1,0,0.8051,403.82,412.71,166661.11
4521,empty_seat,0,1,0,0.8125,406.32,412.41,167571.64
4522,empty_seat,0,1,0,0.8108,405.09,421.46,170730.55
4523,empty_seat,0,1,0,0.8225,403.26,417.91,168526.5
4524,empty_seat,0,1,0,0.8082,404.69,414.05,167562.98
4525,empty_seat,0,1,0,0.8017,401.29,419.67,168407.58
4526,empty_seat,0,1,0,0.8078,407.89,420.18,171385.27
4527,empty_seat,0,1,0,0.8039,403.95,414.78,167550.6
4528,empty_seat,0,1,0,0.8233,405.2,420.22,170276.22
4529,empty_seat,0,1,0,0.8123,400.49,422.33,169137.72
4530,empty_seat,0,1,0,0.8283,403.93,420.12,169697.61
4531,empty_seat,0,1,0,0.8155,401.4,418.73,168076.79
4532,empty_seat,0,1,0,0.8231,405.26,421.05,170634.23
4533,empty_seat,0,1,0,0.7879,407.5,421.76,171867.31
4534,empty_seat,0,1,0,0.8312,406.31,420.47,170839.77
4535,empty_seat,0,1,0,0.8062,403.85,415.21,167679.73
4536,empty_seat,0,1,0,0.7996,409.56,418.19,171276.57
4537,empty_seat,0,1,0,0.814,404.23,416.1,168202.21
4538,empty_seat,0,1,0,0.821,405.1,420.94,170523.91
4539,empty_seat,0,1,0,0.7969,403.97,418.89,169217.44
4540,empty_seat,0,1,0,0.8014,403.5,418.31,168786
4541,empty_seat,0,1,0,0.8159,407.1,418.17,170237.85
4542,empty_seat,0,1,0,0.8227,404.98,417.8,169199.61
4543,empty_seat,0,1,0,0.8068,405.87,417.93,169628.16
4544,empty_seat,0,1,0,0.8187,406.05,420,170541.25
4545,empty_seat,0,1,0,0.798,407.52,421.31,171694.45
4546,empty_seat,0,1,0,0.8121,404.24,417.37,168714.54
4547,empty_seat,0,1,0,0.8274,408.77,419.84,171618.56
4548,empty_seat,0,1,0,0.8125,402.8,419.22,168860.77
4549,empty_seat,0,1,0,0.8383,406.4,420.44,170866.93
4550,empty_seat,0,1,0,0.8035,406.49,418.95,170298.72
4551,empty_seat,0,1,0,0.8211,407.58,419.25,170880.79
4552,empty_seat,0,1,0,0.8187,401.84,421.47,169365.14
4553,empty_seat,0,1,0,0.8239,408.08,420.48,171590.74
4554,empty_seat,0,1,0,0.7866,405.18,419.44,169948.07
4555,empty_seat,0,1,0,0.8142,404.25,418.27,169086
4556,empty_seat,0,1,0,0.8019,403.31,418.61,168831.35
4557,empty_seat,0,1,0,0.8204,405.64,420.51,170574.89
4558,empty_seat,0,1,0,0.8106,402.7,417.78,168239.72
4559,empty_seat,0,1,0,0.8156,404.27,413.41,167128.91
4560,empty_seat,0,1,0,0.8092,403.64,420.45,169708.53
4561,empty_seat,0,1,0,0.8236,407.19,419.51,170818.61
4562,empty_seat,0,1,0,0.8024,406.09,419.26,170255.7
4563,empty_seat,0,1,0,0.7952,406.25,419.6,170462.29
4564,empty_seat,0,1,0,0.797,405.09,416.91,168886.94
4565,empty_seat,0,1,0,0.8243,406.3,422.11,171504.87
4566,empty_seat,0,1,0,0.8232,405.43,417.86,169415.71
4567,empty_seat,0,1,0,0.7782,409.22,410.47,167975.13
4568,empty_seat,0,1,0,0.8028,405.9,418.69,169946.32
4569,empty_seat,0,1,0,0.7984,404.2,412.78,166848.74
4570,empty_seat,0,1,0,0.8189,404.46,415.97,168245.62
4571,empty_seat,0,1,0,0.8114,402.54,420.76,169371.61
4572,empty_seat,0,1,0,0.8209,403.83,420.29,169726.66
4573,empty_seat,0,1,0,0.8218,409.83,421.59,172778.35
4574,empty_seat,0,1,0,0.809,407.89,423.35,172676.76
4575,empty_seat,0,1,0,0.8022,408.12,418.06,170618.64
4576,empty_seat,0,1,0,0.8068,402.91,418.02,168421.6
4577,empty_seat,0,1,0,0.8243,408.68,419.68,171513.23
4578,empty_seat,0,1,0,0.803,405.45,416.82,168997.97
4579,empty_seat,0,1,0,0.8099,406.31,419.25,170344.13
4580,empty_seat,0,1,0,0.8022,400.03,420.9,168374.5
4581,empty_seat,0,1,0,0.7906,407.98,412.05,168108.34
4582,empty_seat,0,1,0,0.8178,409.31,422.9,173093.84
4583,empty_seat,0,1,0,0.8366,406.79,420.72,171143.53
4584,empty_seat,0,1,0,0.8007,404.48,415.24,167956.75
4585,empty_seat,0,1,0,0.8141,403.27,414.71,167238.21
4586,empty_seat,0,1,0,0.8199,406.11,418.66,170024.61
4587,empty_seat,0,1,0,0.7977,402.88,418.69,168684.19
4588,empty_seat,0,1,0,0.7961,404.43,417.94,169030.08
4589,empty_seat,0,1,0,0.8098,404.64,416.05,168350.69
4590,empty_seat,0,1,0,0.8207,405.86,419.26,170157.51
4591,empty_seat,0,1,0,0.8021,402.68,417.15,167976.03
4592,empty_seat,0,1,0,0.8372,407.29,417.96,170230.15
4593,empty_seat,0,1,0,0.8166,402.61,419.7,168975.51
4594,empty_seat,0,1,0,0.8252,406.98,420.35,171075.33
4595,empty_seat,0,1,0,0.8218,405.81,419.87,170387.36
4596,empty_seat,0,1,0,0.8266,405.52,417.53,169318.74
4597,empty_seat,0,1,0,0.809,410.97,419.72,172496.23
4598,empty_seat,0,1,0,0.8295,404.08,418.23,168997.34
4599,empty_seat,0,1,0,0.833,403.02,414.56,167076.23
4600,empty_seat,0,1,0,0.8173,405.85,416.95,169221.71
4601,empty_seat,0,1,0,0.8137,404.19,420.79,170077.92
4602,empty_seat,0,1,0,0.8167,405.26,419.8,170125.26
4603,empty_seat,0,1,0,0.8175,402.9,418.13,168463.9
4604,empty_seat,0,1,0,0.8155,405.14,420.71,170448.68
4605,empty_seat,0,1,0,0.8018,404.14,418.95,169316.36
4606,empty_seat,0,1,0,0.7945,400.9,417.2,167252.3
4607,empty_seat,0,1,0,0.7959,403.17,417.85,168465.49
4608,empty_seat,0,1,0,0.8183,403.59,418.55,168924.38
4609,empty_seat,0,1,0,0.8235,407.78,420.7,171553.76
4610,empty_seat,0,1,0,0.8091,404.52,418.24,169189.08
4611,empty_seat,0,1,0,0.8209,404.44,416.26,168350.96
4612,empty_seat,0,1,0,0.8215,408.49,418.53,170966.94
4613,empty_seat,0,1,0,0.7918,405.73,417.12,169237.89
4614,empty_seat,0,1,0,0.8,402.04,421.8,169577.3
4615,empty_seat,0,1,0,0.8363,410.09,424.24,173976.14
4616,empty_seat,0,1,0,0.8202,407.24,418.87,170576.99
4617,empty_seat,0,1,0,0.8076,399.07,416.23,166104.67
4618,empty_seat,0,1,0,0.7887,407.23,415.59,169240.28
4619,empty_seat,0,1,0,0.8248,403.77,418.75,169081.73
4620,empty_seat,0,1,0,0.8165,404.55,418.15,169162.77
4621,empty_seat,0,1,0,0.8248,405.21,419.57,170016.09
4622,empty_seat,0,1,0,0.7946,404.69,414.25,167645.97
4623,empty_seat,0,1,0,0.8099,399.27,419.06,167317.99
4624,empty_seat,0,1,0,0.8028,405.98,416.38,169042.29
4625,empty_seat,0,1,0,0.7951,401.64,416.56,167308.73
4626,empty_seat,0,1,0,0.8131,403.17,419.63,169185.89
4627,empty_seat,0,1,0,0.7987,404.77,418.43,169370.2
4628,empty_seat,0,1,0,0.8085,408.53,418.24,170862.04
4629,empty_seat,0,1,0,0.812,409.47,417.78,171068.3
4630,empty_seat,0,1,0,0.8402,408.01,421.81,172102.65
4631,empty_seat,0,1,0,0.8294,406.13,423.32,171923.33
4632,empty_seat,0,1,0,0.8244,405.16,416.41,168714.1
4633,empty_seat,0,1,0,0.7914,407.98,417.99,170531.27
4634,empty_seat,0,1,0,0.8147,407.68,417.59,170241.95
4635,empty_seat,0,1,0,0.8296,408.46,419.58,171380.68
4636,empty_seat,0,1,0,0.8098,406.43,414.27,168369.18
4637,empty_seat,0,1,0,0.8133,402.82,422.93,170363.22
4638,empty_seat,0,1,0,0.8204,402.93,416.67,167888.91
4639,empty_seat,0,1,0,0.8207,406.47,420.79,171036.72
4640,empty_seat,0,1,0,0.8083,403.75,420.28,169688.68
4641,empty_seat,0,1,0,0.8243,408.48,422.19,172457.28
4642,empty_seat,0,1,0,0.8162,401.59,419.62,168517.18
4643,empty_seat,0,1,0,0.8233,403.53,419.12,169128.06
4644,empty_seat,0,1,0,0.8177,403.56,420.32,169622.13
4645,empty_seat,0,1,0,0.8096,405.43,420.55,170505.03
4646,empty_seat,0,1,0,0.7895,405.76,417.11,169243.1
4647,empty_seat,0,1,0,0.8143,403.85,417.7,168685.26
4648,empty_seat,0,1,0,0.8116,402.56,419.72,168963.75
4649,empty_seat,0,1,0,0.8033,405.12,417.55,169157.21
4650,empty_seat,0,1,0,0.7958,408.18,415.17,169463.42
4651,empty_seat,0,1,0,0.8045,407.42,418.3,170423.32
4652,empty_seat,0,1,0,0.8194,404.74,418.27,169291.76
4653,empty_seat,0,1,0,0.8131,405.41,422.34,171221
4654,empty_seat,0,1,0,0.8037,406.77,420.03,170854.87
4655,empty_seat,0,1,0,0.8061,407.32,419.66,170932.92
4656,empty_seat,0,1,0,0.8278,406.94,418.59,170340.17
4657,empty_seat,0,1,0,0.8005,401.24,417.54,167536.09
4658,empty_seat,0,1,0,0.8169,405.94,418.31,169807.78
4659,empty_seat,0,1,0,0.8221,405.76,418.82,169941.62
4660,empty_seat,0,1,0,0.8275,404.93,421.6,170719.36
4661,empty_seat,0,1,0,0.7786,406.96,414.84,168822.94
4662,empty_seat,0,1,0,0.8259,407.78,420.06,171291.15
4663,empty_seat,0,1,0,0.7849,402.38,417.54,168008.08
4664,empty_seat,0,1,0,0.8033,404.38,422.27,170757.48
4665,empty_seat,0,1,0,0.8259,404.22,421.43,170348.13
4666,empty_seat,0,1,0,0.8201,402.85,410.67,165438.38
4667,empty_seat,0,1,0,0.7969,401.65,418.33,168025.38
4668,empty_seat,0,1,0,0.8182,407.21,415.32,169122.57
4669,empty_seat,0,1,0,0.8174,404.83,422.36,170985.66
4670,empty_seat,0,1,0,0.8308,406.06,422.3,171478.55
4671,empty_seat,0,1,0,0.823,404.45,418.3,169180.12
4672,empty_seat,0,1,0,0.8348,404.1,420.63,169975.47
4673,empty_seat,0,1,0,0.8139,400.66,416.23,166768.14
4674,empty_seat,0,1,0,0.8104,405.85,416.54,169053.59
4675,empty_seat,0,1,0,0.8401,407.05,418.23,170237.91
4676,empty_seat,0,1,0,0.8068,402.71,418.17,168402.34
4677,empty_seat,0,1,0,0.8133,405.98,424.75,172441.8
4678,empty_seat,0,1,0,0.8115,404.31,420.09,169847.21
4679,empty_seat,0,1,0,0.8089,403.55,418.55,168907.76
4680,empty_seat,0,1,0,0.7808,402.54,414.31,166773.08
4681,empty_seat,0,1,0,0.8307,402.92,422.45,170212.26
4682,empty_seat,0,1,0,0.7765,408.65,422.31,172575.7
4683,empty_seat,0,1,0,0.7988,403.75,416.99,168360.8
4684,empty_seat,0,1,0,0.8256,405.5,417.16,169158.57
4685,empty_seat,0,1,0,0.8167,403.26,420.35,169509.46
4686,empty_seat,0,1,0,0.8117,402.77,416.27,167657.89
4687,empty_seat,0,1,0,0.7942,400.53,415.26,166325.9
4688,empty_seat,0,1,0,0.7472,406.3,418.08,169865.9
4689,empty_seat,0,1,0,0.8058,402.27,428.62,172422.06
4690,empty_seat,0,1,0,0.803,409.97,418.91,171741.06
4691,empty_seat,0,1,0,0.7087,412.14,426.07,175601.47
4692,empty_seat,0,1,0,0.8321,410.7,428.12,175829.14
4693,empty_seat,0,1,0,0.826,410.63,424.68,174386.91
4694,empty_seat,0,1,0,0.8069,406.79,421.09,171297.28
4695,empty_seat,0,1,0,0.83,405.98,419.51,170311.13
4696,empty_seat,0,1,0,0.811,405.43,423.69,171776.04
4697,empty_seat,0,1,0,0.8124,402.06,419.74,168764.18
4698,empty_seat,0,1,0,0.8005,405.5,417.97,169488.78
4699,empty_seat,0,1,0,0.8177,403.91,421.11,170090.81
4700,empty_seat,0,1,0,0.7907,403.84,421.09,170051
4701,empty_seat,0,1,0,0.7962,404.17,415.91,168097.94
4702,empty_seat,0,1,0,0.797,398.81,420.25,167598.07
4703,empty_seat,0,1,0,0.7993,402.34,420.2,169062.05
4704,empty_seat,0,1,0,0.8005,402.88,425.72,171516.22
4705,empty_seat,0,1,0,0.7881,400.25,417.2,166985.62
4706,empty_seat,0,1,0,0.7838,401.61,418.9,168234.86
4707,empty_seat,0,1,0,0.7846,401.37,416.42,167142.1
4708,empty_seat,0,1,0,0.7719,402.61,413.56,166503.65
4709,empty_seat,0,1,0,0.7837,404.49,416.52,168475.86
4710,empty_seat,0,1,0,0.7675,396.28,416.48,165042.82
4711,empty_seat,0,1,0,0.7838,403.06,421.21,169769.96
4712,empty_seat,0,1,0,0.7949,403.53,416.53,168081.37
4713,empty_seat,0,1,0,0.7965,406.87,421.88,171648.72
4714,empty_seat,0,1,0,0.8027,406.86,414.92,168815.42
4715,empty_seat,0,1,0,0.8031,404.76,418.03,169204.16
4716,empty_seat,0,1,0,0.7896,400.93,417.21,167274.03
4717,empty_seat,0,1,0,0.7842,402.25,417.48,167930.93
4718,empty_seat,0,1,0,0.7851,401.79,415.88,167093.5
4719,empty_seat,0,1,0,0.7627,405.74,416.61,169033.96
4720,empty_seat,0,1,0,0.7731,399.81,414.41,165684.29
4721,empty_seat,0,1,0,0.7789,401.61,414.32,166396.51
4722,empty_seat,0,1,0,0.7975,398.66,414.69,165320.79
4723,empty_seat,0,1,0,0.7037,395.88,392.25,155284.32
4724,empty_seat,0,1,0,0.7984,399.27,416.3,166217.2
4725,empty_seat,0,1,0,0.7988,393.31,423.38,166520.01
4726,none,0,0,0,0,0,0,0
4727,empty_seat,0,1,0,0.6811,431.96,447.59,193341.38
4728,empty_seat,0,1,0,0.633,428.78,446.06,191261.77
4729,empty_seat,0,1,0,0.631,440.17,449.27,197753.7
4730,empty_seat,0,1,0,0.739,432.99,452.45,195906.5
4731,empty_seat,0,1,0,0.6039,422.01,453.26,191279.2
4732,none,0,0,0,0,0,0,0
4733,baby,1,0,1,0.8786,327.11,395.45,129352.3
4734,baby,1,0,1,0.7876,320.82,359.66,115385.4
4735,none,0,0,0,0,0,0,0
4736,baby,1,0,1,0.785,288.22,375.56,108241.82
4737,baby,1,0,1,0.7996,258.9,322.69,83543.28
4738,baby,1,0,1,0.8364,267.45,334.5,89463.68
4739,baby,1,0,1,0.8027,267.14,331.83,88646.26
4740,baby,1,0,1,0.6989,308.11,390.09,120191.63
4741,baby,1,0,1,0.8373,282.27,389.65,109986.45
4742,baby,1,0,1,0.7976,298.32,389.12,116083.08
4743,none,0,0,0,0,0,0,0
4744,none,0,0,0,0,0,0,0
4745,none,0,0,0,0,0,0,0
4746,baby,1,0,1,0.8205,171.19,262.58,44950.7
4747,baby,1,0,1,0.8002,165.5,261.45,43269.37
4748,baby,1,0,1,0.7488,164.06,241.69,39652.18
4749,baby,1,0,1,0.8223,163.25,250.27,40857.92
4750,baby,1,0,1,0.7888,166.46,249.9,41598.19
4751,baby,1,0,1,0.805,174.14,278.91,48570.28
4752,baby,1,0,1,0.795,170.76,265.05,45260.47
4753,baby,1,0,1,0.8,178.75,269.03,48090.25
4754,baby,1,0,1,0.8138,180.51,269.64,48672.6
4755,baby,1,0,1,0.7993,169.04,256.34,43330.54
4756,baby,1,0,1,0.8024,170.75,270.95,46266.1
4757,baby,1,0,1,0.806,169.82,264.56,44927.52
4758,baby,1,0,1,0.7978,169.79,265.45,45069.55
4759,baby,1,0,1,0.7794,181.27,279.26,50622.58
4760,baby,1,0,1,0.7766,178.59,278.29,49700.2
4761,baby,1,0,1,0.8006,180.91,278.14,50317.83
4762,baby,1,0,1,0.7698,175.11,271.93,47617.85
4763,baby,1,0,1,0.776,173.83,262.04,45550.06
4764,baby,1,0,1,0.778,172.24,277.22,47747.24
4765,baby,1,0,1,0.7543,175.82,278.39,48945.24
4766,baby,1,0,1,0.7761,175.42,277.93,48753.93
4767,baby,1,0,1,0.7686,174.1,268.8,46798.53
4768,baby,1,0,1,0.7822,171.89,276.47,47523.94
4769,baby,1,0,1,0.7997,173.31,280.76,48660.07
4770,baby,1,0,1,0.7836,174.86,277.82,48580.7
4771,baby,1,0,1,0.7576,169.23,274.27,46414.96
4772,baby,1,0,1,0.781,174.7,275.94,48207.24
4773,baby,1,0,1,0.7892,172.83,270.43,46736.52
4774,baby,1,0,1,0.7775,175.36,275.19,48258.92
4775,baby,1,0,1,0.7884,171.26,269.86,46214.23
4776,baby,1,0,1,0.7842,174.71,277.81,48535.55
4777,baby,1,0,1,0.748,179.9,280.82,50517.87
4778,baby,1,0,1,0.7986,170.72,267.64,45691.57
4779,baby,1,0,1,0.7988,174.02,276.98,48199.4
4780,baby,1,0,1,0.8052,173.36,279.48,48450.12
4781,baby,1,0,1,0.7884,174.55,276.81,48316.83
4782,baby,1,0,1,0.7764,174,271.08,47169.46
4783,baby,1,0,1,0.7686,172.67,272.39,47032.31
4784,baby,1,0,1,0.7552,174.34,274.21,47805.31
4785,baby,1,0,1,0.7765,170.22,273.69,46586.95
4786,baby,1,0,1,0.7835,174.08,270.68,47119.51
4787,baby,1,0,1,0.7873,175.2,277.97,48700.32
4788,baby,1,0,1,0.7498,173.23,276.33,47867.37
4789,baby,1,0,1,0.7623,170.36,276.64,47128.23
4790,baby,1,0,1,0.8038,172.61,268.64,46369.48
4791,baby,1,0,1,0.7769,172.62,272.35,47013.96
4792,baby,1,0,1,0.7712,182.45,281.24,51312.45
4793,baby,1,0,1,0.7426,171.21,265.66,45484.45
4794,baby,1,0,1,0.7533,174.39,273.67,47726.5
4795,baby,1,0,1,0.821,191.19,282.26,53966.32
4796,baby,1,0,1,0.7371,171.15,261.74,44795.74
4797,baby,1,0,1,0.8229,195,293.55,57242.54
4798,baby,1,0,1,0.8009,183.8,283.16,52043.4
4799,baby,1,0,1,0.8461,194.64,288.41,56136.13
4800,baby,1,0,1,0.8277,189.09,279.61,52871.57
4801,baby,1,0,1,0.8056,184.65,277.11,51167.68
4802,baby,1,0,1,0.8153,183.03,280.56,51350.9
4803,baby,1,0,1,0.7134,191.15,280.34,53586.74
4804,baby,1,0,1,0.8186,193.32,289.51,55967.25
4805,baby,1,0,1,0.7887,182.95,281.23,51450.63
4806,baby,1,0,1,0.8422,191.92,279.4,53623.26
4807,baby,1,0,1,0.7669,181.91,264.76,48163.03
4808,baby,1,0,1,0.7745,180.11,269.5,48541.18
4809,baby,1,0,1,0.7975,180.15,287.49,51791.03
4810,baby,1,0,1,0.6775,182.14,264.93,48253.37
4811,baby,1,0,1,0.8169,186.75,280.18,52323
4812,baby,1,0,1,0.8165,184.19,279.49,51477.82
4813,baby,1,0,1,0.825,187.89,269.27,50592.48
4814,baby,1,0,1,0.8285,190.14,281.62,53547.99
4815,baby,1,0,1,0.8043,185.54,283.25,52555.1
4816,baby,1,0,1,0.7348,179.69,278.46,50037.23
4817,baby,1,0,1,0.8,184.83,276.52,51109.35
4818,baby,1,0,1,0.7482,177.95,271.8,48366.88
4819,baby,1,0,1,0.8109,185.88,278.3,51729.42
4820,baby,1,0,1,0.8019,193.21,283.54,54782.61
4821,baby,1,0,1,0.8247,188.54,275.46,51935.44
4822,baby,1,0,1,0.7806,177.02,265.1,46927.15
4823,baby,1,0,1,0.8056,177.98,278.21,49516.69
4824,baby,1,0,1,0.7623,185.13,274.23,50767.06
4825,baby,1,0,1,0.7467,177.1,272.74,48303.13
4826,baby,1,0,1,0.8122,182.18,273.73,49867.32
4827,baby,1,0,1,0.8339,196.55,272.28,53517.43
4828,baby,1,0,1,0.803,184.11,281.69,51859.89
4829,baby,1,0,1,0.7955,184.62,286.42,52878.53
4830,baby,1,0,1,0.8204,189.89,284.53,54028.52
4831,baby,1,0,1,0.7383,183.1,268.94,49243.93
4832,baby,1,0,1,0.8197,183.18,290.18,53155.18
4833,baby,1,0,1,0.7475,176.02,279.21,49147.75
4834,baby,1,0,1,0.7535,181.49,259.53,47101.99
4835,baby,1,0,1,0.8063,180.67,278.63,50340.87
4836,baby,1,0,1,0.7843,182.2,271.68,49500.52
4837,baby,1,0,1,0.7023,188.52,259.5,48921.8
4838,baby,1,0,1,0.7916,179.97,259.74,46745.54
4839,baby,1,0,1,0.7858,180.85,291.28,52678.61
4840,baby,1,0,1,0.807,194.45,274.45,53367.35
4841,baby,1,0,1,0.7897,184.72,270.8,50022.08
4842,baby,1,0,1,0.8192,186.01,289.3,53810.51
4843,baby,1,0,1,0.8337,193.59,277.29,53680.35
4844,baby,1,0,1,0.8382,184.09,276.52,50904.87
4845,baby,1,0,1,0.8082,179.66,287.99,51740.07
4846,baby,1,0,1,0.7887,192.1,273.24,52488.64
4847,baby,1,0,1,0.8211,185.99,282.46,52536.28
4848,baby,1,0,1,0.8238,184.69,277.38,51228.23
4849,baby,1,0,1,0.8178,187.39,271.97,50965.49
4850,baby,1,0,1,0.7996,181.14,283.31,51318.12
4851,baby,1,0,1,0.7971,184.88,280.07,51779.12
4852,baby,1,0,1,0.7909,179.14,273.98,49078.84
4853,baby,1,0,1,0.7907,183.02,285.15,52187.37
4854,baby,1,0,1,0.8156,183.31,281.7,51638.45
4855,baby,1,0,1,0.8244,187.22,280.27,52472.03
4856,baby,1,0,1,0.8119,187.15,282.52,52873.97
4857,baby,1,0,1,0.7955,189.74,283.42,53776.2
4858,baby,1,0,1,0.8121,183.85,283.34,52093.19
4859,baby,1,0,1,0.796,184.71,270.66,49992.63
4860,baby,1,0,1,0.8506,191.25,272.92,52197.8
4861,baby,1,0,1,0.7938,178.57,281.37,50244.2
4862,baby,1,0,1,0.7841,182.13,281.55,51278.28
4863,baby,1,0,1,0.8194,185.14,278.48,51555.94
4864,baby,1,0,1,0.8046,178.01,278.95,49656.67
4865,baby,1,0,1,0.8142,181.91,268.68,48875.85
4866,baby,1,0,1,0.8168,197.83,271.63,53738.1
4867,none,0,0,0,0,0,0,0
4868,baby,1,0,1,0.8203,231.33,275.45,63720.23
4869,baby,1,0,1,0.8408,184.63,269.57,49770.85
4870,baby,1,0,1,0.7729,173.54,279.19,48450.76
4871,baby,1,0,1,0.791,178.47,286.19,51075.54
4872,baby,1,0,1,0.7731,192.57,282.23,54349.48
4873,baby,1,0,1,0.8243,184.39,285.11,52570.66
4874,baby,1,0,1,0.7586,178.26,259.65,46283.78
4875,baby,1,0,1,0.8114,182.38,285.4,52051.48
4876,baby,1,0,1,0.807,180.51,278.44,50259.87
4877,baby,1,0,1,0.8082,185.27,282.47,52334.88
4878,baby,1,0,1,0.7906,181.82,283.58,51559.78
4879,baby,1,0,1,0.8111,186.06,285.26,53074.97
4880,baby,1,0,1,0.8036,176.63,268.7,47461.56
4881,baby,1,0,1,0.8165,176.72,265.55,46926.62
4882,baby,1,0,1,0.786,174.67,277.7,48507.04
4883,baby,1,0,1,0.8253,181.86,277.86,50533.42
4884,baby,1,0,1,0.8141,183.87,277.98,51111.93
4885,baby,1,0,1,0.7743,182.39,291.12,53096.54
4886,baby,1,0,1,0.7922,184.47,290.77,53636.47
4887,baby,1,0,1,0.8006,182.28,264.63,48236.85
4888,baby,1,0,1,0.8521,194.83,287.68,56048.14
4889,baby,1,0,1,0.7926,179.18,284.98,51062.99
4890,baby,1,0,1,0.82,179.81,282.68,50827.84
4891,baby,1,0,1,0.8257,188.75,277.64,52404.02
4892,baby,1,0,1,0.8417,186.09,271.79,50576.57
4893,baby,1,0,1,0.8008,179.19,264.19,47339.26
4894,baby,1,0,1,0.8152,183.19,276.55,50660.85
4895,baby,1,0,1,0.8172,188.07,266.2,50063.38
4896,baby,1,0,1,0.7951,182.77,280.06,51185.87
4897,baby,1,0,1,0.7943,176.13,269.04,47386.17
4898,baby,1,0,1,0.8132,191.34,284.48,54432.81
4899,baby,1,0,1,0.8281,181.65,275.91,50117.46
4900,baby,1,0,1,0.7732,178.09,283.72,50526.97
4901,baby,1,0,1,0.7977,184.76,286.65,52962.19
4902,baby,1,0,1,0.8387,181.56,271.69,49327.29
4903,baby,1,0,1,0.8041,175.56,281.64,49443.69
4904,baby,1,0,1,0.8335,191.53,278.27,53297.63
4905,baby,1,0,1,0.8231,181.48,279.82,50780.25
4906,baby,1,0,1,0.7705,179.61,281.39,50540.72
4907,baby,1,0,1,0.8398,191.04,278.71,53243.83
4908,baby,1,0,1,0.8268,183.37,275.49,50516.81
4909,baby,1,0,1,0.8036,179.29,282.84,50711.51
4910,baby,1,0,1,0.8162,186.07,280.22,52139.83
4911,baby,1,0,1,0.7928,181.58,277.44,50377.71
4912,baby,1,0,1,0.7899,178.32,276.38,49284.27
4913,baby,1,0,1,0.8395,195.91,283.29,55497.7
4914,baby,1,0,1,0.8119,187,266.2,49780.69
4915,baby,1,0,1,0.8122,182.14,278.12,50657.13
4916,baby,1,0,1,0.7948,184.98,262.88,48626.19
4917,baby,1,0,1,0.8037,178.3,257.77,45960.86
4918,baby,1,0,1,0.8291,189.62,267.59,50741.73
4919,baby,1,0,1,0.8204,195.29,280.93,54862.24
4920,baby,1,0,1,0.8239,186.86,261.34,48832.98
4921,baby,1,0,1,0.8354,189.4,274.28,51948.24
4922,baby,1,0,1,0.8358,185.06,272.43,50417.53
4923,baby,1,0,1,0.8153,180.65,259.26,46834.37
4924,baby,1,0,1,0.8114,180.68,279,50409.98
4925,baby,1,0,1,0.8342,193.72,277.57,53771.34
4926,baby,1,0,1,0.7921,178.16,254.87,45407.41
4927,baby,1,0,1,0.7643,181.31,278.32,50462.47
4928,baby,1,0,1,0.8109,181.62,274.65,49880.77
4929,baby,1,0,1,0.8047,184,272.55,50151.02
4930,baby,1,0,1,0.7814,185.6,273.01,50669.6
4931,baby,1,0,1,0.8055,186.79,268.3,50117.68
4932,baby,1,0,1,0.8117,182.64,272.17,49708.88
4933,baby,1,0,1,0.8338,187.09,274.45,51346.62
4934,baby,1,0,1,0.8015,175.64,266.14,46744.89
4935,baby,1,0,1,0.8316,187.13,273.89,51253.09
4936,baby,1,0,1,0.8,183.68,267.19,49078.02
4937,baby,1,0,1,0.838,190.55,274.73,52350.71
4938,baby,1,0,1,0.7424,175.71,271.31,47671.29
4939,baby,1,0,1,0.7597,177.52,269.64,47867.03
4940,baby,1,0,1,0.8272,188.13,271.42,51062.85
4941,baby,1,0,1,0.7546,181.33,275.15,49891.38
4942,baby,1,0,1,0.8125,182.5,269.35,49155.43
4943,baby,1,0,1,0.8357,193.54,265.7,51422.53
4944,baby,1,0,1,0.8086,186.68,283.65,52951.9
4945,baby,1,0,1,0.8534,185.44,269.61,49998.08
4946,baby,1,0,1,0.847,190.02,270.32,51365.83
4947,baby,1,0,1,0.8039,181.37,286.51,51963.86
4948,baby,1,0,1,0.7908,180.99,264.4,47852.88
4949,baby,1,0,1,0.8007,193.33,283.58,54822.68
4950,baby,1,0,1,0.7746,178.03,269.1,47908.97
4951,baby,1,0,1,0.8286,188.53,273.11,51490.05
4952,baby,1,0,1,0.8422,195.01,269.27,52510.15
4953,baby,1,0,1,0.8226,187.02,284.13,53139.06
4954,baby,1,0,1,0.8104,186.89,273.11,51043.23
4955,baby,1,0,1,0.8621,190.31,261.69,49801.15
4956,baby,1,0,1,0.8344,184.39,260.49,48031
4957,baby,1,0,1,0.8437,188.71,265.01,50010.33
4958,baby,1,0,1,0.8517,190.98,278.44,53176.69
4959,baby,1,0,1,0.7891,180.63,268.73,48539.77
4960,baby,1,0,1,0.8462,190.21,275.36,52375.51
4961,baby,1,0,1,0.8209,183.14,259.4,47506.95
4962,baby,1,0,1,0.8343,181.56,263.92,47915.18
4963,baby,1,0,1,0.8068,193.86,265.76,51519.05
4964,baby,1,0,1,0.8131,181.5,260.77,47330.2
4965,baby,1,0,1,0.8243,188.38,276.39,52066.88
4966,baby,1,0,1,0.8176,190.02,265.69,50485.61
4967,baby,1,0,1,0.7931,182.42,261.67,47735.25
4968,baby,1,0,1,0.8401,189.82,269.59,51173.85
4969,baby,1,0,1,0.8162,185.83,275.49,51193.42
4970,baby,1,0,1,0.79,180.29,268.4,48390.5
4971,baby,1,0,1,0.8435,191.51,263.28,50420.23
4972,baby,1,0,1,0.7942,176.18,266.1,46882.78
4973,baby,1,0,1,0.7722,179.6,275.27,49439.58
4974,baby,1,0,1,0.7899,192.95,267.7,51653.42
4975,baby,1,0,1,0.7392,176.29,274.1,48321.2
4976,baby,1,0,1,0.7847,179.49,282.1,50632.59
4977,baby,1,0,1,0.8557,188.82,265.98,50222.42
4978,baby,1,0,1,0.8187,181.75,269.25,48935.59
4979,baby,1,0,1,0.8354,191.41,270.67,51807.72
4980,baby,1,0,1,0.8122,183.4,287.27,52684.93
4981,baby,1,0,1,0.7709,179.62,269.74,48452.06
4982,baby,1,0,1,0.852,193.03,279.2,53894.78
4983,baby,1,0,1,0.7439,176.32,260,45842.56
4984,baby,1,0,1,0.8367,182.06,271.95,49509.29
4985,baby,1,0,1,0.8355,182.2,267.82,48796.05
4986,baby,1,0,1,0.8138,184.96,279.6,51714.05
4987,baby,1,0,1,0.8477,189.05,270.75,51186.66
4988,baby,1,0,1,0.7708,176.57,284.79,50285.91
4989,baby,1,0,1,0.841,196.07,286.64,56202.78
4990,baby,1,0,1,0.7944,177.03,281.47,49828.64
4991,baby,1,0,1,0.8127,177.05,261.68,46329.51
4992,baby,1,0,1,0.7774,194.94,270.99,52825.39
4993,baby,1,0,1,0.757,178.28,282.05,50284.81
4994,baby,1,0,1,0.8021,183.78,279.68,51399.81
4995,baby,1,0,1,0.8094,191.65,280.38,53733.73
4996,baby,1,0,1,0.7503,179.1,266.26,47685.1
4997,baby,1,0,1,0.7938,183.7,280.76,51574.7
4998,baby,1,0,1,0.8491,195.07,272.56,53168.47
4999,baby,1,0,1,0.7613,177.99,269.82,48024.83
5000,baby,1,0,1,0.8344,180.54,265.37,47908.88
5001,baby,1,0,1,0.8291,188.48,277.17,52241.15
5002,baby,1,0,1,0.7882,182.65,267.21,48806.22
5003,baby,1,0,1,0.8281,188.26,279.12,52547.4
5004,baby,1,0,1,0.8156,177.81,271.5,48276.58
5005,baby,1,0,1,0.7693,180.5,265.98,48007.5
5006,baby,1,0,1,0.8326,192.45,275.42,53006.21
5007,baby,1,0,1,0.8285,193.99,270.76,52526.04
5008,baby,1,0,1,0.7421,177.22,272.21,48240.74
5009,baby,1,0,1,0.7957,196.24,286.06,56134.99
5010,baby,1,0,1,0.8046,186.18,277.96,51749.63
5011,baby,1,0,1,0.6932,174.56,252.94,44152.83
5012,baby,1,0,1,0.8172,188.43,261.58,49291.3
5013,baby,1,0,1,0.8393,190.56,266.51,50784.84
5014,baby,1,0,1,0.7317,178.28,263.21,46925.54
5015,baby,1,0,1,0.8404,197.64,280.79,55495.09
5016,baby,1,0,1,0.8557,187.25,266.68,49937.96
5017,baby,1,0,1,0.7099,176.04,273.76,48191.83
5018,baby,1,0,1,0.815,191.32,272.98,52227.11
5019,baby,1,0,1,0.8481,186.64,275.01,51327.11
5020,baby,1,0,1,0.734,178.85,276.79,49502.66
5021,baby,1,0,1,0.7823,188.29,262.68,49459.27
5022,baby,1,0,1,0.8054,178.72,261.29,46697.2
5023,baby,1,0,1,0.8155,183.48,280.77,51513.9
5024,baby,1,0,1,0.724,184.5,271.71,50129.76
5025,baby,1,0,1,0.7618,180.28,272.22,49074.79
5026,baby,1,0,1,0.8215,181.09,274.52,49713.15
5027,baby,1,0,1,0.8061,188.92,267.97,50624.94
5028,baby,1,0,1,0.7624,182,274.02,49871.1
5029,baby,1,0,1,0.8327,195.35,275.2,53761.92
5030,baby,1,0,1,0.842,185.22,273.92,50736.47
5031,baby,1,0,1,0.772,179.54,271.63,48768.43
5032,baby,1,0,1,0.76,185.28,267.21,49507.93
5033,baby,1,0,1,0.788,229.64,280.83,64489.99
5034,baby,1,0,1,0.8206,235.49,271.43,63919.45
5035,baby,1,0,1,0.7299,235.76,267.68,63108.86
5036,baby,1,0,1,0.7205,223.51,246.75,55149.85
5037,baby,1,0,1,0.8123,209.87,276.84,58101.31
5038,none,0,0,0,0,0,0,0
5039,none,0,0,0,0,0,0,0
5040,none,0,0,0,0,0,0,0
5041,baby,1,0,1,0.7973,200.62,219.58,44054.09
5042,baby,1,0,1,0.7868,202.51,214.71,43482.21
5043,baby,1,0,1,0.6797,222.83,241.45,53803
5044,baby,1,0,1,0.7462,211.87,210.18,44529.48
5045,baby,1,0,1,0.7666,176.99,261.3,46246.99
5046,baby,1,0,1,0.6953,184.97,189.54,35059.7
5047,none,0,0,0,0,0,0,0
5048,none,0,0,0,0,0,0,0
5049,none,0,0,0,0,0,0,0
5050,none,0,0,0,0,0,0,0
5051,none,0,0,0,0,0,0,0
5052,none,0,0,0,0,0,0,0
5053,none,0,0,0,0,0,0,0
5054,none,0,0,0,0,0,0,0
5055,none,0,0,0,0,0,0,0
5056,none,0,0,0,0,0,0,0
5057,none,0,0,0,0,0,0,0
5058,none,0,0,0,0,0,0,0
5059,none,0,0,0,0,0,0,0
5060,none,0,0,0,0,0,0,0
5061,none,0,0,0,0,0,0,0
5062,none,0,0,0,0,0,0,0
5063,none,0,0,0,0,0,0,0
5064,none,0,0,0,0,0,0,0
5065,none,0,0,0,0,0,0,0
5066,empty_seat,0,1,0,0.6355,253.84,226.52,57501.28
5067,none,0,0,0,0,0,0,0
5068,none,0,0,0,0,0,0,0
5069,none,0,0,0,0,0,0,0
5070,none,0,0,0,0,0,0,0
5071,none,0,0,0,0,0,0,0
5072,none,0,0,0,0,0,0,0
5073,none,0,0,0,0,0,0,0
5074,none,0,0,0,0,0,0,0
5075,none,0,0,0,0,0,0,0
5076,none,0,0,0,0,0,0,0
5077,empty_seat,0,1,0,0.6973,355.38,356.58,126721.99
5078,empty_seat,0,1,0,0.7117,348.67,352.46,122895.05
5079,empty_seat,0,1,0,0.7759,351.99,358.45,126171.68
5080,empty_seat,0,1,0,0.7244,351.8,348.15,122481.15
5081,empty_seat,0,1,0,0.7606,343.77,347.54,119471.15
5082,empty_seat,0,1,0,0.7587,343.53,349.84,120178.5
5083,empty_seat,0,1,0,0.7045,343.7,338.83,116455.72
5084,empty_seat,0,1,0,0.7417,341.49,340.85,116394.4
5085,empty_seat,0,1,0,0.7254,344.36,336.68,115939.02
5086,empty_seat,0,1,0,0.7654,343.15,343.35,117819.92
5087,empty_seat,0,1,0,0.7857,341.88,343.58,117461.05
5088,empty_seat,0,1,0,0.8026,345.18,346.15,119485.52
5089,empty_seat,0,1,0,0.7568,345.28,345.07,119146.88
5090,empty_seat,0,1,0,0.7568,342.57,339.02,116135.17
5091,empty_seat,0,1,0,0.7297,341.22,341.97,116687.27
5092,empty_seat,0,1,0,0.7405,349.08,343.5,119911.25
5093,empty_seat,0,1,0,0.7952,348.59,347.79,121235.37
5094,empty_seat,0,1,0,0.766,348.71,345.81,120590.13
5095,none,0,0,0,0,0,0,0
5096,empty_seat,0,1,0,0.71,349.93,345.46,120886.23
5097,empty_seat,0,1,0,0.6676,344.02,338.83,116562.8
5098,none,0,0,0,0,0,0,0
5099,none,0,0,0,0,0,0,0
5100,none,0,0,0,0,0,0,0
5101,empty_seat,0,1,0,0.6816,342.29,334.26,114411.77
5102,empty_seat,0,1,0,0.781,343.04,339.14,116340.02
5103,empty_seat,0,1,0,0.7137,343.7,339.51,116689.07
5104,empty_seat,0,1,0,0.7259,340.73,340.54,116032.09
5105,empty_seat,0,1,0,0.6826,346.51,346.58,120091.17
5106,empty_seat,0,1,0,0.7604,342.95,337.52,115753.77
5107,empty_seat,0,1,0,0.758,343.3,339.32,116487.24
5108,empty_seat,0,1,0,0.7629,342.77,345.08,118282.65
5109,empty_seat,0,1,0,0.7507,342.85,341.22,116985.81
5110,empty_seat,0,1,0,0.7203,344.37,334.97,115352.81
5111,empty_seat,0,1,0,0.7545,346.36,342.22,118532.94
5112,empty_seat,0,1,0,0.7537,344.35,336.75,115960.23
5113,empty_seat,0,1,0,0.7887,341.03,342.65,116854.32
5114,empty_seat,0,1,0,0.7244,347.5,335.39,116547.39
5115,empty_seat,0,1,0,0.7267,342.81,337.01,115529.73
5116,empty_seat,0,1,0,0.7819,342.63,340.22,116569.26
5117,empty_seat,0,1,0,0.7404,344.14,338.94,116641.43
5118,empty_seat,0,1,0,0.7332,341.76,341.04,116553.63
5119,empty_seat,0,1,0,0.7641,343.14,342,117354.62
5120,empty_seat,0,1,0,0.7534,343.64,342.17,117583.49
5121,empty_seat,0,1,0,0.7295,343.81,343.87,118223.74
5122,empty_seat,0,1,0,0.74,341.37,337.06,115062.36
5123,empty_seat,0,1,0,0.7323,345.8,335.98,116181.75
5124,empty_seat,0,1,0,0.7589,346.71,336.26,116583
5125,empty_seat,0,1,0,0.7561,344.63,336.81,116075.62
5126,empty_seat,0,1,0,0.7574,343.91,339.13,116629.87
5127,empty_seat,0,1,0,0.7512,345.68,335.6,116011.84
5128,empty_seat,0,1,0,0.7675,345.85,343.22,118705.9
5129,empty_seat,0,1,0,0.7631,344.26,339.78,116973.48
5130,empty_seat,0,1,0,0.7564,345.02,339.65,117184.4
5131,empty_seat,0,1,0,0.7663,344.47,336.2,115812.08
5132,empty_seat,0,1,0,0.7565,346.01,337.75,116862.06
5133,empty_seat,0,1,0,0.76,345.53,337.18,116506.46
5134,empty_seat,0,1,0,0.7631,343.9,334.22,114938.24
5135,empty_seat,0,1,0,0.7414,344.45,335.73,115640.15
5136,empty_seat,0,1,0,0.8026,343.46,343.12,117849.32
5137,empty_seat,0,1,0,0.7714,345.69,337.83,116784.3
5138,empty_seat,0,1,0,0.762,344.39,340.2,117163.3
5139,empty_seat,0,1,0,0.7412,344.08,332.3,114338.89
5140,empty_seat,0,1,0,0.7506,342.94,337.79,115841.29
5141,empty_seat,0,1,0,0.7413,343.97,341.63,117510.59
5142,empty_seat,0,1,0,0.7579,344.95,338.38,116725.73
5143,empty_seat,0,1,0,0.7439,347.25,341.46,118571.9
5144,empty_seat,0,1,0,0.746,345.79,336.32,116295.57
5145,empty_seat,0,1,0,0.7321,348.09,332.33,115681.46
5146,empty_seat,0,1,0,0.7743,344.59,338.83,116757.45
5147,empty_seat,0,1,0,0.7833,343.5,342.35,117597.09
5148,empty_seat,0,1,0,0.7572,340.62,335.38,114235.33
5149,empty_seat,0,1,0,0.7796,345.14,340.98,117683.52
5150,empty_seat,0,1,0,0.7419,344.75,337.39,116314.43
5151,empty_seat,0,1,0,0.7131,343.91,339.22,116663.01
5152,empty_seat,0,1,0,0.7617,342.61,342.26,117262.2
5153,empty_seat,0,1,0,0.7586,346.89,347.46,120531.53
5154,empty_seat,0,1,0,0.7145,343.2,334.39,114763.56
5155,empty_seat,0,1,0,0.7328,344.74,337.47,116336.24
5156,empty_seat,0,1,0,0.729,343.35,333.54,114521.59
5157,empty_seat,0,1,0,0.771,345.64,339.51,117347.42
5158,empty_seat,0,1,0,0.7685,342.86,340.13,116615.71
5159,empty_seat,0,1,0,0.7292,344.08,341.06,117351.51
5160,empty_seat,0,1,0,0.7479,344.05,338.89,116594.44
5161,empty_seat,0,1,0,0.7512,341.5,337.92,115400.91
5162,empty_seat,0,1,0,0.6098,350.3,343.46,120316.79
5163,empty_seat,0,1,0,0.6314,340.34,341.03,116067.52
5164,empty_seat,0,1,0,0.7572,341.81,338.79,115801.25
5165,empty_seat,0,1,0,0.8015,352.04,348.92,122834.9
5166,empty_seat,0,1,0,0.7704,356.96,345.95,123488.52
5167,empty_seat,0,1,0,0.7893,353.31,351.62,124234.16
5168,empty_seat,0,1,0,0.7918,349.91,353.75,123779.13
5169,empty_seat,0,1,0,0.8146,346.41,351.59,121792.44
5170,empty_seat,0,1,0,0.7827,349.02,349.07,121832.17
5171,empty_seat,0,1,0,0.7597,347.03,342.49,118853.45
5172,empty_seat,0,1,0,0.8113,344.17,345.83,119026.17
5173,empty_seat,0,1,0,0.7689,347.94,346.51,120564.76
5174,empty_seat,0,1,0,0.8105,343.04,345.26,118437.58
5175,empty_seat,0,1,0,0.7831,340.11,347.16,118071.92
5176,empty_seat,0,1,0,0.7941,341.07,347.66,118576.78
5177,empty_seat,0,1,0,0.7987,342.06,342.89,117288.87
5178,empty_seat,0,1,0,0.7861,344.46,345.28,118935.34
5179,empty_seat,0,1,0,0.7919,342,345.49,118156.4
5180,empty_seat,0,1,0,0.8156,345.1,352.82,121757.92
5181,empty_seat,0,1,0,0.8027,351.49,350.32,123133.62
5182,empty_seat,0,1,0,0.8015,345.81,348.25,120428.15
5183,empty_seat,0,1,0,0.779,349.23,348.76,121797.53
5184,empty_seat,0,1,0,0.7775,351.98,343.1,120766.06
5185,empty_seat,0,1,0,0.7804,344.64,345.89,119209.05
5186,empty_seat,0,1,0,0.8112,351.91,352.27,123965.64
5187,empty_seat,0,1,0,0.8067,350.37,350.1,122663.77
5188,empty_seat,0,1,0,0.7547,354.08,349.09,123606.49
5189,empty_seat,0,1,0,0.7735,351.36,346.64,121794.55
5190,empty_seat,0,1,0,0.768,352.84,350.16,123549.52
5191,empty_seat,0,1,0,0.7974,349.3,351.59,122811.07
5192,empty_seat,0,1,0,0.8056,344.14,345.44,118880.21
5193,empty_seat,0,1,0,0.7978,351.47,353.47,124235.68
5194,empty_seat,0,1,0,0.7889,351.38,350.12,123026.4
5195,empty_seat,0,1,0,0.8145,348.58,351.29,122454.82
5196,empty_seat,0,1,0,0.8022,348.77,344.37,120106.42
5197,empty_seat,0,1,0,0.7968,346.37,349.74,121140.55
5198,empty_seat,0,1,0,0.821,345.06,354.44,122304.18
5199,empty_seat,0,1,0,0.7715,352.46,342.4,120682.39
5200,empty_seat,0,1,0,0.7612,354.27,348.28,123383.51
5201,empty_seat,0,1,0,0.8129,354.34,351.44,124528
5202,empty_seat,0,1,0,0.8185,349.59,353.22,123479.67
5203,empty_seat,0,1,0,0.7907,344.39,344.89,118775.95
5204,empty_seat,0,1,0,0.7847,346.15,348.74,120718.7
5205,empty_seat,0,1,0,0.8101,351.08,349.47,122689.72
5206,empty_seat,0,1,0,0.7703,351.6,352.34,123882.74
5207,empty_seat,0,1,0,0.7979,349.61,344.03,120273.43
5208,empty_seat,0,1,0,0.7999,348.7,351.76,122657.8
5209,empty_seat,0,1,0,0.8003,347.98,346.67,120634.37
5210,empty_seat,0,1,0,0.7754,347.38,343.33,119263.44
5211,empty_seat,0,1,0,0.8041,345.02,352.12,121487.56
5212,empty_seat,0,1,0,0.7573,351.44,349.4,122793.35
5213,empty_seat,0,1,0,0.7998,354.35,346.8,122887.47
5214,empty_seat,0,1,0,0.78,353.27,349.31,123399.57
5215,empty_seat,0,1,0,0.7934,347.34,344.92,119803.37
5216,empty_seat,0,1,0,0.7739,351.66,347.46,122188.04
5217,empty_seat,0,1,0,0.7933,351.14,348.68,122433.92
5218,empty_seat,0,1,0,0.7857,345.94,344.2,119071.3
5219,empty_seat,0,1,0,0.7943,345.94,351.58,121622.59
5220,empty_seat,0,1,0,0.7857,343.44,343.15,117851.14
5221,empty_seat,0,1,0,0.7655,354.42,349.52,123876.05
5222,empty_seat,0,1,0,0.7802,345.44,349.04,120571.46
5223,empty_seat,0,1,0,0.7741,347.64,347.8,120909.85
5224,empty_seat,0,1,0,0.7781,350.38,345.57,121079.93
5225,empty_seat,0,1,0,0.8088,354.19,352.68,124917.12
5226,empty_seat,0,1,0,0.7763,356.63,353.74,126156.92
5227,empty_seat,0,1,0,0.7879,351.41,350.44,123149.31
5228,empty_seat,0,1,0,0.7908,353.43,349.87,123654.05
5229,empty_seat,0,1,0,0.7473,345.12,346.94,119738.59
5230,empty_seat,0,1,0,0.7849,346.69,349.81,121274.45
5231,empty_seat,0,1,0,0.8033,345.75,343.57,118790.92
5232,empty_seat,0,1,0,0.7603,352.6,350.73,123665.89
5233,empty_seat,0,1,0,0.7992,352.76,353.05,124544.21
5234,empty_seat,0,1,0,0.8047,347.08,344.44,119548.89
5235,empty_seat,0,1,0,0.7892,345.54,344.29,118966.86
5236,empty_seat,0,1,0,0.765,351.34,340.21,119532.08
5237,empty_seat,0,1,0,0.7809,353.53,341.54,120745.57
5238,empty_seat,0,1,0,0.798,355.52,355.63,126430.79
5239,empty_seat,0,1,0,0.7708,353.44,350.27,123799.03
5240,empty_seat,0,1,0,0.802,348.37,347.89,121195.84
5241,empty_seat,0,1,0,0.7941,351.44,341.68,120079.1
5242,empty_seat,0,1,0,0.7752,344.33,343.41,118248.21
5243,empty_seat,0,1,0,0.7655,349.45,349.24,122041.78
5244,empty_seat,0,1,0,0.7953,345.43,346.39,119654.54
5245,empty_seat,0,1,0,0.7707,346.9,348.12,120762.33
5246,empty_seat,0,1,0,0.7937,350.74,351.36,123236.82
5247,empty_seat,0,1,0,0.8068,340.41,348.32,118574.53
5248,empty_seat,0,1,0,0.7709,352.08,345.65,121697.37
5249,empty_seat,0,1,0,0.7806,346.92,346.37,120160.47
5250,empty_seat,0,1,0,0.7932,346.07,342.02,118363.33
5251,empty_seat,0,1,0,0.7905,350.46,347.77,121881.49
5252,empty_seat,0,1,0,0.7937,341.45,346.74,118395.24
5253,empty_seat,0,1,0,0.7702,351.63,341.49,120079.01
5254,empty_seat,0,1,0,0.8115,345.18,347.14,119824.68
5255,empty_seat,0,1,0,0.7916,352.3,352.47,124176.22
5256,empty_seat,0,1,0,0.7793,353.57,346.45,122491.45
5257,empty_seat,0,1,0,0.784,348.81,352.3,122884.82
5258,empty_seat,0,1,0,0.7736,345.5,347.75,120145.67
5259,empty_seat,0,1,0,0.7992,347.36,345.5,120014.02
5260,empty_seat,0,1,0,0.7774,352.36,345.42,121710.68
5261,empty_seat,0,1,0,0.7981,350.19,349.89,122527.86
5262,empty_seat,0,1,0,0.7861,350.81,343.79,120606.99
5263,empty_seat,0,1,0,0.7645,355.79,349.56,124373.32
5264,empty_seat,0,1,0,0.8056,347.05,346.34,120197.99
5265,empty_seat,0,1,0,0.7691,350.31,347.07,121582.59
5266,empty_seat,0,1,0,0.782,353.13,343.49,121294.44
5267,empty_seat,0,1,0,0.7882,353.37,345.19,121979.36
5268,empty_seat,0,1,0,0.7634,355.32,343.94,122210.17
5269,empty_seat,0,1,0,0.768,349.45,348.37,121736.75
5270,empty_seat,0,1,0,0.7665,351.85,345.42,121536.43
5271,empty_seat,0,1,0,0.7775,347.4,345.28,119946.93
5272,empty_seat,0,1,0,0.7866,348.29,346.32,120621.21
5273,empty_seat,0,1,0,0.7852,342.39,350.97,120168.87
5274,empty_seat,0,1,0,0.77,350.97,350.45,122997.97
5275,empty_seat,0,1,0,0.7666,352.85,345.86,122037.24
5276,empty_seat,0,1,0,0.7885,345.28,343.4,118569.1
5277,empty_seat,0,1,0,0.7905,351.79,348.67,122659.04
5278,empty_seat,0,1,0,0.7833,347.22,354.23,122994.72
5279,empty_seat,0,1,0,0.747,348.4,352.1,122673.93
5280,empty_seat,0,1,0,0.7934,344.88,346.53,119510.9
5281,empty_seat,0,1,0,0.7838,349.45,346.01,120914.31
5282,empty_seat,0,1,0,0.7928,346.87,345.81,119951.12
5283,empty_seat,0,1,0,0.7787,348.95,347.63,121306.41
5284,empty_seat,0,1,0,0.7736,352.07,345.97,121804.81
5285,empty_seat,0,1,0,0.7803,346.68,345.27,119697.46
5286,empty_seat,0,1,0,0.8159,349.9,350.46,122627.24
5287,empty_seat,0,1,0,0.763,353.01,345.79,122066.56
5288,empty_seat,0,1,0,0.7741,349.45,351.5,122832.22
5289,empty_seat,0,1,0,0.7859,346.58,348.06,120632.54
5290,empty_seat,0,1,0,0.7878,348.23,347.85,121132.39
5291,empty_seat,0,1,0,0.7773,346.7,344.56,119458.41
5292,empty_seat,0,1,0,0.7727,347.75,350.04,121728.11
5293,empty_seat,0,1,0,0.7638,344.97,346.41,119500.55
5294,empty_seat,0,1,0,0.7605,349.17,346.24,120898.58
5295,empty_seat,0,1,0,0.8035,350.38,349.76,122547.49
5296,empty_seat,0,1,0,0.7901,348.44,348.04,121273.03
5297,empty_seat,0,1,0,0.7599,348.9,344.46,120180.48
5298,empty_seat,0,1,0,0.7782,345.94,344.09,119035.1
5299,empty_seat,0,1,0,0.7767,344.55,345.89,119178.44
5300,empty_seat,0,1,0,0.7809,351.89,347.33,122222.88
5301,empty_seat,0,1,0,0.7857,351.23,353.8,124263.76
5302,empty_seat,0,1,0,0.7694,349.84,346.59,121249.2
5303,empty_seat,0,1,0,0.7952,349.16,349.5,122028.97
5304,empty_seat,0,1,0,0.8062,346.88,352.67,122332.4
5305,empty_seat,0,1,0,0.7732,346.19,348.44,120626.41
5306,empty_seat,0,1,0,0.7937,348.74,344.59,120174.49
5307,empty_seat,0,1,0,0.7534,349.59,347.25,121397.15
5308,empty_seat,0,1,0,0.7732,351.11,344.74,121042.4
5309,empty_seat,0,1,0,0.8014,346.46,342.61,118700.03
5310,empty_seat,0,1,0,0.8071,349.67,347.21,121409.04
5311,empty_seat,0,1,0,0.7644,341.65,348.34,119012.81
5312,empty_seat,0,1,0,0.7889,347.8,347.37,120814.83
5313,empty_seat,0,1,0,0.7735,350.58,344.43,120751.08
5314,empty_seat,0,1,0,0.7741,345.23,344.44,118911.18
5315,empty_seat,0,1,0,0.7706,351.23,346.52,121706.95
5316,empty_seat,0,1,0,0.7822,353.25,349.24,123369.56
5317,empty_seat,0,1,0,0.7684,344.69,345.22,118991.48
5318,empty_seat,0,1,0,0.7847,341.28,346.33,118196.43
5319,empty_seat,0,1,0,0.7645,346.16,343.1,118765.85
5320,empty_seat,0,1,0,0.7832,348.17,348.22,121236.3
5321,empty_seat,0,1,0,0.7726,345.92,348.37,120509.05
5322,empty_seat,0,1,0,0.7693,349.07,347.85,121422.43
5323,empty_seat,0,1,0,0.8014,345.38,351.54,121412.9
5324,empty_seat,0,1,0,0.7821,346.04,351.17,121518.82
5325,empty_seat,0,1,0,0.73,348.83,342.07,119324.53
5326,empty_seat,0,1,0,0.8043,346.49,345.33,119653.54
5327,empty_seat,0,1,0,0.7299,349.1,343.32,119853.03
5328,empty_seat,0,1,0,0.7645,346.8,345.76,119910.97
5329,empty_seat,0,1,0,0.7792,349.13,351.78,122815.6
5330,empty_seat,0,1,0,0.7792,355.06,353.09,125368.94
5331,empty_seat,0,1,0,0.7711,347.85,347.61,120918.01
5332,empty_seat,0,1,0,0.7657,348.97,343.6,119905.5
5333,empty_seat,0,1,0,0.7718,353.24,348.04,122940.15
5334,empty_seat,0,1,0,0.7793,351.01,349.33,122617.01
5335,empty_seat,0,1,0,0.7528,353.29,347.99,122941.67
5336,empty_seat,0,1,0,0.7518,351.26,343.88,120791.45
5337,empty_seat,0,1,0,0.7836,348.39,341.89,119113.04
5338,empty_seat,0,1,0,0.784,345.84,343.07,118644.71
5339,empty_seat,0,1,0,0.7523,355.17,351.33,124783.16
5340,none,0,0,0,0,0,0,0
5341,none,0,0,0,0,0,0,0
5342,none,0,0,0,0,0,0,0
5343,none,0,0,0,0,0,0,0
5344,empty_seat,0,1,0,0.6226,421.64,403.74,170230.45
5345,none,0,0,0,0,0,0,0
5346,none,0,0,0,0,0,0,0
5347,none,0,0,0,0,0,0,0
5348,none,0,0,0,0,0,0,0
5349,none,0,0,0,0,0,0,0
5350,none,0,0,0,0,0,0,0
5351,none,0,0,0,0,0,0,0
5352,none,0,0,0,0,0,0,0
5353,empty_seat,0,1,0,0.6065,412.11,403.35,166222.88
5354,none,0,0,0,0,0,0,0
5355,empty_seat,0,1,0,0.6085,413.66,404.28,167233.75
5356,none,0,0,0,0,0,0,0
5357,empty_seat,0,1,0,0.6226,416.3,404.31,168315.93
5358,none,0,0,0,0,0,0,0
5359,none,0,0,0,0,0,0,0
5360,empty_seat,0,1,0,0.6002,411.99,402.09,165658.57
5361,none,0,0,0,0,0,0,0
5362,none,0,0,0,0,0,0,0
5363,none,0,0,0,0,0,0,0
5364,none,0,0,0,0,0,0,0
5365,none,0,0,0,0,0,0,0
5366,none,0,0,0,0,0,0,0
5367,none,0,0,0,0,0,0,0
5368,none,0,0,0,0,0,0,0
5369,none,0,0,0,0,0,0,0
5370,empty_seat,0,1,0,0.6078,415,405.26,168183.43
5371,none,0,0,0,0,0,0,0
5372,none,0,0,0,0,0,0,0
5373,empty_seat,0,1,0,0.6041,402.13,403.92,162427.55
5374,empty_seat,0,1,0,0.6139,408.37,404.06,165005.66
5375,none,0,0,0,0,0,0,0
5376,none,0,0,0,0,0,0,0
5377,none,0,0,0,0,0,0,0
5378,none,0,0,0,0,0,0,0
5379,none,0,0,0,0,0,0,0
5380,none,0,0,0,0,0,0,0
5381,none,0,0,0,0,0,0,0
5382,none,0,0,0,0,0,0,0
5383,none,0,0,0,0,0,0,0
5384,empty_seat,0,1,0,0.6047,411.4,403.6,166042.31
5385,none,0,0,0,0,0,0,0
5386,none,0,0,0,0,0,0,0
5387,none,0,0,0,0,0,0,0
5388,none,0,0,0,0,0,0,0
5389,empty_seat,0,1,0,0.6036,415.45,403.71,167722.39
5390,none,0,0,0,0,0,0,0
5391,none,0,0,0,0,0,0,0
5392,none,0,0,0,0,0,0,0
5393,none,0,0,0,0,0,0,0
5394,empty_seat,0,1,0,0.6248,412.88,404.49,167007.37
5395,none,0,0,0,0,0,0,0
5396,none,0,0,0,0,0,0,0
5397,empty_seat,0,1,0,0.6306,416.48,403.04,167859.07
5398,none,0,0,0,0,0,0,0
5399,none,0,0,0,0,0,0,0
5400,empty_seat,0,1,0,0.6215,420.3,403.76,169697.33
5401,none,0,0,0,0,0,0,0
5402,none,0,0,0,0,0,0,0
5403,none,0,0,0,0,0,0,0
5404,none,0,0,0,0,0,0,0
5405,none,0,0,0,0,0,0,0
5406,none,0,0,0,0,0,0,0
5407,none,0,0,0,0,0,0,0
5408,none,0,0,0,0,0,0,0
5409,none,0,0,0,0,0,0,0
5410,none,0,0,0,0,0,0,0
5411,none,0,0,0,0,0,0,0
5412,none,0,0,0,0,0,0,0
5413,none,0,0,0,0,0,0,0
5414,none,0,0,0,0,0,0,0
5415,none,0,0,0,0,0,0,0
5416,none,0,0,0,0,0,0,0
5417,empty_seat,0,1,0,0.6124,416.77,404.26,168482.89
5418,none,0,0,0,0,0,0,0
5419,none,0,0,0,0,0,0,0
5420,none,0,0,0,0,0,0,0
5421,none,0,0,0,0,0,0,0
5422,none,0,0,0,0,0,0,0
5423,none,0,0,0,0,0,0,0
5424,none,0,0,0,0,0,0,0
5425,none,0,0,0,0,0,0,0
5426,none,0,0,0,0,0,0,0
5427,none,0,0,0,0,0,0,0
5428,empty_seat,0,1,0,0.6179,417.23,405.87,169341.25
5429,none,0,0,0,0,0,0,0
5430,none,0,0,0,0,0,0,0
5431,none,0,0,0,0,0,0,0
5432,none,0,0,0,0,0,0,0
5433,none,0,0,0,0,0,0,0
5434,none,0,0,0,0,0,0,0
5435,none,0,0,0,0,0,0,0
5436,none,0,0,0,0,0,0,0
5437,none,0,0,0,0,0,0,0
5438,none,0,0,0,0,0,0,0
5439,none,0,0,0,0,0,0,0
5440,none,0,0,0,0,0,0,0
5441,none,0,0,0,0,0,0,0
5442,none,0,0,0,0,0,0,0
5443,none,0,0,0,0,0,0,0
5444,none,0,0,0,0,0,0,0
5445,none,0,0,0,0,0,0,0
5446,none,0,0,0,0,0,0,0
5447,none,0,0,0,0,0,0,0
5448,none,0,0,0,0,0,0,0
5449,none,0,0,0,0,0,0,0
5450,none,0,0,0,0,0,0,0
5451,none,0,0,0,0,0,0,0
5452,none,0,0,0,0,0,0,0
5453,none,0,0,0,0,0,0,0
5454,none,0,0,0,0,0,0,0
5455,none,0,0,0,0,0,0,0
5456,none,0,0,0,0,0,0,0
5457,none,0,0,0,0,0,0,0
5458,none,0,0,0,0,0,0,0
5459,none,0,0,0,0,0,0,0
5460,none,0,0,0,0,0,0,0
5461,none,0,0,0,0,0,0,0
5462,none,0,0,0,0,0,0,0
5463,none,0,0,0,0,0,0,0
5464,none,0,0,0,0,0,0,0
5465,none,0,0,0,0,0,0,0
5466,none,0,0,0,0,0,0,0
5467,none,0,0,0,0,0,0,0
5468,none,0,0,0,0,0,0,0
5469,none,0,0,0,0,0,0,0
5470,none,0,0,0,0,0,0,0
5471,none,0,0,0,0,0,0,0
5472,none,0,0,0,0,0,0,0
5473,none,0,0,0,0,0,0,0
5474,none,0,0,0,0,0,0,0
5475,none,0,0,0,0,0,0,0
5476,none,0,0,0,0,0,0,0
5477,none,0,0,0,0,0,0,0
5478,none,0,0,0,0,0,0,0
5479,none,0,0,0,0,0,0,0
5480,none,0,0,0,0,0,0,0
5481,none,0,0,0,0,0,0,0
5482,none,0,0,0,0,0,0,0
5483,none,0,0,0,0,0,0,0
5484,none,0,0,0,0,0,0,0
5485,none,0,0,0,0,0,0,0
5486,none,0,0,0,0,0,0,0
5487,none,0,0,0,0,0,0,0
5488,none,0,0,0,0,0,0,0
5489,none,0,0,0,0,0,0,0
5490,none,0,0,0,0,0,0,0
5491,none,0,0,0,0,0,0,0
5492,none,0,0,0,0,0,0,0
5493,none,0,0,0,0,0,0,0
5494,none,0,0,0,0,0,0,0
5495,none,0,0,0,0,0,0,0
5496,none,0,0,0,0,0,0,0
5497,none,0,0,0,0,0,0,0
5498,none,0,0,0,0,0,0,0
5499,none,0,0,0,0,0,0,0
5500,none,0,0,0,0,0,0,0
5501,none,0,0,0,0,0,0,0
5502,none,0,0,0,0,0,0,0
5503,none,0,0,0,0,0,0,0
5504,none,0,0,0,0,0,0,0
5505,none,0,0,0,0,0,0,0
5506,none,0,0,0,0,0,0,0
5507,none,0,0,0,0,0,0,0
5508,none,0,0,0,0,0,0,0
5509,none,0,0,0,0,0,0,0
5510,none,0,0,0,0,0,0,0
5511,none,0,0,0,0,0,0,0
5512,none,0,0,0,0,0,0,0
5513,none,0,0,0,0,0,0,0
5514,none,0,0,0,0,0,0,0
5515,none,0,0,0,0,0,0,0
5516,none,0,0,0,0,0,0,0
5517,none,0,0,0,0,0,0,0
5518,none,0,0,0,0,0,0,0
5519,none,0,0,0,0,0,0,0
5520,none,0,0,0,0,0,0,0
5521,none,0,0,0,0,0,0,0
5522,none,0,0,0,0,0,0,0
5523,none,0,0,0,0,0,0,0
5524,none,0,0,0,0,0,0,0
5525,none,0,0,0,0,0,0,0
5526,none,0,0,0,0,0,0,0
5527,none,0,0,0,0,0,0,0
5528,none,0,0,0,0,0,0,0
5529,none,0,0,0,0,0,0,0
5530,none,0,0,0,0,0,0,0
5531,none,0,0,0,0,0,0,0
5532,none,0,0,0,0,0,0,0
5533,none,0,0,0,0,0,0,0
5534,none,0,0,0,0,0,0,0
5535,none,0,0,0,0,0,0,0
5536,none,0,0,0,0,0,0,0
5537,none,0,0,0,0,0,0,0
5538,none,0,0,0,0,0,0,0
5539,none,0,0,0,0,0,0,0
5540,none,0,0,0,0,0,0,0
5541,none,0,0,0,0,0,0,0
5542,none,0,0,0,0,0,0,0
5543,none,0,0,0,0,0,0,0
5544,none,0,0,0,0,0,0,0
5545,none,0,0,0,0,0,0,0
5546,none,0,0,0,0,0,0,0
5547,none,0,0,0,0,0,0,0
5548,none,0,0,0,0,0,0,0
5549,none,0,0,0,0,0,0,0
5550,none,0,0,0,0,0,0,0
5551,none,0,0,0,0,0,0,0
5552,none,0,0,0,0,0,0,0
5553,none,0,0,0,0,0,0,0
5554,none,0,0,0,0,0,0,0
5555,none,0,0,0,0,0,0,0
5556,none,0,0,0,0,0,0,0
5557,none,0,0,0,0,0,0,0
5558,none,0,0,0,0,0,0,0
5559,none,0,0,0,0,0,0,0
5560,none,0,0,0,0,0,0,0
5561,none,0,0,0,0,0,0,0
5562,none,0,0,0,0,0,0,0
5563,none,0,0,0,0,0,0,0
5564,none,0,0,0,0,0,0,0
5565,none,0,0,0,0,0,0,0
5566,none,0,0,0,0,0,0,0
5567,none,0,0,0,0,0,0,0
5568,none,0,0,0,0,0,0,0
5569,none,0,0,0,0,0,0,0
5570,none,0,0,0,0,0,0,0
5571,none,0,0,0,0,0,0,0
5572,none,0,0,0,0,0,0,0
5573,none,0,0,0,0,0,0,0
5574,none,0,0,0,0,0,0,0
5575,none,0,0,0,0,0,0,0
5576,none,0,0,0,0,0,0,0
5577,none,0,0,0,0,0,0,0
5578,none,0,0,0,0,0,0,0
5579,none,0,0,0,0,0,0,0
5580,none,0,0,0,0,0,0,0
5581,none,0,0,0,0,0,0,0
5582,none,0,0,0,0,0,0,0
5583,none,0,0,0,0,0,0,0
5584,none,0,0,0,0,0,0,0
5585,none,0,0,0,0,0,0,0
5586,none,0,0,0,0,0,0,0
5587,none,0,0,0,0,0,0,0
5588,none,0,0,0,0,0,0,0
5589,none,0,0,0,0,0,0,0
5590,none,0,0,0,0,0,0,0
5591,none,0,0,0,0,0,0,0
5592,none,0,0,0,0,0,0,0
5593,none,0,0,0,0,0,0,0
5594,none,0,0,0,0,0,0,0
5595,none,0,0,0,0,0,0,0
5596,none,0,0,0,0,0,0,0
5597,none,0,0,0,0,0,0,0
5598,none,0,0,0,0,0,0,0
5599,none,0,0,0,0,0,0,0
5600,none,0,0,0,0,0,0,0
5601,none,0,0,0,0,0,0,0
5602,none,0,0,0,0,0,0,0
5603,none,0,0,0,0,0,0,0
5604,none,0,0,0,0,0,0,0
5605,none,0,0,0,0,0,0,0
5606,none,0,0,0,0,0,0,0
5607,none,0,0,0,0,0,0,0
5608,none,0,0,0,0,0,0,0
5609,none,0,0,0,0,0,0,0
5610,none,0,0,0,0,0,0,0
5611,none,0,0,0,0,0,0,0
5612,none,0,0,0,0,0,0,0
5613,none,0,0,0,0,0,0,0
5614,none,0,0,0,0,0,0,0
5615,none,0,0,0,0,0,0,0
5616,none,0,0,0,0,0,0,0
5617,none,0,0,0,0,0,0,0
5618,none,0,0,0,0,0,0,0
5619,none,0,0,0,0,0,0,0
5620,none,0,0,0,0,0,0,0
5621,none,0,0,0,0,0,0,0
5622,none,0,0,0,0,0,0,0
5623,none,0,0,0,0,0,0,0
5624,none,0,0,0,0,0,0,0
5625,none,0,0,0,0,0,0,0
5626,none,0,0,0,0,0,0,0
5627,none,0,0,0,0,0,0,0
5628,none,0,0,0,0,0,0,0
5629,none,0,0,0,0,0,0,0
5630,none,0,0,0,0,0,0,0
5631,none,0,0,0,0,0,0,0
5632,baby,1,0,1,0.8034,358.29,404.39,144886.74
5633,none,0,0,0,0,0,0,0
5634,none,0,0,0,0,0,0,0
5635,none,0,0,0,0,0,0,0
5636,none,0,0,0,0,0,0,0
5637,none,0,0,0,0,0,0,0
5638,none,0,0,0,0,0,0,0
5639,baby,1,0,1,0.8435,357.42,392.29,140213.18
5640,baby,1,0,1,0.8008,358.07,404.14,144708.67
5641,baby,1,0,1,0.6248,339.28,394.38,133805.62
5642,none,0,0,0,0,0,0,0
5643,none,0,0,0,0,0,0,0
5644,none,0,0,0,0,0,0,0
5645,none,0,0,0,0,0,0,0
5646,none,0,0,0,0,0,0,0
5647,none,0,0,0,0,0,0,0
5648,none,0,0,0,0,0,0,0
5649,none,0,0,0,0,0,0,0
5650,none,0,0,0,0,0,0,0
5651,baby,1,0,1,0.6354,275.25,382.39,105254.23
5652,baby,1,0,1,0.6444,242.48,342.35,83014.43
5653,none,0,0,0,0,0,0,0
5654,none,0,0,0,0,0,0,0
5655,none,0,0,0,0,0,0,0
5656,none,0,0,0,0,0,0,0
5657,none,0,0,0,0,0,0,0
5658,none,0,0,0,0,0,0,0
5659,none,0,0,0,0,0,0,0
5660,none,0,0,0,0,0,0,0
5661,baby,1,0,1,0.7093,246.76,370.73,91482.84
5662,none,0,0,0,0,0,0,0
5663,none,0,0,0,0,0,0,0
5664,none,0,0,0,0,0,0,0
5665,none,0,0,0,0,0,0,0
5666,none,0,0,0,0,0,0,0
5667,none,0,0,0,0,0,0,0
5668,none,0,0,0,0,0,0,0
5669,none,0,0,0,0,0,0,0
5670,none,0,0,0,0,0,0,0
5671,none,0,0,0,0,0,0,0
5672,none,0,0,0,0,0,0,0
5673,none,0,0,0,0,0,0,0
5674,none,0,0,0,0,0,0,0
5675,none,0,0,0,0,0,0,0
5676,none,0,0,0,0,0,0,0
5677,none,0,0,0,0,0,0,0
5678,baby,1,0,1,0.7474,302.04,456.08,137754.07
5679,baby,1,0,1,0.7862,307.8,449.6,138386.07
5680,baby,1,0,1,0.7095,304.98,423.85,129266.77
5681,baby,1,0,1,0.6557,373.93,320.1,119694.25
5682,baby,1,0,1,0.8654,358.2,454.42,162773.1
5683,baby,1,0,1,0.7432,288.75,408.72,118018.21
5684,baby,1,0,1,0.789,348.11,454.62,158258.94
5685,baby,1,0,1,0.6267,280.84,411.96,115695.37
5686,none,0,0,0,0,0,0,0
5687,baby,1,0,1,0.852,362.71,430.74,156233.49
5688,baby,1,0,1,0.8942,421.08,498.74,210011.91
5689,baby,1,0,1,0.8779,370.21,453.97,168064.33
5690,baby,1,0,1,0.8801,380.87,424.42,161647.97
5691,baby,1,0,1,0.8538,374.65,433.59,162442.62
5692,baby,1,0,1,0.8617,400.43,403.88,161726.27
5693,baby,1,0,1,0.8628,364.92,495.24,180723.76
5694,baby,1,0,1,0.8787,382.84,430.73,164902.34
5695,baby,1,0,1,0.8296,385.15,487.78,187871.65
5696,baby,1,0,1,0.8867,386.4,510.81,197375.24
5697,baby,1,0,1,0.8795,372.32,570.99,212588.86
5698,baby,1,0,1,0.9212,373.47,499.15,186416.13
5699,baby,1,0,1,0.83,388.62,519.31,201814
5700,baby,1,0,1,0.8301,366.67,454.25,166562.45
5701,baby,1,0,1,0.7976,380.02,473.61,179981.29
5702,baby,1,0,1,0.7425,393.7,367.39,144641.98
5703,baby,1,0,1,0.7929,369.61,452.79,167358.54
5704,baby,1,0,1,0.8083,371.13,581.77,215913.63
5705,baby,1,0,1,0.8418,387.3,519.29,201122.32
5706,baby,1,0,1,0.7563,370.25,395.13,146294.2
5707,baby,1,0,1,0.6818,367.19,425.56,156263.28
5708,baby,1,0,1,0.774,371.69,541.08,201116.34
5709,baby,1,0,1,0.8633,353.29,474.29,167559.41
5710,baby,1,0,1,0.813,354.76,389.89,138315.95
5711,baby,1,0,1,0.8747,389.35,504.32,196356.61
5712,baby,1,0,1,0.8982,393.77,516.39,203338.59
5713,baby,1,0,1,0.7546,382.34,364.06,139195.38
5714,baby,1,0,1,0.8418,373.49,521.67,194836.26
5715,baby,1,0,1,0.7085,379.49,502.64,190748.28
5716,baby,1,0,1,0.6907,373.71,464.48,173579.54
5717,baby,1,0,1,0.8092,405.42,454.69,184339.15
5718,baby,1,0,1,0.8277,377.58,536.35,202515.51
5719,baby,1,0,1,0.8675,373.87,485.59,181545.47
5720,baby,1,0,1,0.6521,364.69,438.51,159919.62
5721,baby,1,0,1,0.8672,374.06,539.08,201646.52
5722,baby,1,0,1,0.8546,375.15,580.59,217804.62
5723,baby,1,0,1,0.8413,368.36,579.48,213457.08
5724,baby,1,0,1,0.878,389.31,482.84,187973.9
5725,baby,1,0,1,0.8841,363.07,406.34,147528.67
5726,baby,1,0,1,0.8776,363.11,439.29,159509.83
5727,baby,1,0,1,0.8829,356.52,392.88,140070.68
5728,baby,1,0,1,0.8861,323.83,396.84,128510.06
5729,baby,1,0,1,0.8832,343.91,415.15,142775.73
5730,baby,1,0,1,0.9004,353.52,426.22,150675.26
5731,baby,1,0,1,0.8956,365.65,406.58,148665.03
5732,baby,1,0,1,0.9,358.18,405.33,145182.19
5733,baby,1,0,1,0.8993,355.63,413.82,147168.76
5734,baby,1,0,1,0.8986,352.55,415.62,146525.09
5735,baby,1,0,1,0.8676,314.76,413.97,130298.27
5736,baby,1,0,1,0.8969,321.92,407.07,131042.47
5737,baby,1,0,1,0.8931,325.45,422.68,137560.17
5738,baby,1,0,1,0.8608,331.22,409.78,135726.45
5739,baby,1,0,1,0.8577,320.51,412.48,132205.92
5740,baby,1,0,1,0.8719,336.57,413.42,139146.42
5741,baby,1,0,1,0.8673,317.36,414.66,131598.57
5742,baby,1,0,1,0.8801,346.93,404.3,140265.18
5743,baby,1,0,1,0.9138,337.44,425.59,143610.25
5744,baby,1,0,1,0.9098,325.05,394.12,128110.9
5745,baby,1,0,1,0.8916,333.03,412.49,137374.79
5746,baby,1,0,1,0.8872,342.34,375.49,128548.01
5747,baby,1,0,1,0.9073,350.55,398.84,139812.03
5748,baby,1,0,1,0.9044,338.53,382.78,129582.23
5749,baby,1,0,1,0.9093,354.48,395.12,140062.45
5750,baby,1,0,1,0.9019,356.3,373.85,133201.29
5751,baby,1,0,1,0.9114,364.1,381.64,138956.51
5752,baby,1,0,1,0.894,371.19,377.27,140040.31
5753,baby,1,0,1,0.8826,354.67,384.94,136525.12
5754,baby,1,0,1,0.8933,357.15,420.01,150004.53
5755,none,0,0,0,0,0,0,0
5756,none,0,0,0,0,0,0,0
5757,none,0,0,0,0,0,0,0
5758,none,0,0,0,0,0,0,0
5759,none,0,0,0,0,0,0,0
5760,none,0,0,0,0,0,0,0
5761,none,0,0,0,0,0,0,0
5762,baby,1,0,1,0.8812,358.97,431.81,155006.81
5763,baby,1,0,1,0.8109,298.15,354.74,105764.01
5764,baby,1,0,1,0.7347,286.94,334.97,96116.8
5765,baby,1,0,1,0.7336,288.81,352.51,101808.74
5766,baby,1,0,1,0.8093,274.63,315.61,86674.71
5767,baby,1,0,1,0.7268,291.35,448.27,130605.62
5768,baby,1,0,1,0.7941,274.85,331.41,91087.72
5769,baby,1,0,1,0.7265,278.77,411.56,114731.19
5770,baby,1,0,1,0.702,277.76,412.83,114667.72
5771,baby,1,0,1,0.849,317.41,377.43,119799.38
5772,baby,1,0,1,0.756,251.71,381.92,96133.23
5773,baby,1,0,1,0.7888,223.88,362.92,81251.27
5774,baby,1,0,1,0.8075,216.48,368.07,79678.24
5775,baby,1,0,1,0.8328,219.18,362.12,79368.22
5776,baby,1,0,1,0.7357,214.12,346.75,74247.5
5777,baby,1,0,1,0.8273,223.88,350.16,78391.7
5778,baby,1,0,1,0.8555,229.19,327.34,75024.69
5779,baby,1,0,1,0.6869,251.13,313.01,78605.43
5780,baby,1,0,1,0.785,230.74,344.26,79435.44
5781,baby,1,0,1,0.8279,229.89,339.34,78011.24
5782,baby,1,0,1,0.8069,238.24,343.8,81906.33
5783,baby,1,0,1,0.8305,223.38,337.95,75491.85
5784,baby,1,0,1,0.8245,230.91,339.86,78475.12
5785,baby,1,0,1,0.8162,230.3,341.8,78718.5
5786,baby,1,0,1,0.8395,227.06,345.18,78377.29
5787,baby,1,0,1,0.7947,226.88,344.91,78251.9
5788,baby,1,0,1,0.8593,238.95,338.91,80983.23
5789,baby,1,0,1,0.8614,219.44,332.09,72873.83
5790,baby,1,0,1,0.808,234.91,340.24,79926.15
5791,baby,1,0,1,0.8292,234.2,344.13,80595.55
5792,baby,1,0,1,0.8493,211.81,334.51,70850.96
5793,baby,1,0,1,0.6561,231.95,370.87,86021.71
5794,baby,1,0,1,0.8236,222.59,339.05,75469.08
5795,baby,1,0,1,0.8524,224.08,339.94,76172.13
5796,baby,1,0,1,0.8389,219.68,340.35,74766.29
5797,baby,1,0,1,0.8112,213.61,343.13,73295.75
5798,baby,1,0,1,0.8348,205.94,338.82,69774.13
5799,baby,1,0,1,0.8544,220.19,335.65,73905.12
5800,baby,1,0,1,0.826,201.99,284.57,57479.07
5801,baby,1,0,1,0.8344,203.34,332.49,67606.1
5802,baby,1,0,1,0.8193,193.47,318.75,61667.72
5803,baby,1,0,1,0.8347,193.2,327.63,63298.88
5804,baby,1,0,1,0.8571,194.8,325.14,63336.55
5805,baby,1,0,1,0.8349,206.57,340.49,70332.78
5806,baby,1,0,1,0.8481,205.49,326.59,67111.5
5807,baby,1,0,1,0.8352,198.32,335.77,66587.37
5808,baby,1,0,1,0.8239,204.09,337.87,68954.97
5809,baby,1,0,1,0.8107,201.16,325.04,65384.03
5810,baby,1,0,1,0.8132,200.92,300.82,60441.92
5811,baby,1,0,1,0.8017,198.06,303.3,60071.37
5812,baby,1,0,1,0.7905,199.91,312.62,62496.75
5813,baby,1,0,1,0.817,202.35,322.19,65196.54
5814,baby,1,0,1,0.7666,209.57,337.71,70774.94
5815,baby,1,0,1,0.7589,194.37,285.16,55425.79
5816,none,0,0,0,0,0,0,0
5817,baby,1,0,1,0.7528,363.04,314.05,114012.5
5818,baby,1,0,1,0.7218,380,412.91,156908
5819,baby,1,0,1,0.6952,249.46,321.96,80316.3
5820,baby,1,0,2,0.7378,211.7,342.61,72530.92
5821,baby,1,0,1,0.7587,200.54,309.62,62092.58
5822,baby,1,0,1,0.7809,204.6,351.72,71961.94
5823,baby,1,0,1,0.8458,226.8,315.26,71499.09
5824,baby,1,0,1,0.8357,202.24,336.8,68115.72
5825,baby,1,0,1,0.8503,210.25,332.89,69989.1
5826,baby,1,0,1,0.8596,216.03,318.26,68751.44
5827,baby,1,0,1,0.8289,239.69,297.41,71286.02
5828,baby,1,0,1,0.7492,252.18,359.52,90663.62
5829,baby,1,0,1,0.7953,251.79,338.54,85239.03
5830,none,0,0,0,0,0,0,0
5831,baby,1,0,1,0.7943,208.64,331.1,69079.97
5832,baby,1,0,1,0.8452,200.33,331.98,66504.97
5833,baby,1,0,1,0.8637,299.63,509.36,152620.87
5834,baby,1,0,1,0.8226,295.62,436.55,129052.34
5835,baby,1,0,1,0.7793,289.9,522.88,151581.06
5836,baby,1,0,1,0.8098,274.38,521.12,142986.97
5837,baby,1,0,1,0.7203,239.36,334.97,80177.93
5838,baby,1,0,1,0.7722,205.39,317.97,65307.84
5839,baby,1,0,1,0.8653,197.04,334.04,65818.63
5840,baby,1,0,1,0.7758,212.14,352.52,74784.39
5841,baby,1,0,1,0.821,228.45,351.67,80340.01
5842,baby,1,0,1,0.7918,223.97,475.47,106489.8
5843,baby,1,0,1,0.785,247.79,462.18,114524.14
5844,none,0,0,0,0,0,0,0
5845,baby,1,0,1,0.6537,226.77,353.26,80108.89
5846,baby,1,0,1,0.7854,220.35,316.8,69806.81
5847,baby,1,0,1,0.7562,202.22,324.36,65591.36
5848,baby,1,0,1,0.712,243.13,334.53,81334.03
5849,baby,1,0,1,0.7508,256.64,322.19,82688.44
5850,baby,1,0,1,0.7672,222.51,361.39,80412.14
5851,baby,1,0,1,0.6253,209.6,326.22,68373.95
5852,baby,1,0,1,0.775,193.38,282.54,54637.65
5853,baby,1,0,1,0.7986,275.04,304.89,83855.9
5854,baby,1,0,1,0.7023,260.14,353.95,92074.63
5855,baby,1,0,1,0.7643,223.03,312.07,69603.09
5856,baby,1,0,1,0.7585,220.35,342.8,75537
5857,baby,1,0,1,0.6848,202.03,321.27,64907.46
5858,baby,1,0,1,0.6637,211.03,314,66263.4
5859,baby,1,0,1,0.6643,228.19,334.85,76411.01
5860,baby,1,0,1,0.746,217.99,366.12,79809.22
5861,baby,1,0,1,0.8027,223.15,334.87,74726.4
5862,baby,1,0,1,0.7917,235.25,337.45,79386.82
5863,baby,1,0,1,0.8278,215.44,321.42,69246.47
5864,baby,1,0,1,0.8287,218.18,325.19,70949.14
5865,baby,1,0,1,0.8219,208.68,317.84,66328.02
5866,baby,1,0,1,0.8157,217.64,324.72,70673.66
5867,baby,1,0,1,0.6986,240.44,275.05,66132.53
5868,baby,1,0,1,0.8438,222.49,322.55,71763.33
5869,baby,1,0,1,0.8075,217.44,336.17,73095.31
5870,baby,1,0,1,0.8179,225.42,337.73,76129.21
5871,baby,1,0,1,0.8317,210.63,330.18,69547.17
5872,baby,1,0,1,0.8321,216.96,333.65,72390.04
5873,baby,1,0,1,0.8402,208.18,330.45,68791.17
5874,baby,1,0,1,0.8455,212.01,326.59,69241.88
5875,baby,1,0,1,0.8635,205.71,327.79,67430.27
5876,baby,1,0,1,0.8444,209.79,329.41,69107.09
5877,baby,1,0,1,0.7429,229.42,379.49,87060.72
5878,baby,1,0,1,0.833,209.39,324.62,67970.01
5879,baby,1,0,1,0.8152,204.75,319.07,65328.81
5880,baby,1,0,1,0.838,202.58,318.21,64460.85
5881,baby,1,0,1,0.8031,210.99,332.48,70150.09
5882,baby,1,0,1,0.7731,208.97,324.52,67814.18
5883,baby,1,0,1,0.8165,209.45,337.44,70676.07
5884,baby,1,0,1,0.8288,204.49,327.42,66954.34
5885,baby,1,0,1,0.7516,210.31,308.17,64812.12
5886,baby,1,0,1,0.8287,200.88,326.86,65657.59
5887,baby,1,0,1,0.818,200.35,313.12,62735.72
5888,baby,1,0,1,0.8053,210.54,324.71,68362.62
5889,baby,1,0,1,0.8003,206.51,318.89,65854.17
5890,baby,1,0,1,0.802,208.06,312.04,64921.66
5891,baby,1,0,1,0.8018,214.53,319.99,68646.95
5892,baby,1,0,1,0.7016,217.47,338.38,73585.23
5893,baby,1,0,1,0.697,215.7,305.95,65992.87
5894,baby,1,0,1,0.8188,214.18,326.62,69956.15
5895,baby,1,0,1,0.6531,206.47,308.33,63661.25
5896,baby,1,0,1,0.8308,202.15,334.7,67661.31
5897,baby,1,0,1,0.8307,201.71,330.48,66661.56
5898,baby,1,0,1,0.8334,211.37,328.99,69539.33
5899,baby,1,0,1,0.8542,204.56,329.94,67494.09
5900,baby,1,0,1,0.8104,208.49,336.75,70210.6
5901,baby,1,0,1,0.8246,212.41,331.81,70480.7
5902,baby,1,0,1,0.8219,206.98,331.65,68644.32
5903,baby,1,0,1,0.8258,204.4,344.48,70412.22
5904,baby,1,0,1,0.7928,213.21,346.14,73800.43
5905,baby,1,0,1,0.8267,207.62,334.89,69530.66
5906,baby,1,0,1,0.7793,211.31,279.99,59164.45
5907,baby,1,0,1,0.8031,213.84,353.92,75681.69
5908,baby,1,0,1,0.7661,212.76,364.87,77631.35
5909,baby,1,0,1,0.7979,219.52,363.31,79752.95
5910,baby,1,0,1,0.7218,216.92,323.7,70217.02
5911,baby,1,0,1,0.8098,214.81,329.87,70860.16
5912,baby,1,0,1,0.7553,222.59,333.82,74304.86
5913,baby,1,0,1,0.8298,212.77,324.25,68990.08
5914,baby,1,0,1,0.8126,219.79,328.38,72173.4
5915,baby,1,0,1,0.7969,221.83,330.01,73205.54
5916,baby,1,0,1,0.8024,211.93,334.97,70989.16
5917,baby,1,0,1,0.8207,217.78,332.93,72505.32
5918,baby,1,0,1,0.7965,211.11,337.6,71269.04
5919,baby,1,0,1,0.8057,214.55,334.92,71855.97
5920,baby,1,0,1,0.8031,215.46,334.38,72046.26
5921,baby,1,0,1,0.7468,203.04,328.39,66677.02
5922,baby,1,0,1,0.8077,214.6,329.48,70705.24
5923,baby,1,0,1,0.7985,220.15,335.3,73814.22
5924,baby,1,0,1,0.8087,221.56,332.68,73709.13
5925,baby,1,0,1,0.7561,217.74,333.28,72569.42
5926,baby,1,0,1,0.7889,206.22,330.22,68099.61
5927,baby,1,0,1,0.8366,204.88,328.86,67376.9
5928,baby,1,0,1,0.8221,219.07,327.91,71836.37
5929,baby,1,0,1,0.7758,214.85,324.4,69698.55
5930,none,0,0,0,0,0,0,0
5931,baby,1,0,1,0.7092,209.26,279.89,58571.29
5932,baby,1,0,1,0.8409,225,330.51,74366.67
5933,baby,1,0,1,0.8129,221.1,333.52,73742.45
5934,baby,1,0,1,0.8365,220.59,329.53,72690.92
5935,baby,1,0,1,0.7973,223.21,341.96,76327.81
5936,baby,1,0,1,0.8054,220.03,327.48,72054.64
5937,baby,1,0,1,0.8215,205.75,334.54,68832.49
5938,baby,1,0,1,0.7967,223.6,336.91,75335.65
5939,baby,1,0,1,0.7919,205.05,334.74,68637.72
5940,baby,1,0,1,0.8089,208.37,335.02,69807.49
5941,baby,1,0,1,0.7952,193.02,327.12,63141.18
5942,baby,1,0,1,0.7954,217.31,336.44,73111.17
5943,baby,1,0,1,0.8013,213.46,338.8,72318.75
5944,baby,1,0,1,0.8243,211.68,306.9,64963.49
5945,baby,1,0,1,0.8269,217.27,330.18,71738.88
5946,baby,1,0,1,0.8398,203.78,331.1,67470.68
5947,baby,1,0,1,0.8306,204.79,330.02,67584.96
5948,baby,1,0,1,0.8188,207.83,330.32,68650.39
5949,baby,1,0,1,0.8148,202.77,331.31,67180.23
5950,baby,1,0,1,0.8194,207.9,334.86,69618.79
5951,baby,1,0,1,0.816,210.17,326.48,68616.89
5952,baby,1,0,1,0.8031,203.56,326.61,66483.25
5953,baby,1,0,1,0.8139,213.64,325.4,69518.07
5954,baby,1,0,1,0.7156,265.18,315.98,83790.75
5955,baby,1,0,1,0.8167,234.33,318.31,74589.22
5956,baby,1,0,1,0.8123,220.99,309.97,68499.93
5957,baby,1,0,1,0.757,216.08,314.94,68051.34
5958,baby,1,0,1,0.7104,215.92,333.07,71917.73
5959,baby,1,0,1,0.7899,209.23,329.44,68928.5
5960,baby,1,0,1,0.7812,219.53,329.5,72336.62
5961,baby,1,0,1,0.7479,207.65,338.44,70277.57
5962,baby,1,0,1,0.813,214.05,336.83,72098.6
5963,baby,1,0,1,0.7771,201.24,325.94,65593.76
5964,baby,1,0,1,0.8304,218.45,334.84,73144.18
5965,baby,1,0,1,0.8029,217.83,344,74934.24
5966,baby,1,0,1,0.8309,214.04,333.97,71481.56
5967,baby,1,0,1,0.8269,203.77,335.93,68453.25
5968,baby,1,0,1,0.8086,207.86,339.86,70642.8
5969,baby,1,0,1,0.8185,214.63,342.67,73546.49
5970,baby,1,0,1,0.8303,210.26,335.21,70481.59
5971,baby,1,0,1,0.8297,211.31,335.25,70843.77
5972,baby,1,0,1,0.7947,210.7,341.56,71966.29
5973,baby,1,0,1,0.8534,210.27,327,68756.95
5974,baby,1,0,1,0.8345,207.27,336,69642.07
5975,baby,1,0,1,0.822,217.27,333.63,72488.73
5976,baby,1,0,1,0.8006,213.52,339.81,72555.39
5977,baby,1,0,1,0.8097,212.49,338.61,71952.02
5978,baby,1,0,1,0.8312,217.63,326.67,71092.29
5979,baby,1,0,1,0.7584,206.07,363.21,74845.61
5980,baby,1,0,1,0.8278,214.38,321.49,68919.52
5981,baby,1,0,1,0.8128,217.85,334.92,72961
5982,baby,1,0,1,0.8175,218.68,334.31,73107.18
5983,baby,1,0,1,0.8374,214.38,334.6,71731.95
5984,baby,1,0,1,0.8414,210.42,321.96,67745.54
5985,baby,1,0,1,0.8308,204.78,327.45,67055.09
5986,baby,1,0,1,0.8325,217.26,327.57,71168.07
5987,baby,1,0,1,0.8304,205.28,330.96,67939.49
5988,baby,1,0,1,0.839,213.42,331.31,70708.06
5989,baby,1,0,1,0.827,216.86,342.72,74320.06
5990,baby,1,0,1,0.8488,209.19,327.59,68529.87
5991,baby,1,0,1,0.8484,214.27,328.41,70369.86
5992,baby,1,0,1,0.8323,215.45,334.88,72150.18
5993,baby,1,0,1,0.8209,204.53,332.46,67997.74
5994,baby,1,0,1,0.8344,211.33,343.35,72558.56
5995,baby,1,0,1,0.8505,209.56,317.32,66499.44
5996,baby,1,0,1,0.8115,205.29,329.79,67701.01
5997,baby,1,0,1,0.8317,208.58,324.95,67777.31
5998,baby,1,0,1,0.8382,213.65,333.91,71337.75
5999,baby,1,0,1,0.8399,206.29,322.66,66559.68
6000,baby,1,0,1,0.8074,209.02,329.41,68851.23
6001,baby,1,0,1,0.837,215.92,331.06,71480.73
6002,baby,1,0,1,0.8462,225.06,335.85,75585.23
6003,baby,1,0,1,0.8285,219.68,335.51,73706.01
6004,baby,1,0,1,0.842,206.63,329.9,68168.45
6005,baby,1,0,1,0.8301,209.07,327.99,68571.94
6006,baby,1,0,1,0.8402,206.43,326.51,67402.4
6007,baby,1,0,1,0.8293,220.26,335.72,73945.19
6008,baby,1,0,1,0.814,207.99,334.65,69602.94
6009,baby,1,0,1,0.8355,217.61,329.08,71611.34
6010,baby,1,0,1,0.836,206.85,322.85,66781.55
6011,baby,1,0,1,0.7874,218.62,338.85,74081.37
6012,baby,1,0,1,0.8199,209.78,329.03,69023.06
6013,baby,1,0,1,0.8453,218.88,337.05,73771.64
6014,baby,1,0,1,0.8214,211.62,340.86,72131.64
6015,baby,1,0,1,0.8184,229.2,342.34,78463.96
6016,baby,1,0,1,0.8208,215.8,338.64,73080.36
6017,baby,1,0,1,0.8286,215.59,344.63,74298.08
6018,baby,1,0,1,0.8343,218.16,350.52,76468.11
6019,baby,1,0,1,0.85,214.83,332.29,71386.14
6020,baby,1,0,1,0.83,215,343,73745.76
6021,baby,1,0,1,0.8147,216.57,342.89,74260.19
6022,baby,1,0,1,0.8352,221.43,347.23,76887.95
6023,baby,1,0,1,0.8295,217.26,347.72,75544.18
6024,baby,1,0,1,0.8298,216.57,334.38,72416.91
6025,baby,1,0,1,0.8257,210.76,330.47,69649.96
6026,baby,1,0,1,0.8136,204.63,323.93,66286.86
6027,baby,1,0,1,0.8163,213.44,331.5,70754.68
6028,baby,1,0,1,0.8436,212.01,331.66,70314.25
6029,baby,1,0,1,0.8407,212.49,331.67,70476.11
6030,baby,1,0,1,0.8258,210.18,328.63,69071.09
6031,baby,1,0,1,0.8269,215.85,341.87,73791.24
6032,baby,1,0,1,0.8304,212.58,347.01,73768.41
6033,baby,1,0,1,0.7838,216.31,318.21,68833.57
6034,baby,1,0,1,0.8402,220.31,343.1,75588.87
6035,baby,1,0,1,0.8574,215.53,333.1,71791.16
6036,baby,1,0,1,0.8579,209.05,332.47,69502.85
6037,baby,1,0,1,0.8515,211.09,330.14,69689.76
6038,baby,1,0,1,0.8457,213.58,332.3,70973.5
6039,baby,1,0,1,0.8317,216.5,330.04,71454.38
6040,baby,1,0,1,0.8549,213.44,332.74,71018.86
6041,baby,1,0,1,0.8445,211.1,325.44,68700.03
6042,baby,1,0,1,0.8369,217.56,338.35,73611.46
6043,baby,1,0,1,0.8263,205.09,333.81,68461.8
6044,baby,1,0,1,0.8214,218.38,338.15,73846.96
6045,baby,1,0,1,0.8518,209.32,337.11,70566.17
6046,baby,1,0,1,0.8504,203.42,324.92,66093.92
6047,baby,1,0,1,0.841,213.52,335.31,71595.76
6048,baby,1,0,1,0.8501,210.07,334.97,70368.46
6049,baby,1,0,1,0.8466,210.49,333,70091.45
6050,baby,1,0,1,0.848,207.9,326.82,67947.71
6051,baby,1,0,1,0.835,217.35,326.96,71064.94
6052,baby,1,0,1,0.8388,215.22,336.86,72499.36
6053,baby,1,0,1,0.8444,206.07,330.43,68092.47
6054,baby,1,0,1,0.8323,216.33,330.77,71557.11
6055,baby,1,0,1,0.839,217.96,336.94,73438.26
6056,baby,1,0,1,0.8448,214.45,332.8,71367.2
6057,baby,1,0,1,0.8469,215.67,335.24,72302.97
6058,baby,1,0,1,0.8502,210.64,333.93,70339.01
6059,baby,1,0,1,0.8284,218.47,335.31,73257.53
6060,baby,1,0,1,0.8335,213.88,332.91,71203
6061,baby,1,0,1,0.8245,213.06,333.8,71120.14
6062,baby,1,0,1,0.8463,206.71,324.79,67137.45
6063,baby,1,0,1,0.8292,214.69,325.58,69896.53
6064,baby,1,0,1,0.826,216.7,328.17,71113.41
6065,baby,1,0,1,0.8441,208.61,331.87,69231.54
6066,baby,1,0,1,0.8147,220.13,330.03,72648.03
6067,baby,1,0,1,0.8246,216.15,326.85,70647.16
6068,baby,1,0,1,0.8317,209.22,331.04,69258.98
6069,baby,1,0,1,0.8151,214.71,329.76,70802.35
6070,baby,1,0,1,0.8273,213.98,328.89,70375.47
6071,baby,1,0,1,0.8346,215.4,332.78,71681.08
6072,baby,1,0,1,0.8313,198.67,341.73,67892.46
6073,baby,1,0,1,0.8178,205.55,344.62,70836.1
6074,baby,1,0,1,0.8119,205.84,346.27,71274.94
6075,baby,1,0,1,0.8228,198.81,335.35,66670.81
6076,baby,1,0,1,0.8235,225.79,329.2,74329.27
6077,baby,1,0,1,0.8411,217.56,335.89,73077.71
6078,baby,1,0,1,0.8453,210.38,333.35,70130.47
6079,baby,1,0,1,0.8301,198.49,333.54,66206.08
6080,baby,1,0,1,0.8188,211.77,335.99,71154.61
6081,baby,1,0,1,0.828,206.77,333.42,68939.98
6082,baby,1,0,1,0.8398,201.21,327.65,65926.29
6083,baby,1,0,1,0.8315,205.62,332.57,68383.74
6084,baby,1,0,1,0.8402,200.74,332.31,66708.7
6085,baby,1,0,1,0.8309,195.76,329.46,64496.44
6086,baby,1,0,1,0.8299,208.29,336.32,70054.22
6087,baby,1,0,1,0.806,214.89,340.45,73157.41
6088,baby,1,0,1,0.8321,210.78,338.72,71393.63
6089,baby,1,0,1,0.8189,218.68,340.03,74357.39
6090,baby,1,0,1,0.8314,214.98,339.88,73068.33
6091,baby,1,0,1,0.8228,213.54,324.15,69220.57
6092,baby,1,0,1,0.8317,213.2,335.12,71447.84
6093,baby,1,0,1,0.8278,213.06,337.25,71854.9
6094,baby,1,0,1,0.819,210.06,335.37,70448.59
6095,baby,1,0,1,0.8383,207.4,329.32,68303.17
6096,baby,1,0,1,0.8201,203.05,334.22,67865.76
6097,baby,1,0,1,0.8345,198.4,333.96,66259.31
6098,baby,1,0,1,0.8207,200.77,332.46,66748.12
6099,baby,1,0,1,0.809,210.03,333.04,69945.75
6100,baby,1,0,1,0.8173,200.35,332.16,66549.27
6101,baby,1,0,1,0.8195,210.35,333.96,70247.67
6102,baby,1,0,1,0.8062,205.35,334.06,68597.53
6103,baby,1,0,1,0.8268,222.47,338.38,75280.38
6104,baby,1,0,1,0.8164,214.04,333.9,71469.68
6105,baby,1,0,1,0.8236,210.36,335.99,70678.96
6106,baby,1,0,1,0.8204,216.96,339.44,73644.13
6107,baby,1,0,1,0.831,213.33,336.97,71886.25
6108,baby,1,0,1,0.8281,205.34,334.9,68768.49
6109,none,0,0,0,0,0,0,0
6110,none,0,0,0,0,0,0,0
6111,baby,1,0,1,0.8213,216.45,315.32,68250.73
6112,baby,1,0,1,0.7765,242.41,318.79,77279.69
6113,baby,1,0,1,0.7708,225.48,340.58,76792.54
6114,baby,1,0,1,0.791,220.83,329.2,72697.56
6115,baby,1,0,1,0.7978,217.51,315.73,68675.65
6116,baby,1,0,1,0.7932,215.39,325.04,70009.32
6117,baby,1,0,1,0.8115,213.28,322.98,68887.04
6118,baby,1,0,1,0.8039,214.85,319.38,68620.52
6119,baby,1,0,1,0.7574,208.64,312.11,65119.11
6120,baby,1,0,1,0.8272,216.75,323.23,70059.83
6121,baby,1,0,1,0.7886,214.5,326.26,69982.31
6122,baby,1,0,1,0.8066,221.31,327.36,72448.65
6123,baby,1,0,1,0.7575,206.74,305.1,63077.87
6124,baby,1,0,1,0.7938,216.76,335.35,72691.73
6125,baby,1,0,1,0.794,226.88,332.14,75354.37
6126,baby,1,0,1,0.8068,215.7,320.59,69150.93
6127,baby,1,0,1,0.8148,215.33,333.1,71727.56
6128,baby,1,0,1,0.7719,230.32,318.01,73245.02
6129,baby,1,0,1,0.8247,215.81,323.65,69847.02
6130,baby,1,0,1,0.7873,216.98,332.6,72165.88
6131,baby,1,0,1,0.7606,219.56,318.15,69854.09
6132,baby,1,0,1,0.7537,211.23,308.58,65180.7
6133,baby,1,0,1,0.7732,216.16,324.33,70106.55
6134,baby,1,0,1,0.7491,208.75,314.44,65638.66
6135,baby,1,0,1,0.8102,217.42,320.17,69611.6
6136,baby,1,0,1,0.7664,220.85,312.87,69096.88
6137,baby,1,0,1,0.8198,209.71,322.3,67589.76
6138,baby,1,0,1,0.7682,196.55,312.27,61376.48
6139,baby,1,0,1,0.7901,216.57,323.09,69972.01
6140,baby,1,0,1,0.7926,203.18,317.22,64452.24
6141,baby,1,0,1,0.8178,204.35,319.23,65235.06
6142,baby,1,0,1,0.8114,212.57,321.19,68275.18
6143,baby,1,0,1,0.7649,215.19,308.91,66472.97
6144,baby,1,0,1,0.7897,209.41,316.09,66191.99
6145,baby,1,0,1,0.7945,208.71,330.64,69008.42
6146,baby,1,0,1,0.754,207.11,310.12,64228.47
6147,baby,1,0,1,0.8189,224.2,330.24,74040.3
6148,baby,1,0,1,0.7688,224.8,324.19,72877.83
6149,baby,1,0,1,0.7925,218.56,322.52,70491.19
6150,baby,1,0,1,0.7845,224.85,316.61,71189.38
6151,baby,1,0,1,0.8083,218.08,325.99,71091.17
6152,baby,1,0,1,0.8241,224.1,320.76,71881.16
6153,baby,1,0,1,0.8175,224.78,345.94,77760.16
6154,baby,1,0,1,0.8002,222.67,316.18,70403.85
6155,baby,1,0,1,0.8181,219.81,318.25,69954.83
6156,baby,1,0,1,0.8283,220.81,324.25,71598.1
6157,baby,1,0,1,0.8056,218.85,317.52,69488.35
6158,baby,1,0,1,0.8145,215.64,323.79,69820.6
6159,baby,1,0,1,0.841,217.69,324.85,70715.33
6160,baby,1,0,1,0.7955,228.79,321.17,73479.88
6161,baby,1,0,1,0.8218,216.16,319.57,69079.59
6162,baby,1,0,1,0.8458,216.87,323.77,70216.2
6163,baby,1,0,1,0.8081,217.99,333.94,72795.13
6164,baby,1,0,1,0.6346,207.16,274.09,56780.48
6165,baby,1,0,1,0.7499,225.35,317.14,71466.33
6166,baby,1,0,1,0.8107,249.67,324.91,81120.32
6167,baby,1,0,1,0.8392,236.27,320.63,75756.57
6168,baby,1,0,1,0.8232,244.74,324.35,79382.98
6169,baby,1,0,1,0.8103,235.44,324.99,76515.17
6170,baby,1,0,1,0.7995,238.92,317.31,75812.85
6171,baby,1,0,1,0.7945,227.53,320.77,72985.29
6172,baby,1,0,1,0.7783,243.37,328.27,79891.26
6173,baby,1,0,1,0.8332,248.63,323.39,80402.63
6174,baby,1,0,1,0.81,236.67,334.37,79133.66
6175,baby,1,0,1,0.8246,235.89,329,77606.36
6176,baby,1,0,1,0.8119,237.59,328.98,78162.76
6177,baby,1,0,1,0.6623,217.31,275.45,59856.93
6178,baby,1,0,1,0.8503,223.97,330.18,73950.67
6179,baby,1,0,1,0.8493,217.34,330.55,71843.63
6180,baby,1,0,1,0.8652,221.36,330.58,73177.11
6181,baby,1,0,1,0.8632,221.94,332.88,73878.89
6182,baby,1,0,1,0.8714,220.61,331.83,73206.52
6183,baby,1,0,1,0.8596,219.28,324.14,71075.58
6184,baby,1,0,1,0.8688,215.24,327.86,70567.55
6185,baby,1,0,1,0.8471,203.74,312.63,63696.53
6186,baby,1,0,1,0.8311,222.21,309.53,68781.69
6187,baby,1,0,1,0.8218,210.26,313.35,65884.41
6188,baby,1,0,1,0.8301,213.59,306.55,65476.68
6189,baby,1,0,1,0.807,220.32,329.77,72655.08
6190,baby,1,0,1,0.8207,210.64,306.47,64555.93
6191,baby,1,0,1,0.8004,218.14,308.34,67261.87
6192,baby,1,0,1,0.826,206.22,309.29,63780.33
6193,baby,1,0,1,0.812,209.87,312.49,65580.68
6194,baby,1,0,1,0.8432,210.54,318.61,67079.44
6195,baby,1,0,1,0.8001,203.4,312.9,63644.26
6196,baby,1,0,1,0.8424,206.65,316.74,65452.2
6197,baby,1,0,1,0.8199,190.96,322.87,61654.12
6198,baby,1,0,1,0.8283,196.77,319.77,62922.43
6199,baby,1,0,1,0.8231,209.01,315.67,65979.72
6200,baby,1,0,1,0.8527,210.07,317.64,66727.63
6201,baby,1,0,1,0.8373,222.36,307.33,68338.99
6202,baby,1,0,1,0.8385,208.57,307.56,64148.36
6203,baby,1,0,1,0.8428,206.76,309.21,63933.97
6204,baby,1,0,1,0.8508,216.75,315.05,68287.22
6205,baby,1,0,1,0.7947,221.22,336.96,74540.81
6206,baby,1,0,1,0.827,221.34,332.72,73645.15
6207,baby,1,0,1,0.8099,210.61,327.63,69003.23
6208,baby,1,0,1,0.8262,215.35,329.85,71034.23
6209,baby,1,0,1,0.8173,216.71,316.62,68613.29
6210,baby,1,0,1,0.8332,209.13,315.21,65919.86
6211,baby,1,0,1,0.805,207.37,320.51,66463.35
6212,baby,1,0,1,0.8326,211.65,315.13,66698.29
6213,baby,1,0,1,0.8021,239.61,328.9,78807.16
6214,baby,1,0,1,0.8282,239.11,322.2,77042.52
6215,baby,1,0,1,0.8294,234.6,323.22,75826.87
6216,baby,1,0,1,0.8384,223.3,322.48,72011.1
6217,baby,1,0,1,0.822,228.47,328.41,75031.87
6218,baby,1,0,1,0.8496,224.13,331.51,74302.42
6219,baby,1,0,1,0.85,225.3,324.23,73048.71
6220,baby,1,0,1,0.865,216.61,321.7,69685.39
6221,baby,1,0,1,0.8629,222.58,319.38,71087.81
6222,baby,1,0,1,0.8447,225.98,319.82,72272.57
6223,baby,1,0,1,0.837,225.23,325.35,73279.94
6224,baby,1,0,1,0.8545,229.08,321.82,73722
6225,baby,1,0,1,0.8387,231.8,310.67,72013.74
6226,baby,1,0,1,0.8665,222.28,318.93,70892.67
6227,baby,1,0,1,0.848,227.62,313.75,71415.8
6228,baby,1,0,1,0.8594,228.99,320.06,73289.63
6229,baby,1,0,1,0.8696,226.14,317.81,71871.74
6230,baby,1,0,1,0.821,227.66,326.12,74245.07
6231,baby,1,0,1,0.7653,229.45,324.93,74553.99
6232,baby,1,0,1,0.808,212.2,327.92,69585.89
6233,baby,1,0,1,0.8065,211.82,324.02,68632.82
6234,baby,1,0,1,0.8039,206.86,306.75,63453.77
6235,baby,1,0,1,0.8274,210.4,320.3,67392.01
6236,baby,1,0,1,0.8223,210.88,318.28,67118.57
6237,baby,1,0,1,0.7637,215.42,370.13,79731.56
6238,baby,1,0,1,0.8019,212.62,324.16,68924.96
6239,baby,1,0,1,0.7907,216.9,329.98,71573.46
6240,baby,1,0,1,0.8105,208.44,321.28,66967.6
6241,baby,1,0,1,0.7891,211.28,328.05,69310.47
6242,baby,1,0,1,0.7681,206.52,326.97,67523.4
6243,baby,1,0,1,0.8281,211.49,329.61,69709.01
6244,baby,1,0,1,0.7139,215.24,344.06,74055.22
6245,baby,1,0,1,0.7857,209.69,316.2,66304.19
6246,baby,1,0,1,0.7818,199.68,304.52,60806.51
6247,baby,1,0,1,0.7353,204.3,319.14,65200.05
6248,baby,1,0,1,0.7688,200.47,316.2,63388.33
6249,baby,1,0,1,0.7515,201.2,318.44,64071.05
6250,baby,1,0,1,0.7449,212.66,290.08,61688.21
6251,empty_seat,0,1,0,0.6322,302,269.76,81466.8
6252,none,0,0,0,0,0,0,0
6253,empty_seat,0,1,0,0.6019,309.6,270.49,83743
6254,empty_seat,0,1,0,0.6361,310.84,274.71,85392.3
6255,empty_seat,0,1,0,0.6576,312.28,272.36,85051.69
6256,empty_seat,0,1,0,0.6519,308.86,275.25,85013.49
6257,empty_seat,0,1,0,0.6652,313.75,276.47,86742.16
6258,empty_seat,0,1,0,0.6951,311.51,276.49,86128.19
6259,empty_seat,0,1,0,0.694,311.49,277.42,86412.64
6260,empty_seat,0,1,0,0.6285,310.1,272.46,84490.8
6261,empty_seat,0,1,0,0.65,308.34,273.92,84460.97
6262,empty_seat,0,1,0,0.6776,315.69,273.65,86389.1
6263,empty_seat,0,1,0,0.6465,311.2,277.19,86259.15
6264,empty_seat,0,1,0,0.6857,295.45,273.76,80881.79
6265,empty_seat,0,1,0,0.6447,318.41,276.15,87930.59
6266,empty_seat,0,1,0,0.6699,318.4,276.22,87949.2
6267,empty_seat,0,1,0,0.6699,315.62,277.15,87473.84
6268,empty_seat,0,1,0,0.6575,316.78,271.78,86094.39
6269,empty_seat,0,1,0,0.6852,302.37,275.93,83432.58
6270,empty_seat,0,1,0,0.6501,308.96,273.92,84630.5
6271,empty_seat,0,1,0,0.6683,308.01,270.71,83380.27
6272,empty_seat,0,1,0,0.6646,312,270.95,84538.69
6273,empty_seat,0,1,0,0.6737,312.44,275.18,85978.8
6274,empty_seat,0,1,0,0.6814,309.56,276.53,85600.62
6275,empty_seat,0,1,0,0.6171,307.51,276.25,84948.48
6276,empty_seat,0,1,0,0.6638,312.05,279.35,87169.58
6277,empty_seat,0,1,0,0.6307,306.58,273.07,83719.08
6278,empty_seat,0,1,0,0.6464,316.14,271.33,85780.25
6279,empty_seat,0,1,0,0.6865,315.23,278.62,87830.75
6280,empty_seat,0,1,0,0.6509,316.63,278.36,88139.39
6281,empty_seat,0,1,0,0.6329,309.69,274.96,85150.33
6282,empty_seat,0,1,0,0.687,315.9,281.12,88805.84
6283,empty_seat,0,1,0,0.714,323.12,279.93,90452.02
6284,empty_seat,0,1,0,0.6845,316.09,279.02,88195.31
6285,empty_seat,0,1,0,0.6795,310.74,279.28,86784.18
6286,empty_seat,0,1,0,0.7106,317.46,283.13,89880.94
6287,empty_seat,0,1,0,0.6456,318.46,281.48,89639.9
6288,empty_seat,0,1,0,0.6673,309.04,277.29,85695.58
6289,empty_seat,0,1,0,0.6669,315.13,280.42,88368.82
6290,empty_seat,0,1,0,0.6518,318.82,280.06,89290.47
6291,empty_seat,0,1,0,0.6955,314.43,276.37,86897.73
6292,empty_seat,0,1,0,0.6865,328.37,284.7,93487.96
6293,empty_seat,0,1,0,0.7057,310.16,278.43,86357.65
6294,empty_seat,0,1,0,0.6083,316.64,274.23,86834.11
6295,empty_seat,0,1,0,0.6522,308.85,277.5,85705.5
6296,empty_seat,0,1,0,0.6907,314.04,281.07,88267.54
6297,empty_seat,0,1,0,0.6747,316.66,279.59,88537.12
6298,empty_seat,0,1,0,0.6456,315.07,274.04,86340.17
6299,empty_seat,0,1,0,0.6965,313.71,281.32,88253.03
6300,empty_seat,0,1,0,0.6801,313.51,281.39,88221.36
6301,empty_seat,0,1,0,0.6818,309.58,278.02,86067.21
6302,empty_seat,0,1,0,0.6935,312.12,277.58,86638.61
6303,empty_seat,0,1,0,0.6419,315.66,277.3,87533.94
6304,empty_seat,0,1,0,0.6602,314.88,276.08,86932.45
6305,empty_seat,0,1,0,0.6447,314.46,271.7,85438.96
6306,empty_seat,0,1,0,0.7119,304.05,274.63,83502.9
6307,empty_seat,0,1,0,0.6416,313.86,268.97,84420.57
6308,empty_seat,0,1,0,0.6811,313.02,276.14,86436.47
6309,empty_seat,0,1,0,0.6807,311.17,276.61,86071.4
6310,empty_seat,0,1,0,0.664,310.13,276.13,85637.11
6311,empty_seat,0,1,0,0.6473,303.81,274.58,83418.3
6312,empty_seat,0,1,0,0.6412,318.91,275.93,87997.36
6313,empty_seat,0,1,0,0.6384,313.1,276.26,86495.51
6314,empty_seat,0,1,0,0.665,312.85,274.51,85881
6315,empty_seat,0,1,0,0.6782,316.58,277.3,87788.65
6316,empty_seat,0,1,0,0.687,313.85,273.22,85751.1
6317,empty_seat,0,1,0,0.6831,318,280.47,89188.98
6318,empty_seat,0,1,0,0.6899,312.93,280.75,87855.71
6319,empty_seat,0,1,0,0.6719,315.89,279.27,88218.05
6320,empty_seat,0,1,0,0.6744,307.67,277.1,85256.47
6321,empty_seat,0,1,0,0.6281,309.1,272.88,84347.12
6322,empty_seat,0,1,0,0.6857,302.51,273.53,82746.16
6323,empty_seat,0,1,0,0.6747,310.44,277.09,86021.36
6324,empty_seat,0,1,0,0.6762,309.9,275.8,85469.07
6325,empty_seat,0,1,0,0.6596,311.89,275.29,85860.36
6326,empty_seat,0,1,0,0.6554,303.17,272.43,82593.69
6327,empty_seat,0,1,0,0.6421,311.32,270.95,84349.58
6328,empty_seat,0,1,0,0.6704,315.97,276.74,87441.21
6329,empty_seat,0,1,0,0.6483,309.72,274.16,84912.14
6330,empty_seat,0,1,0,0.6994,311.56,275.27,85761.76
6331,empty_seat,0,1,0,0.6093,306.44,271.94,83332.42
6332,empty_seat,0,1,0,0.6788,314.22,273.25,85863.14
6333,empty_seat,0,1,0,0.6804,313.88,276.27,86714.42
6334,empty_seat,0,1,0,0.6655,302.18,271.52,82046.78
6335,empty_seat,0,1,0,0.6732,315.45,274.44,86572.61
6336,empty_seat,0,1,0,0.6523,303.87,273.39,83075.01
6337,empty_seat,0,1,0,0.663,308.63,273.37,84369.64
6338,empty_seat,0,1,0,0.6598,306.25,273.47,83752.38
6339,empty_seat,0,1,0,0.6674,303.42,270.06,81939.51
6340,empty_seat,0,1,0,0.6989,301.59,275.51,83089.41
6341,empty_seat,0,1,0,0.6491,305.53,268.88,82152.09
6342,empty_seat,0,1,0,0.6832,306.87,275.1,84419.5
6343,empty_seat,0,1,0,0.6748,316.29,275.1,87011.72
6344,empty_seat,0,1,0,0.6347,321.12,278.56,89449.5
6345,empty_seat,0,1,0,0.6655,311.01,276.44,85973.74
6346,empty_seat,0,1,0,0.675,303.45,275.55,83613.71
6347,empty_seat,0,1,0,0.6894,313.95,274.47,86168.51
6348,empty_seat,0,1,0,0.6364,309.48,272.99,84484.51
6349,empty_seat,0,1,0,0.6492,310.9,269.87,83902.12
6350,empty_seat,0,1,0,0.6507,311.98,272.5,85013.79
6351,empty_seat,0,1,0,0.6532,311.08,272.92,84899.68
6352,empty_seat,0,1,0,0.6835,310.47,276.16,85739.03
6353,empty_seat,0,1,0,0.6378,307.95,271.7,83670.24
6354,empty_seat,0,1,0,0.6723,301.16,271.8,81855.37
6355,empty_seat,0,1,0,0.6553,308.59,272.82,84188.5
6356,empty_seat,0,1,0,0.6712,305.86,272.49,83345.14
6357,empty_seat,0,1,0,0.6772,301.6,273.43,82466.98
6358,empty_seat,0,1,0,0.6363,301.57,270.5,81575.23
6359,empty_seat,0,1,0,0.7118,301.77,277.05,83602.64
6360,empty_seat,0,1,0,0.623,302.81,270.61,81941.76
6361,empty_seat,0,1,0,0.617,306.63,271.38,83211.66
6362,empty_seat,0,1,0,0.632,304.52,269.76,82145.09
6363,empty_seat,0,1,0,0.6633,306.22,271.78,83223.35
6364,empty_seat,0,1,0,0.6596,308.14,270.18,83255.2
6365,empty_seat,0,1,0,0.6795,312.08,275.1,85852.08
6366,empty_seat,0,1,0,0.6365,313.06,273.11,85500.72
6367,empty_seat,0,1,0,0.6343,310.14,271.14,84090.03
6368,empty_seat,0,1,0,0.6937,303.65,275.26,83582.82
6369,empty_seat,0,1,0,0.6824,309.47,270.52,83720
6370,empty_seat,0,1,0,0.6703,312.74,274.76,85930.38
6371,empty_seat,0,1,0,0.6433,306.87,269.97,82845.08
6372,empty_seat,0,1,0,0.663,310.81,275.23,85541.89
6373,empty_seat,0,1,0,0.6519,312.46,275.38,86048.02
6374,empty_seat,0,1,0,0.6598,306.69,275.54,84505.88
6375,empty_seat,0,1,0,0.6637,311.99,274.04,85498.39
6376,empty_seat,0,1,0,0.6736,309.59,278.4,86191.3
6377,empty_seat,0,1,0,0.6621,308.83,275.45,85066.93
6378,empty_seat,0,1,0,0.669,312.08,275.19,85880.21
6379,empty_seat,0,1,0,0.6408,310.31,276.7,85862.41
6380,empty_seat,0,1,0,0.6863,302.59,275.29,83300.38
6381,empty_seat,0,1,0,0.6693,311.43,272.03,84718.87
6382,empty_seat,0,1,0,0.6235,305.05,266.21,81209.81
6383,empty_seat,0,1,0,0.6625,307.84,277.56,85442.21
6384,empty_seat,0,1,0,0.6442,302.22,272.04,82216.29
6385,empty_seat,0,1,0,0.6103,308.59,268.17,82756.19
6386,empty_seat,0,1,0,0.6587,306.6,269.89,82745.6
6387,empty_seat,0,1,0,0.6611,312.78,271.78,85009.13
6388,empty_seat,0,1,0,0.6922,305.44,276.41,84427.19
6389,empty_seat,0,1,0,0.6356,309.41,272.21,84225.29
6390,empty_seat,0,1,0,0.6553,300.4,273.12,82045.76
6391,empty_seat,0,1,0,0.6605,306.43,274.74,84188.07
6392,empty_seat,0,1,0,0.6809,309.53,274.37,84925.32
6393,empty_seat,0,1,0,0.6563,305.48,273.5,83548.83
6394,empty_seat,0,1,0,0.658,306.09,274.21,83930.55
6395,empty_seat,0,1,0,0.6152,307.58,272.1,83691.54
6396,empty_seat,0,1,0,0.6686,306.28,272.92,83588.7
6397,empty_seat,0,1,0,0.6805,305.33,272.37,83163.06
6398,empty_seat,0,1,0,0.6813,308.72,276.55,85377.07
6399,empty_seat,0,1,0,0.6629,305.91,273.7,83727.93
6400,empty_seat,0,1,0,0.6832,303.77,273.86,83192.25
6401,empty_seat,0,1,0,0.6509,303.11,272.83,82699.2
6402,empty_seat,0,1,0,0.6794,302.23,276.44,83547.61
6403,empty_seat,0,1,0,0.6314,305.8,275.55,84261.82
6404,empty_seat,0,1,0,0.6513,304.71,274.65,83688.52
6405,empty_seat,0,1,0,0.6222,301.34,270.68,81565.14
6406,empty_seat,0,1,0,0.6838,303.64,279.38,84828.79
6407,none,0,0,0,0,0,0,0
6408,empty_seat,0,1,0,0.6792,306.19,273.28,83674.43
6409,empty_seat,0,1,0,0.6367,308.27,270.99,83539.28
6410,empty_seat,0,1,0,0.6608,315.58,275.41,86913.32
6411,empty_seat,0,1,0,0.6711,305.89,277.27,84812.42
6412,empty_seat,0,1,0,0.6821,301.02,277.27,83464.24
6413,empty_seat,0,1,0,0.6374,306.58,274.94,84288.96
6414,empty_seat,0,1,0,0.6025,307.52,271.86,83602.97
6415,empty_seat,0,1,0,0.6685,309.51,272.38,84302.36
6416,empty_seat,0,1,0,0.6515,300.59,273.56,82228.51
6417,empty_seat,0,1,0,0.6582,310.21,275.44,85443.43
6418,empty_seat,0,1,0,0.684,303.06,275.81,83586.12
6419,empty_seat,0,1,0,0.6476,305.57,271.41,82932.22
6420,empty_seat,0,1,0,0.676,311.03,275.11,85567.28
6421,empty_seat,0,1,0,0.6181,304.05,271.48,82544.08
6422,empty_seat,0,1,0,0.6604,300.96,271.62,81747.81
6423,empty_seat,0,1,0,0.6743,307.44,276.69,85065.95
6424,empty_seat,0,1,0,0.669,308.03,272.94,84073.43
6425,empty_seat,0,1,0,0.6344,302.33,271.22,81996.62
6426,empty_seat,0,1,0,0.6543,300.51,272.4,81859.68
6427,empty_seat,0,1,0,0.6868,298.36,273.66,81649.81
6428,empty_seat,0,1,0,0.6188,307.29,273.27,83973.14
6429,empty_seat,0,1,0,0.6054,302,271.54,82005.59
6430,empty_seat,0,1,0,0.6156,312.52,276.49,86411.13
6431,empty_seat,0,1,0,0.6561,306.94,275.41,84533.89
6432,empty_seat,0,1,0,0.6561,305.29,278.46,85010.93
6433,empty_seat,0,1,0,0.6811,303.23,274.18,83140.7
6434,empty_seat,0,1,0,0.6541,314.56,273.25,85955.99
6435,empty_seat,0,1,0,0.6525,305.71,272.9,83427.92
6436,empty_seat,0,1,0,0.6582,304.34,276.77,84231.56
6437,empty_seat,0,1,0,0.6166,299.94,273.15,81926.05
6438,empty_seat,0,1,0,0.6646,311.61,271.85,84711.05
6439,empty_seat,0,1,0,0.6544,302.65,273.93,82905.16
6440,empty_seat,0,1,0,0.6517,308.92,272.43,84159.5
6441,empty_seat,0,1,0,0.6542,302.11,274.77,83010.74
6442,empty_seat,0,1,0,0.6476,309.17,274.87,84981.18
6443,empty_seat,0,1,0,0.6029,314.67,273.07,85927.67
6444,empty_seat,0,1,0,0.6541,309.01,272.73,84275.19
6445,empty_seat,0,1,0,0.6522,307.52,277.02,85188.03
6446,empty_seat,0,1,0,0.6677,305.94,270.42,82734.73
6447,empty_seat,0,1,0,0.678,309.07,276.8,85550.27
6448,empty_seat,0,1,0,0.6609,313.64,273.76,85860.94
6449,empty_seat,0,1,0,0.6449,312.18,273.2,85285.81
6450,empty_seat,0,1,0,0.6436,309.15,274.25,84784.87
6451,empty_seat,0,1,0,0.6616,301.09,272.58,82069.23
6452,empty_seat,0,1,0,0.6796,309.71,273.98,84854.94
6453,empty_seat,0,1,0,0.6225,302.8,275.63,83459.64
6454,empty_seat,0,1,0,0.6417,306.82,274.6,84252.24
6455,empty_seat,0,1,0,0.6658,312.19,276.45,86305.08
6456,empty_seat,0,1,0,0.618,307.16,274.02,84168.53
6457,empty_seat,0,1,0,0.6476,314.42,275.52,86627.78
6458,empty_seat,0,1,0,0.6838,301.82,275.51,83154.85
6459,empty_seat,0,1,0,0.6655,307.87,275.57,84840.97
6460,empty_seat,0,1,0,0.6745,306.42,275.17,84318.9
6461,empty_seat,0,1,0,0.6402,311.78,274.52,85589.49
6462,empty_seat,0,1,0,0.6326,314.15,273.82,86019.8
6463,empty_seat,0,1,0,0.6208,309.04,274.6,84861.29
6464,empty_seat,0,1,0,0.6484,303.82,271.13,82376.74
6465,empty_seat,0,1,0,0.6743,308.27,275.99,85077.22
6466,empty_seat,0,1,0,0.6544,309,276.45,85421.39
6467,empty_seat,0,1,0,0.6872,306.03,276.61,84652.54
6468,empty_seat,0,1,0,0.6579,304.16,272,82730.89
6469,empty_seat,0,1,0,0.6162,311.08,271.65,84504.71
6470,empty_seat,0,1,0,0.6965,311.61,274.83,85639.3
6471,empty_seat,0,1,0,0.6481,301.9,271.24,81888.82
6472,empty_seat,0,1,0,0.6711,305.8,277.61,84890.57
6473,empty_seat,0,1,0,0.6304,302.48,273.71,82792.01
6474,empty_seat,0,1,0,0.6156,318.04,275.87,87738.91
6475,empty_seat,0,1,0,0.6819,309.89,276.56,85704.12
6476,empty_seat,0,1,0,0.6416,291.91,271.88,79364.42
6477,empty_seat,0,1,0,0.668,302.22,272.84,82458.6
6478,empty_seat,0,1,0,0.674,304.36,273.3,83182.5
6479,empty_seat,0,1,0,0.676,304.91,272.65,83135.65
6480,empty_seat,0,1,0,0.6695,309.82,274.57,85068.73
6481,empty_seat,0,1,0,0.6713,308.03,274.52,84560.54
6482,empty_seat,0,1,0,0.6551,312.63,276.46,86431.09
6483,empty_seat,0,1,0,0.6844,303.5,275.32,83561
6484,empty_seat,0,1,0,0.6516,309.79,269.91,83614.14
6485,empty_seat,0,1,0,0.697,304.54,273.57,83312.16
6486,empty_seat,0,1,0,0.69,304.8,275.23,83888.47
6487,empty_seat,0,1,0,0.6453,306.98,276.27,84809.68
6488,empty_seat,0,1,0,0.6634,307.41,273.96,84220.24
6489,empty_seat,0,1,0,0.6814,308.7,280.03,86443.7
6490,empty_seat,0,1,0,0.6482,314.73,276.53,87033.82
6491,empty_seat,0,1,0,0.6905,320.97,279.47,89701.95
6492,empty_seat,0,1,0,0.7091,311.13,274.15,85297.59
6493,empty_seat,0,1,0,0.7026,312.64,278.57,87094.88
6494,empty_seat,0,1,0,0.7004,311.17,279,86816.62
6495,empty_seat,0,1,0,0.6912,311.4,280.38,87309.19
6496,empty_seat,0,1,0,0.6747,320.64,281.2,90164.75
6497,empty_seat,0,1,0,0.654,307.45,277.4,85287.6
6498,empty_seat,0,1,0,0.6619,317.29,280.28,88929.89
6499,empty_seat,0,1,0,0.6626,311.4,273.27,85096.52
6500,empty_seat,0,1,0,0.6244,318.55,279.08,88901.97
6501,empty_seat,0,1,0,0.7059,311.87,277.16,86437.14
6502,empty_seat,0,1,0,0.6888,313.73,276.62,86781.58
6503,empty_seat,0,1,0,0.6857,306.74,276.48,84806.9
6504,empty_seat,0,1,0,0.6929,316.23,279.74,88462.85
6505,empty_seat,0,1,0,0.6609,310.46,275.05,85394.45
6506,empty_seat,0,1,0,0.674,308.17,277.06,85381.38
6507,empty_seat,0,1,0,0.6799,323.04,283.13,91462.78
6508,empty_seat,0,1,0,0.6859,311.51,278.92,86883.76
6509,empty_seat,0,1,0,0.6693,312.74,276.16,86366.91
6510,empty_seat,0,1,0,0.6423,313.12,278.58,87230.3
6511,empty_seat,0,1,0,0.6911,313.41,279.33,87543.79
6512,empty_seat,0,1,0,0.651,312.06,278.43,86888.22
6513,empty_seat,0,1,0,0.6917,315.3,280.59,88469.47
6514,empty_seat,0,1,0,0.7147,310.52,281.47,87401.23
6515,empty_seat,0,1,0,0.6659,314.61,275,86516.95
6516,empty_seat,0,1,0,0.7027,312.78,281.49,88044.54
6517,empty_seat,0,1,0,0.7126,320.09,280.09,89654.66
6518,empty_seat,0,1,0,0.6965,315.99,280.08,88504.38
6519,empty_seat,0,1,0,0.6765,311.65,280.18,87315.84
6520,empty_seat,0,1,0,0.6679,317.81,279.06,88689.5
6521,empty_seat,0,1,0,0.6851,318.12,283.33,90131.58
6522,empty_seat,0,1,0,0.6732,309.41,281.85,87206.95
6523,empty_seat,0,1,0,0.686,313.26,275.94,86441.51
6524,empty_seat,0,1,0,0.7031,320.27,282.19,90378.44
6525,empty_seat,0,1,0,0.6558,317.07,277.13,87870.52
6526,empty_seat,0,1,0,0.6787,319.39,282.96,90376.51
6527,empty_seat,0,1,0,0.6941,317.7,276.95,87988.45
6528,empty_seat,0,1,0,0.6677,312.67,282.51,88330.58
6529,empty_seat,0,1,0,0.6478,322.4,280.62,90470.72
6530,empty_seat,0,1,0,0.696,324.25,285.01,92414.18
6531,empty_seat,0,1,0,0.6937,315.84,279.74,88353.94
6532,empty_seat,0,1,0,0.6901,319.66,282.95,90449.7
6533,empty_seat,0,1,0,0.6892,317.19,279.53,88664.3
6534,empty_seat,0,1,0,0.732,316.5,281.91,89224
6535,empty_seat,0,1,0,0.665,319.09,279.97,89338.06
6536,empty_seat,0,1,0,0.6023,314.62,278.22,87531.52
6537,baby,1,0,1,0.7806,280.1,369.25,103425.17
6538,baby,1,0,1,0.6882,266.92,398.22,106293.18
6539,baby,1,0,1,0.7326,250,374.75,93688.16
6540,baby,1,0,1,0.6396,237.28,415.91,98689.81
6541,baby,1,0,1,0.8353,239.43,332.79,79680.59
6542,baby,1,0,1,0.7769,238.49,276.54,65951.32
6543,baby,1,0,1,0.7551,240.81,310.67,74814.66
6544,baby,1,0,1,0.7589,241.46,294.36,71075.38
6545,baby,1,0,1,0.6733,219.42,423.53,92931.17
6546,baby,1,0,1,0.7424,220,400.53,88117.23
6547,baby,1,0,1,0.7304,234.87,410.89,96504.79
6548,baby,1,0,1,0.7346,215,395.04,84932.91
6549,baby,1,0,1,0.7253,225.41,402.26,90673.3
6550,baby,1,0,1,0.7854,228.05,381.11,86912.47
6551,baby,1,0,1,0.7762,225.68,386.61,87250.45
6552,baby,1,0,1,0.7674,228.81,389.44,89109.64
6553,baby,1,0,1,0.7133,238.93,401.59,95950.98
6554,baby,1,0,1,0.747,236.3,406.75,96113.52
6555,baby,1,0,1,0.7053,230.35,393.81,90713.69
6556,baby,1,0,1,0.7132,216.48,404.11,87481.27
6557,baby,1,0,1,0.6718,238.48,400.49,95510.88
6558,baby,1,0,1,0.6562,214.93,401.49,86293.63
6559,baby,1,0,1,0.6475,226.83,348.85,79130.28
6560,baby,1,0,1,0.6869,228.16,409.83,93504.04
6561,baby,1,0,1,0.699,228.65,392.72,89795.04
6562,baby,1,0,1,0.7354,221.97,412.69,91603.41
6563,baby,1,0,1,0.6402,228.74,398.77,91213.35
6564,baby,1,0,1,0.7182,229.4,398.29,91370
6565,baby,1,0,1,0.7676,224.24,408.03,91494.6
6566,baby,1,0,1,0.729,212.04,431.9,91581.64
6567,baby,1,0,1,0.6833,232.29,395.45,91857.89
6568,baby,1,0,1,0.6094,306.83,408.09,125212.98
6569,baby,1,0,1,0.684,210.17,418.29,87913.67
6570,baby,1,0,1,0.7283,216.35,429.5,92920.71
6571,baby,1,0,2,0.733,213.99,428.75,91750.72
6572,baby,1,0,1,0.6802,224.48,430.09,96546.12
6573,baby,1,0,1,0.6618,223.91,440.89,98719.58
6574,baby,1,0,1,0.6825,230.95,399.18,92189.25
6575,baby,1,0,1,0.698,222.12,331.77,73691.97
6576,baby,1,0,1,0.7899,239.16,306.64,73336.93
6577,baby,1,0,1,0.6415,234.41,398.59,93433.14
6578,baby,1,0,1,0.6148,232.9,317.76,74005.41
6579,none,0,0,0,0,0,0,0
6580,baby,1,0,1,0.7118,230.03,286.7,65950.24
6581,none,0,0,0,0,0,0,0
6582,none,0,0,0,0,0,0,0
6583,baby,1,0,1,0.7094,235.44,283.9,66840.56
6584,baby,1,0,1,0.6656,229.86,280.86,64556.8
6585,baby,1,0,1,0.7493,223.2,280.34,62570.25
6586,baby,1,0,1,0.833,234.73,309.67,72688.2
6587,none,0,0,0,0,0,0,0
6588,baby,1,0,1,0.7087,239.02,279.74,66863.64
6589,baby,1,0,2,0.7738,240.66,281.12,67653.9
6590,baby,1,0,1,0.7121,246.54,302.4,74552.2
6591,baby,1,0,1,0.671,238.62,298.93,71331.83
6592,baby,1,0,1,0.7985,231.66,353.31,81847.89
6593,none,0,0,0,0,0,0,0
6594,baby,1,0,1,0.6481,247.01,254.54,62874.51
6595,baby,1,0,1,0.8721,210.78,329.87,69528.54
6596,baby,1,0,1,0.6983,240.15,287.16,68960.59
6597,baby,1,0,2,0.7959,220.28,285.13,62807.25
6598,baby,1,0,1,0.6077,233.77,301.9,70573.19
6599,baby,1,0,2,0.7771,216.95,259.87,56378.65
6600,none,0,0,0,0,0,0,0
6601,baby,1,0,1,0.7461,262.26,365.87,95954.04
6602,baby,1,0,1,0.6805,216.55,310.79,67301.06
6603,baby,1,0,1,0.7208,221.81,323.69,71797.62
6604,baby,1,0,1,0.7551,257.83,254.35,65576.96
6605,baby,1,0,1,0.8274,243.62,367.15,89445.06
6606,baby,1,0,1,0.8545,339.74,364.52,123843.71
6607,baby,1,1,1,0.6324,276.82,341.38,94501.81
6608,baby,1,1,1,0.8729,208.95,273.01,57046.02
6609,baby,1,1,1,0.8265,196.67,258.36,50811.1
6610,baby,1,1,1,0.7736,254.06,259.39,65900.1
6611,none,0,0,0,0,0,0,0
6612,baby,1,0,1,0.7475,200.84,278.2,55873.69
6613,baby,1,0,1,0.8625,196.02,260.65,51092.24
6614,baby,1,0,1,0.7499,223.94,262.63,58813.53
6615,baby,1,0,1,0.7343,186.41,235.91,43976.06
6616,baby,1,0,1,0.7779,195.67,258.13,50508.91
6617,baby,1,0,1,0.8193,192.23,251.4,48328.24
6618,baby,1,0,1,0.817,202.17,235.62,47635.36
6619,baby,1,0,1,0.7161,271.33,292.61,79394.64
6620,baby,1,0,1,0.7983,257.8,283.83,73169.88
6621,baby,1,0,1,0.7851,285.52,277.52,79235.8
6622,baby,1,0,1,0.8222,270.38,296.57,80185.98
6623,baby,1,0,1,0.8898,197.45,284.78,56229.91
6624,none,0,0,0,0,0,0,0
6625,baby,1,0,1,0.8096,204.69,261.81,53589.44
6626,baby,1,0,1,0.8498,191.39,252.86,48395.29
6627,baby,1,0,1,0.8506,187.42,249.91,46837.53
6628,baby,1,0,1,0.8478,189.14,250.34,47348.39
6629,baby,1,0,1,0.8475,192.63,256.33,49378.47
6630,none,0,0,0,0,0,0,0
6631,baby,1,0,1,0.7936,202.66,256.26,51932.39
6632,baby,1,0,1,0.7921,201.29,258.86,52106.99
6633,baby,1,0,1,0.6538,206.77,258.65,53480.05
6634,baby,1,0,1,0.8205,199.2,257.58,51310.13
6635,baby,1,0,1,0.7464,208.26,258.68,53872.36
6636,baby,1,0,1,0.779,191.41,256.18,49036.38
6637,baby,1,0,1,0.7889,196.59,255.6,50247.92
6638,baby,1,0,1,0.8023,178.04,254.82,45368.08
6639,baby,1,0,1,0.7678,193.57,254.94,49347.64
6640,baby,1,0,1,0.8248,186.31,253.39,47209.59
6641,baby,1,0,1,0.8205,185.08,255.02,47198.95
6642,baby,1,0,1,0.8375,180.79,257.11,46483.47
6643,baby,1,0,1,0.7844,188.54,259.99,49020.09
6644,baby,1,0,1,0.8081,185.36,256.19,47489.13
6645,baby,1,0,1,0.7118,231.43,262.28,60699.87
6646,none,0,0,0,0,0,0,0
6647,baby,1,0,1,0.6485,226.96,272.76,61904.89
6648,none,0,0,0,0,0,0,0
6649,baby,1,0,1,0.6202,210.3,270.91,56974.61
6650,baby,1,0,1,0.6312,212.56,265.98,56536.2
6651,baby,1,0,1,0.8401,186.82,256.59,47937.28
6652,baby,1,0,1,0.7731,197.09,257.93,50835.21
6653,baby,1,0,1,0.8037,189.6,256.39,48611.27
6654,baby,1,0,1,0.6994,199.39,247.65,49376.99
6655,baby,1,0,1,0.8048,188.48,248.18,46776.09
6656,baby,1,0,1,0.8594,182.75,260.38,47583.38
6657,baby,1,0,1,0.8191,192.14,252.6,48536.61
6658,baby,1,0,1,0.8229,178.74,252.5,45132.99
6659,baby,1,0,1,0.8039,183.72,254.86,46823.92
6660,baby,1,0,1,0.8613,199.58,259.07,51703.87
6661,baby,1,0,1,0.8042,184.84,258.82,47839.25
6662,baby,1,0,1,0.7671,186.3,261.35,48690.03
6663,baby,1,0,1,0.7435,192.93,262.33,50611.47
6664,baby,1,0,1,0.7617,198.7,267.85,53221.97
6665,baby,1,0,1,0.7975,193.67,263.63,51057.21
6666,baby,1,0,1,0.6743,200.57,260.46,52242.31
6667,baby,1,0,1,0.6568,191.52,267.21,51175.67
6668,baby,1,0,1,0.6642,179.08,264.76,47412.95
6669,baby,1,0,1,0.7006,194.82,269.52,52507.91
6670,baby,1,0,1,0.8017,187.37,259.45,48611.88
6671,baby,1,0,1,0.804,186.16,252.66,47033.35
6672,baby,1,0,1,0.802,185.13,255.66,47330.58
6673,baby,1,0,1,0.8042,175.63,258.34,45372.3
6674,baby,1,0,1,0.7755,195.92,273.4,53566.39
6675,baby,1,0,1,0.7527,192.79,268.77,51816.15
6676,baby,1,0,1,0.8214,185.08,257.35,47630.45
6677,baby,1,0,1,0.8113,179.6,262.89,47215.9
6678,baby,1,0,1,0.7896,180.13,260.68,46955.72
6679,baby,1,0,1,0.7963,185.45,260.04,48224.54
6680,baby,1,0,1,0.7695,220.86,271.19,59893.57
6681,baby,1,0,1,0.755,188.81,266.38,50295.72
6682,baby,1,0,1,0.7854,190.51,265.33,50547.04
6683,baby,1,0,1,0.7714,190.97,264.89,50586.58
6684,baby,1,0,1,0.7675,195.67,268.96,52625.5
6685,baby,1,0,1,0.7382,190.84,279.05,53253.19
6686,baby,1,0,1,0.7529,192.06,275.41,52894.43
6687,baby,1,0,1,0.784,191.7,258.3,49516.59
6688,baby,1,0,1,0.7617,194.03,269.18,52229.7
6689,baby,1,0,1,0.7746,179.06,264.53,47366.82
6690,baby,1,0,1,0.8055,180.53,262.17,47330.87
6691,baby,1,0,1,0.7543,219.79,283.19,62242.03
6692,baby,1,0,1,0.7802,200.69,272.23,54634.32
6693,baby,1,0,1,0.7849,195.18,266.79,52073.1
6694,baby,1,0,1,0.7727,193.97,266.21,51636.1
6695,baby,1,0,1,0.7661,192.26,268.38,51597.15
6696,baby,1,0,1,0.7819,189.23,265.44,50230.3
6697,baby,1,0,1,0.7633,197.05,266.34,52482.31
6698,baby,1,0,1,0.7584,199.32,270.4,53897.3
6699,baby,1,0,1,0.7836,212.25,273.21,57986.71
6700,baby,1,0,1,0.8015,185.74,264.93,49209.51
6701,baby,1,0,1,0.7845,187.5,267.81,50215.64
6702,baby,1,0,1,0.7625,195.33,268.03,52353.58
6703,baby,1,0,1,0.7744,203.96,271.59,55394.55
6704,baby,1,0,1,0.7739,192.11,263.79,50675.4
6705,baby,1,0,1,0.7318,201.92,270.96,54712.77
6706,baby,1,0,1,0.7443,190.86,265.76,50721.49
6707,baby,1,0,1,0.7601,182.02,258.15,46988.39
6708,baby,1,0,1,0.8133,204.69,261.78,53583.7
6709,baby,1,0,1,0.7669,179.29,244.01,43748.7
6710,baby,1,0,1,0.7747,172.07,239.16,41151.3
6711,baby,1,0,1,0.7394,172.74,248.07,42851.38
6712,baby,1,0,1,0.7572,175.33,244.97,42950.12
6713,baby,1,0,1,0.812,169.76,247.95,42090.4
6714,baby,1,0,1,0.8385,184.14,263.68,48555.01
6715,baby,1,0,1,0.735,215.57,287.4,61956.01
6716,baby,1,0,1,0.8445,215.29,312.64,67307.82
6717,baby,1,0,1,0.8421,201.86,293.44,59234.56
6718,baby,1,0,1,0.852,207.07,297.91,61689.88
6719,baby,1,0,1,0.831,202.71,298.27,60463.49
6720,baby,1,0,1,0.8243,200.2,301.23,60306.29
6721,baby,1,0,1,0.7886,196.62,294.65,57933.06
6722,baby,1,0,1,0.7889,204,297.35,60659.6
6723,baby,1,0,1,0.6794,205.69,277.02,56981.67
6724,baby,1,0,1,0.7612,230.26,292.13,67267.54
6725,baby,1,0,1,0.8502,206.13,294.18,60639.54
6726,baby,1,0,1,0.8078,218.69,292.7,64009.2
6727,baby,1,0,1,0.834,220.06,294.24,64749.57
6728,baby,1,0,1,0.821,220.89,295.24,65214.55
6729,baby,1,0,1,0.7723,221.45,290.36,64301.47
6730,baby,1,0,1,0.8082,216.46,290.23,62824.67
6731,baby,1,0,1,0.8205,215.34,287.68,61949.49
6732,baby,1,0,1,0.8097,215.29,286.99,61785.35
6733,baby,1,0,1,0.7995,208.41,282.25,58823.21
6734,baby,1,0,1,0.8071,210.31,302.17,63549.74
6735,baby,1,0,1,0.7742,206.05,290.56,59868.45
6736,baby,1,0,1,0.809,207.64,294.94,61241.96
6737,baby,1,0,1,0.8046,206.92,296.62,61378.64
6738,baby,1,0,1,0.8116,203.56,286.62,58345.82
6739,baby,1,0,1,0.7982,206.89,295.24,61084.07
6740,baby,1,0,1,0.8007,201.37,295.28,59459.83
6741,baby,1,0,1,0.8554,205.78,259.59,53418.27
6742,baby,1,0,1,0.841,206.52,267.49,55241.4
6743,baby,1,0,1,0.85,205.21,266.53,54695.65
6744,baby,1,0,1,0.8309,197.06,256.46,50540.03
6745,baby,1,0,1,0.8362,198.95,259.55,51638.57
6746,baby,1,0,1,0.8592,191.16,264.21,50505.82
6747,baby,1,0,1,0.8375,192.37,261.76,50354.54
6748,baby,1,0,1,0.8101,204.67,248.46,50852.28
6749,baby,1,0,1,0.8572,201.84,261.98,52876.19
6750,baby,1,0,1,0.858,195.61,256.46,50165.79
6751,baby,1,0,1,0.809,207.46,257.46,53412.22
6752,baby,1,0,1,0.8132,195.87,255.29,50003.76
6753,baby,1,0,1,0.8299,197.86,255.56,50564.97
6754,baby,1,0,1,0.8057,195.57,249.73,48840.51
6755,baby,1,0,1,0.832,200.87,258.01,51826.07
6756,baby,1,0,1,0.7968,197.13,251.68,49614.37
6757,baby,1,0,1,0.8215,208.3,251.67,52423.12
6758,baby,1,0,1,0.81,192.64,249.64,48091.36
6759,baby,1,0,1,0.824,198.36,250.3,49649.53
6760,baby,1,0,1,0.8442,213.46,265.07,56582.12
6761,baby,1,0,1,0.8029,193.73,284.03,55025.08
6762,baby,1,0,1,0.8244,203.13,294.74,59870.65
6763,baby,1,0,1,0.8005,210.79,288.02,60712.2
6764,baby,1,0,1,0.8288,206.66,275.96,57030.36
6765,baby,1,0,1,0.7835,202.44,269.26,54509.06
6766,baby,1,0,1,0.7037,216.05,261.19,56429.44
6767,baby,1,0,2,0.7186,254.44,293.86,74771.57
6768,none,0,0,0,0,0,0,0
6769,baby,1,0,1,0.7154,213.69,218.39,46667.93
6770,baby,1,0,1,0.729,213.43,224.99,48019.57
6771,baby,1,0,1,0.7348,248.86,254.1,63235.25
6772,baby,1,0,1,0.8363,202.33,302.29,61161.24
6773,baby,1,0,1,0.8465,202.25,330.77,66897.77
6774,baby,1,0,1,0.8494,212.15,297.09,63028.95
6775,baby,1,0,1,0.8543,204.15,319.47,65219.27
6776,baby,1,0,1,0.8058,195.24,264.86,51712.41
6777,baby,1,0,1,0.8377,205,304.83,62489.86
6778,baby,1,0,1,0.81,214.93,295.19,63446.8
6779,baby,1,0,1,0.7849,213.1,296.77,63240.64
6780,baby,1,0,1,0.7826,206.45,286.37,59122.42
6781,baby,1,0,1,0.7735,216.71,305.51,66206.92
6782,baby,1,0,1,0.6977,215.47,268.87,57932.4
6783,baby,1,0,1,0.7239,185.71,235.96,43819.44
6784,baby,1,0,1,0.6235,204.27,229.13,46804.36
6785,baby,1,0,1,0.7779,194.05,275.12,53386.75
6786,baby,1,0,1,0.8013,197.09,283.88,55949.64
6787,baby,1,0,1,0.7878,193.18,280.01,54092.94
6788,baby,1,0,1,0.768,188.12,265.93,50025.24
6789,baby,1,0,1,0.6669,304.56,505.89,154073.02
6790,none,0,0,0,0,0,0,0
6791,none,0,0,0,0,0,0,0
6792,baby,1,0,1,0.8046,259.66,315.28,81865.74
6793,baby,1,0,1,0.6341,250.56,310.47,77790.99
6794,none,0,0,0,0,0,0,0
6795,none,0,0,0,0,0,0,0
6796,none,0,0,0,0,0,0,0
6797,none,0,0,0,0,0,0,0
6798,none,0,0,0,0,0,0,0
6799,none,0,0,0,0,0,0,0
6800,none,0,0,0,0,0,0,0
6801,none,0,0,0,0,0,0,0
6802,none,0,0,0,0,0,0,0
6803,none,0,0,0,0,0,0,0
6804,none,0,0,0,0,0,0,0
6805,baby,1,0,1,0.605,177.89,240.37,42760.02
6806,baby,1,0,1,0.7297,163.66,228.65,37419.49
6807,baby,1,0,1,0.6592,166.94,217.63,36331.99
6808,baby,1,0,1,0.6727,178.29,249.65,44511.34
6809,baby,1,0,1,0.7978,176.92,261.81,46319.12
6810,baby,1,0,1,0.6359,165.65,218.67,36222.11
6811,baby,1,0,1,0.7999,169.13,225.4,38121.98
6812,none,0,0,0,0,0,0,0
6813,none,0,0,0,0,0,0,0
6814,baby,1,0,1,0.6471,184.03,274.12,50445.14
6815,baby,1,0,1,0.7922,189.49,242.15,45883.93
6816,baby,1,0,1,0.778,223.56,282.53,63163.1
6817,none,0,0,0,0,0,0,0
6818,baby,1,0,1,0.6169,223.42,365.5,81658.81
6819,baby,1,0,1,0.7733,200.5,326.82,65526.08
6820,baby,1,0,1,0.6897,205.37,332.91,68370.04
6821,baby,1,0,1,0.8266,203.32,312.64,63567.31
6822,baby,1,0,1,0.6002,202.95,285.68,57979.14
6823,baby,1,0,1,0.7313,198.97,332.47,66151.12
6824,none,0,0,0,0,0,0,0
6825,baby,1,0,1,0.6424,199.42,285.92,57019.27
6826,baby,1,0,1,0.684,207.37,292.52,60659.64
6827,none,0,0,0,0,0,0,0
6828,baby,1,0,1,0.6138,209.56,274.31,57482.92
6829,baby,1,0,1,0.6244,218.6,300.16,65613.04
6830,none,0,0,0,0,0,0,0
6831,none,0,0,0,0,0,0,0
6832,none,0,0,0,0,0,0,0
6833,none,0,0,0,0,0,0,0
6834,none,0,0,0,0,0,0,0
6835,none,0,0,0,0,0,0,0
6836,none,0,0,0,0,0,0,0
6837,none,0,0,0,0,0,0,0
6838,none,0,0,0,0,0,0,0
6839,none,0,0,0,0,0,0,0
6840,none,0,0,0,0,0,0,0
6841,none,0,0,0,0,0,0,0
6842,none,0,0,0,0,0,0,0
6843,none,0,0,0,0,0,0,0
6844,none,0,0,0,0,0,0,0
6845,none,0,0,0,0,0,0,0
6846,none,0,0,0,0,0,0,0
6847,none,0,0,0,0,0,0,0
6848,none,0,0,0,0,0,0,0
6849,none,0,0,0,0,0,0,0
6850,none,0,0,0,0,0,0,0
6851,none,0,0,0,0,0,0,0
6852,none,0,0,0,0,0,0,0
6853,none,0,0,0,0,0,0,0
6854,none,0,0,0,0,0,0,0
6855,none,0,0,0,0,0,0,0
6856,none,0,0,0,0,0,0,0
6857,none,0,0,0,0,0,0,0
6858,none,0,0,0,0,0,0,0
6859,none,0,0,0,0,0,0,0
6860,none,0,0,0,0,0,0,0
6861,none,0,0,0,0,0,0,0
6862,none,0,0,0,0,0,0,0
6863,none,0,0,0,0,0,0,0
6864,none,0,0,0,0,0,0,0
6865,none,0,0,0,0,0,0,0
6866,none,0,0,0,0,0,0,0
6867,none,0,0,0,0,0,0,0
6868,none,0,0,0,0,0,0,0
6869,none,0,0,0,0,0,0,0
6870,none,0,0,0,0,0,0,0
6871,none,0,0,0,0,0,0,0
6872,none,0,0,0,0,0,0,0
6873,none,0,0,0,0,0,0,0
6874,none,0,0,0,0,0,0,0
6875,none,0,0,0,0,0,0,0
6876,none,0,0,0,0,0,0,0
6877,none,0,0,0,0,0,0,0
6878,none,0,0,0,0,0,0,0
6879,none,0,0,0,0,0,0,0
6880,none,0,0,0,0,0,0,0
6881,none,0,0,0,0,0,0,0
6882,none,0,0,0,0,0,0,0
6883,none,0,0,0,0,0,0,0
6884,none,0,0,0,0,0,0,0
6885,none,0,0,0,0,0,0,0
6886,none,0,0,0,0,0,0,0
6887,none,0,0,0,0,0,0,0
6888,none,0,0,0,0,0,0,0
6889,none,0,0,0,0,0,0,0
6890,none,0,0,0,0,0,0,0
6891,none,0,0,0,0,0,0,0
6892,none,0,0,0,0,0,0,0
6893,none,0,0,0,0,0,0,0
6894,none,0,0,0,0,0,0,0
6895,none,0,0,0,0,0,0,0
6896,none,0,0,0,0,0,0,0
6897,none,0,0,0,0,0,0,0
6898,none,0,0,0,0,0,0,0
6899,none,0,0,0,0,0,0,0
6900,none,0,0,0,0,0,0,0
6901,none,0,0,0,0,0,0,0
6902,none,0,0,0,0,0,0,0
6903,none,0,0,0,0,0,0,0
6904,none,0,0,0,0,0,0,0
6905,none,0,0,0,0,0,0,0
6906,none,0,0,0,0,0,0,0
6907,none,0,0,0,0,0,0,0
6908,none,0,0,0,0,0,0,0
6909,none,0,0,0,0,0,0,0
6910,none,0,0,0,0,0,0,0
6911,baby,1,0,1,0.6668,286.63,443.31,127066.24
6912,none,0,0,0,0,0,0,0
6913,none,0,0,0,0,0,0,0
6914,none,0,0,0,0,0,0,0
6915,none,0,0,0,0,0,0,0
6916,none,0,0,0,0,0,0,0
6917,none,0,0,0,0,0,0,0
6918,none,0,0,0,0,0,0,0
6919,none,0,0,0,0,0,0,0
6920,none,0,0,0,0,0,0,0
6921,none,0,0,0,0,0,0,0
6922,none,0,0,0,0,0,0,0
6923,none,0,0,0,0,0,0,0
6924,none,0,0,0,0,0,0,0
6925,none,0,0,0,0,0,0,0
6926,none,0,0,0,0,0,0,0
6927,none,0,0,0,0,0,0,0
6928,none,0,0,0,0,0,0,0
6929,none,0,0,0,0,0,0,0
6930,none,0,0,0,0,0,0,0
6931,none,0,0,0,0,0,0,0
6932,none,0,0,0,0,0,0,0
6933,none,0,0,0,0,0,0,0
6934,none,0,0,0,0,0,0,0
6935,none,0,0,0,0,0,0,0
6936,none,0,0,0,0,0,0,0
6937,none,0,0,0,0,0,0,0
6938,none,0,0,0,0,0,0,0
6939,none,0,0,0,0,0,0,0
6940,none,0,0,0,0,0,0,0
6941,none,0,0,0,0,0,0,0
6942,none,0,0,0,0,0,0,0
6943,none,0,0,0,0,0,0,0
6944,none,0,0,0,0,0,0,0
6945,none,0,0,0,0,0,0,0
6946,none,0,0,0,0,0,0,0
6947,none,0,0,0,0,0,0,0
6948,none,0,0,0,0,0,0,0
6949,none,0,0,0,0,0,0,0
6950,none,0,0,0,0,0,0,0
6951,none,0,0,0,0,0,0,0
6952,none,0,0,0,0,0,0,0
6953,none,0,0,0,0,0,0,0
6954,none,0,0,0,0,0,0,0
6955,none,0,0,0,0,0,0,0
6956,none,0,0,0,0,0,0,0
6957,baby,1,0,1,0.7411,309.36,396.93,122793.07
6958,none,0,0,0,0,0,0,0
6959,none,0,0,0,0,0,0,0
6960,none,0,0,0,0,0,0,0
6961,none,0,0,0,0,0,0,0
6962,none,0,0,0,0,0,0,0
6963,none,0,0,0,0,0,0,0
6964,none,0,0,0,0,0,0,0
6965,none,0,0,0,0,0,0,0
6966,none,0,0,0,0,0,0,0
6967,baby,1,0,1,0.6017,364.9,390.38,142449.75
6968,baby,1,0,1,0.6801,342.1,376.49,128798.67
6969,none,0,0,0,0,0,0,0
6970,none,0,0,0,0,0,0,0
6971,none,0,0,0,0,0,0,0
6972,none,0,0,0,0,0,0,0
6973,none,0,0,0,0,0,0,0
6974,baby,1,0,1,0.7165,348.82,441.09,153858.34
6975,none,0,0,0,0,0,0,0
6976,baby,1,0,1,0.6017,305.44,479.36,146417.23
6977,none,0,0,0,0,0,0,0
6978,none,0,0,0,0,0,0,0
6979,none,0,0,0,0,0,0,0
6980,none,0,0,0,0,0,0,0
6981,none,0,0,0,0,0,0,0
6982,none,0,0,0,0,0,0,0
6983,none,0,0,0,0,0,0,0
6984,baby,1,0,1,0.6999,295.8,453.25,134072.08
6985,none,0,0,0,0,0,0,0
6986,none,0,0,0,0,0,0,0
6987,none,0,0,0,0,0,0,0
6988,none,0,0,0,0,0,0,0
6989,none,0,0,0,0,0,0,0
6990,none,0,0,0,0,0,0,0
6991,none,0,0,0,0,0,0,0
6992,none,0,0,0,0,0,0,0
6993,none,0,0,0,0,0,0,0
6994,none,0,0,0,0,0,0,0
6995,none,0,0,0,0,0,0,0
6996,none,0,0,0,0,0,0,0
6997,none,0,0,0,0,0,0,0
6998,none,0,0,0,0,0,0,0
6999,none,0,0,0,0,0,0,0
7000,none,0,0,0,0,0,0,0
7001,none,0,0,0,0,0,0,0
7002,none,0,0,0,0,0,0,0
7003,baby,1,0,1,0.6153,290.58,523.77,152198.13
7004,none,0,0,0,0,0,0,0
7005,baby,1,0,1,0.6298,291.63,464.76,135539.12
7006,none,0,0,0,0,0,0,0
7007,none,0,0,0,0,0,0,0
7008,none,0,0,0,0,0,0,0
7009,none,0,0,0,0,0,0,0
7010,none,0,0,0,0,0,0,0
7011,none,0,0,0,0,0,0,0
7012,none,0,0,0,0,0,0,0
7013,none,0,0,0,0,0,0,0
7014,none,0,0,0,0,0,0,0
7015,none,0,0,0,0,0,0,0
7016,none,0,0,0,0,0,0,0
7017,none,0,0,0,0,0,0,0
7018,none,0,0,0,0,0,0,0
7019,none,0,0,0,0,0,0,0
7020,none,0,0,0,0,0,0,0
7021,none,0,0,0,0,0,0,0
7022,none,0,0,0,0,0,0,0
7023,none,0,0,0,0,0,0,0
7024,none,0,0,0,0,0,0,0
7025,none,0,0,0,0,0,0,0
7026,none,0,0,0,0,0,0,0
7027,none,0,0,0,0,0,0,0
7028,none,0,0,0,0,0,0,0
7029,none,0,0,0,0,0,0,0
7030,none,0,0,0,0,0,0,0
7031,none,0,0,0,0,0,0,0
7032,none,0,0,0,0,0,0,0
7033,none,0,0,0,0,0,0,0
7034,none,0,0,0,0,0,0,0
7035,none,0,0,0,0,0,0,0
7036,baby,1,0,1,0.7917,303.94,432.56,131472.14
7037,none,0,0,0,0,0,0,0
7038,none,0,0,0,0,0,0,0
7039,none,0,0,0,0,0,0,0
7040,baby,1,0,1,0.7294,310.34,424.42,131714.01
7041,none,0,0,0,0,0,0,0
7042,none,0,0,0,0,0,0,0
7043,none,0,0,0,0,0,0,0
7044,none,0,0,0,0,0,0,0
7045,none,0,0,0,0,0,0,0
7046,none,0,0,0,0,0,0,0
7047,none,0,0,0,0,0,0,0
7048,none,0,0,0,0,0,0,0
7049,none,0,0,0,0,0,0,0
7050,none,0,0,0,0,0,0,0
7051,baby,1,0,1,0.7466,299.57,374.95,112323.3
7052,none,0,0,0,0,0,0,0
7053,baby,1,0,1,0.7403,339.16,387.14,131303.2
7054,none,0,0,0,0,0,0,0
7055,none,0,0,0,0,0,0,0
7056,none,0,0,0,0,0,0,0
7057,none,0,0,0,0,0,0,0
7058,baby,1,0,1,0.8166,332.68,461.53,153539.66
7059,baby,1,0,1,0.8309,306.62,418.1,128197.12
7060,baby,1,0,1,0.7677,294.3,416.03,122438.95
7061,baby,1,0,1,0.844,295.48,419.37,123916.43
7062,baby,1,0,1,0.8638,299.68,437.97,131251.05
7063,baby,1,0,1,0.8588,303.86,421.27,128007.35
7064,baby,1,0,1,0.8781,296.72,426.5,126549.01
7065,baby,1,0,1,0.8456,305.1,403.54,123120.33
7066,baby,1,0,1,0.8706,308.84,426.11,131599.79
7067,baby,1,0,1,0.8802,309.48,426.27,131921.03
7068,baby,1,0,1,0.8838,316.37,433.66,137193.74
7069,baby,1,0,1,0.8596,316.39,404.82,128080.11
7070,baby,1,0,1,0.853,322.92,392.22,126655.4
7071,baby,1,0,1,0.7923,316.13,389.94,123271.54
7072,baby,1,0,1,0.8628,330.45,406.28,134257.41
7073,baby,1,0,1,0.8727,312.49,409.44,127945.01
7074,baby,1,0,1,0.878,318.93,426.2,135926.68
7075,baby,1,0,1,0.8416,313.45,408.11,127919.81
7076,baby,1,0,1,0.8017,297.02,404.14,120036.96
7077,baby,1,0,1,0.838,302.63,408.21,123534.41
7078,baby,1,0,1,0.7934,293.84,400.73,117749.22
7079,baby,1,0,1,0.8506,298.91,416.32,124440.52
7080,baby,1,0,1,0.8804,304.67,401.58,122350.59
7081,baby,1,0,1,0.9175,299.05,455.66,136268.22
7082,baby,1,0,1,0.9196,303.13,460.96,139729.49
7083,baby,1,0,1,0.9121,315.41,458.45,144601.14
7084,baby,1,0,1,0.9225,317.9,470.8,149666.22
7085,baby,1,0,1,0.9227,325.04,468.56,152301.34
7086,baby,1,0,1,0.9089,361.02,485.01,175099.8
7087,baby,1,0,1,0.8626,353.77,492.35,174176.82
7088,none,0,0,0,0,0,0,0
7089,baby,1,0,1,0.8663,344.82,493.21,170067.39
7090,baby,1,0,1,0.739,349.56,495.61,173244.84
7091,baby,1,0,1,0.8839,308.78,495.13,152886.88
7092,baby,1,0,1,0.7104,311.97,398.11,124199.82
7093,none,0,0,0,0,0,0,0
7094,none,0,0,0,0,0,0,0
7095,baby,1,0,1,0.7143,290.4,464.21,134806.02
7096,none,0,0,0,0,0,0,0
7097,baby,1,0,1,0.8459,296.91,383.99,114008.38
7098,baby,1,0,1,0.7584,297.62,431.99,128570.34
7099,none,0,0,0,0,0,0,0
7100,none,0,0,0,0,0,0,0
7101,baby,1,0,1,0.6801,286.25,357.18,102245.26
7102,none,0,0,0,0,0,0,0
7103,baby,1,0,1,0.7145,294.95,368.96,108826.19
7104,baby,1,0,1,0.8472,315.85,348.67,110124.93
7105,baby,1,0,1,0.8131,313.12,354.93,111136.29
7106,baby,1,0,1,0.8769,295.79,349.46,103367.36
7107,baby,1,0,1,0.8586,324.41,436.75,141686.7
7108,baby,1,0,1,0.7774,338.37,401.19,135749.68
7109,none,0,0,0,0,0,0,0
7110,none,0,0,0,0,0,0,0
7111,none,0,0,0,0,0,0,0
7112,none,0,0,0,0,0,0,0
7113,none,0,0,0,0,0,0,0
7114,none,0,0,0,0,0,0,0
7115,none,0,0,0,0,0,0,0
7116,none,0,0,0,0,0,0,0
7117,none,0,0,0,0,0,0,0
7118,none,0,0,0,0,0,0,0
7119,baby,1,0,1,0.7882,342,388.68,132927.42
7120,none,0,0,0,0,0,0,0
7121,none,0,0,0,0,0,0,0
7122,baby,1,0,1,0.8039,296.84,427.23,126821.76
7123,baby,1,0,1,0.8395,300.15,432.09,129692.97
7124,baby,1,0,1,0.8626,301.19,426.99,128607.27
7125,baby,1,0,1,0.8408,315.09,412.79,130065.41
7126,baby,1,0,1,0.8597,312.83,418.57,130941.31
7127,baby,1,0,1,0.8157,319.06,414.98,132404.64
7128,baby,1,0,1,0.858,325.85,413.78,134832.44
7129,baby,1,0,1,0.8786,321.69,434.41,139746.17
7130,baby,1,0,1,0.6539,289.44,427.21,123648.43
7131,baby,1,0,1,0.83,314.94,426.83,134426.99
7132,baby,1,0,1,0.7557,314.67,411.35,129440.19
7133,baby,1,0,1,0.8776,331.35,424.97,140812.87
7134,baby,1,0,1,0.8677,318.03,427.89,136080.44
7135,baby,1,0,1,0.668,326.84,342.03,111788.57
7136,baby,1,0,1,0.863,315.54,406.48,128259.56
7137,baby,1,0,1,0.8288,325.43,386.03,125627.89
7138,baby,1,0,1,0.9129,322.21,458.42,147708.79
7139,baby,1,0,1,0.8562,313.11,474.81,148665.33
7140,baby,1,0,1,0.8708,318.44,480.9,153139.62
7141,baby,1,0,1,0.8936,314.79,510.66,160750.92
7142,baby,1,0,1,0.8501,316.09,380.43,120251.12
7143,baby,1,0,1,0.8303,306.78,388.1,119062.22
7144,baby,1,0,1,0.8222,299,448.76,134180.51
7145,baby,1,0,1,0.8213,294.74,373.27,110015.99
7146,baby,1,0,1,0.8175,298.11,462.47,137866.06
7147,baby,1,0,1,0.852,303.92,382.76,116328.48
7148,baby,1,0,1,0.6501,299.55,360.28,107923.79
7149,baby,1,0,1,0.7471,301.76,364.5,109991.78
7150,baby,1,0,1,0.7992,304.72,375.25,114344.34
7151,baby,1,0,1,0.8715,298.31,401.82,119868.4
7152,baby,1,0,1,0.8091,297.77,369.23,109945.92
7153,baby,1,0,1,0.8314,301.85,427.77,129123.28
7154,baby,1,0,1,0.8556,302.21,420.01,126931.3
7155,baby,1,0,1,0.8426,298.37,366.59,109379.38
7156,baby,1,0,1,0.8315,303.7,382.39,116131.35
7157,baby,1,0,1,0.7717,296.13,354.97,105116.92
7158,baby,1,0,1,0.79,288.81,353.38,102058.44
7159,baby,1,0,1,0.6338,296.76,358.75,106462.42
7160,baby,1,0,1,0.6577,299.54,466.33,139686.17
7161,baby,1,0,1,0.7746,317.6,372.81,118406.27
7162,baby,1,0,1,0.6427,288.87,351.01,101396.17
7163,none,0,0,0,0,0,0,0
7164,baby,1,0,1,0.6696,301.84,361.88,109232.15
7165,none,0,0,0,0,0,0,0
7166,baby,1,0,1,0.7109,306.72,417.74,128127.76
7167,baby,1,0,1,0.7154,303.15,368.4,111680.92
7168,baby,1,0,1,0.8371,312.66,416.87,130339.89
7169,baby,1,0,1,0.6932,306.51,363.32,111359.93
7170,baby,1,0,1,0.7769,304.77,377.7,115112.02
7171,baby,1,0,1,0.7443,304.99,369.55,112708.73
7172,baby,1,0,1,0.6827,299.62,378.85,113511.07
7173,none,0,0,0,0,0,0,0
7174,baby,1,0,1,0.7676,352.87,422.72,149168.12
7175,baby,1,0,1,0.687,361.83,429.79,155513.14
7176,none,0,0,0,0,0,0,0
7177,none,0,0,0,0,0,0,0
7178,baby,1,0,1,0.6511,306.46,378.28,115927.85
7179,none,0,0,0,0,0,0,0
7180,none,0,0,0,0,0,0,0
7181,baby,1,0,1,0.7148,310.25,359.11,111412.76
7182,none,0,0,0,0,0,0,0
7183,none,0,0,0,0,0,0,0
7184,none,0,0,0,0,0,0,0
7185,none,0,0,0,0,0,0,0
7186,baby,1,0,1,0.6512,304.42,369.68,112540.57
7187,baby,1,0,1,0.6987,310.26,372.25,115494.44
7188,baby,1,0,1,0.6917,306.51,375.25,115018.36
7189,baby,1,0,1,0.6427,299.88,370.67,111157.8
7190,baby,1,0,1,0.7307,305.56,374.51,114433.62
7191,none,0,0,0,0,0,0,0
7192,baby,1,0,1,0.6008,305.44,367.18,112150.41
7193,none,0,0,0,0,0,0,0
7194,none,0,0,0,0,0,0,0
7195,none,0,0,0,0,0,0,0
7196,baby,1,0,1,0.6333,302.05,357.58,108007.61
7197,baby,1,0,1,0.613,297.45,358.45,106621.61
7198,none,0,0,0,0,0,0,0
7199,none,0,0,0,0,0,0,0
7200,baby,1,0,1,0.6858,308.39,367.68,113390.13
7201,baby,1,0,1,0.6322,310.07,369.13,114455.94
7202,baby,1,0,1,0.8143,305.46,368.74,112636.3
7203,baby,1,0,1,0.6854,297.9,349.82,104213.18
7204,baby,1,0,1,0.8016,323.07,374.18,120887.61
7205,baby,1,0,1,0.8351,339.72,488.28,165879.58
7206,baby,1,0,1,0.8238,321.79,399.24,128472.01
7207,baby,1,0,1,0.6477,302.13,356.56,107727.69
7208,none,0,0,0,0,0,0,0
7209,baby,1,0,1,0.6402,318.9,358.08,114191.77
7210,baby,1,0,1,0.6314,319.03,355.18,113310.98
7211,none,0,0,0,0,0,0,0
7212,none,0,0,0,0,0,0,0
7213,baby,1,0,1,0.6212,317.87,371.97,118237.46
7214,none,0,0,0,0,0,0,0
7215,none,0,0,0,0,0,0,0
7216,baby,1,0,1,0.6495,319.59,362.41,115821.58
7217,none,0,0,0,0,0,0,0
7218,none,0,0,0,0,0,0,0
7219,none,0,0,0,0,0,0,0
7220,none,0,0,0,0,0,0,0
7221,none,0,0,0,0,0,0,0
7222,none,0,0,0,0,0,0,0
7223,none,0,0,0,0,0,0,0
7224,none,0,0,0,0,0,0,0
7225,none,0,0,0,0,0,0,0
7226,none,0,0,0,0,0,0,0
7227,none,0,0,0,0,0,0,0
7228,none,0,0,0,0,0,0,0
7229,baby,1,0,1,0.7015,311.04,373.91,116299.38
7230,baby,1,0,1,0.6138,310.49,370.08,114907.07
7231,none,0,0,0,0,0,0,0
7232,none,0,0,0,0,0,0,0
7233,none,0,0,0,0,0,0,0
7234,baby,1,0,1,0.6441,311.68,367.64,114585.86
7235,none,0,0,0,0,0,0,0
7236,baby,1,0,1,0.7179,313.74,368.77,115699.92
7237,baby,1,0,1,0.6005,304.17,363.16,110461.17
7238,none,0,0,0,0,0,0,0
7239,baby,1,0,1,0.6016,305.41,359.82,109893.16
7240,none,0,0,0,0,0,0,0
7241,none,0,0,0,0,0,0,0
7242,none,0,0,0,0,0,0,0
7243,none,0,0,0,0,0,0,0
7244,none,0,0,0,0,0,0,0
7245,none,0,0,0,0,0,0,0
7246,none,0,0,0,0,0,0,0
7247,none,0,0,0,0,0,0,0
7248,none,0,0,0,0,0,0,0
7249,baby,1,0,1,0.7858,289.96,372.97,108145.72
7250,none,0,0,0,0,0,0,0
7251,baby,1,0,1,0.6697,306.98,377.16,115781.19
7252,none,0,0,0,0,0,0,0
7253,none,0,0,0,0,0,0,0
7254,baby,1,0,1,0.6771,310.01,363.61,112722.95
7255,none,0,0,0,0,0,0,0
7256,none,0,0,0,0,0,0,0
7257,none,0,0,0,0,0,0,0
7258,none,0,0,0,0,0,0,0
7259,none,0,0,0,0,0,0,0
7260,none,0,0,0,0,0,0,0
7261,none,0,0,0,0,0,0,0
7262,none,0,0,0,0,0,0,0
7263,none,0,0,0,0,0,0,0
7264,none,0,0,0,0,0,0,0
7265,none,0,0,0,0,0,0,0
7266,none,0,0,0,0,0,0,0
7267,none,0,0,0,0,0,0,0
7268,none,0,0,0,0,0,0,0
7269,none,0,0,0,0,0,0,0
7270,none,0,0,0,0,0,0,0
7271,baby,1,0,1,0.7989,294.19,362.97,106779.92
7272,none,0,0,0,0,0,0,0
7273,none,0,0,0,0,0,0,0
7274,none,0,0,0,0,0,0,0
7275,baby,1,0,1,0.6217,271.73,331.49,90074.2
7276,none,0,0,0,0,0,0,0
7277,none,0,0,0,0,0,0,0
7278,baby,1,0,1,0.6413,286.76,351.55,100810.38
7279,none,0,0,0,0,0,0,0
7280,none,0,0,0,0,0,0,0
7281,baby,1,0,1,0.77,307.51,389,119620.01
7282,baby,1,0,1,0.689,299.82,378.46,113470.73
7283,baby,1,0,1,0.7522,295.07,373.84,110307.99
7284,baby,1,0,1,0.7808,305.53,364.16,111262.08
7285,baby,1,0,1,0.7864,308.55,378.86,116899.56
7286,baby,1,0,1,0.7903,303.72,384.22,116695.07
7287,baby,1,0,1,0.7601,304.82,394.38,120214.85
7288,baby,1,0,1,0.7783,301.19,367.48,110680.81
7289,baby,1,0,1,0.7604,293.76,370.95,108971.46
7290,baby,1,0,1,0.6256,293.89,357.09,104945.4
7291,baby,1,0,1,0.8609,308.12,400.71,123469.56
7292,baby,1,0,1,0.7332,312.77,384.45,120243.17
7293,baby,1,0,1,0.7124,307.57,377.3,116044.89
7294,baby,1,0,1,0.6357,302.68,368.08,111411.05
7295,baby,1,0,1,0.6225,308.53,377.71,116532.89
7296,none,0,0,0,0,0,0,0
7297,baby,1,0,1,0.8263,312.12,390.37,121842.38
7298,baby,1,0,1,0.7784,305.92,377.62,115521.95
7299,none,0,0,0,0,0,0,0
7300,baby,1,0,1,0.6369,277.7,340.79,94636.3
7301,baby,1,0,1,0.6863,289.77,368.53,106788.77
7302,none,0,0,0,0,0,0,0
7303,baby,1,0,1,0.6832,293.09,353.15,103505.63
7304,baby,1,0,1,0.7452,295.26,357.6,105584.08
7305,baby,1,0,1,0.8018,296.61,362.31,107465.45
7306,baby,1,0,1,0.7851,298.58,368.32,109973.69
7307,baby,1,0,1,0.7919,299.85,379.33,113741.65
7308,none,0,0,0,0,0,0,0
7309,baby,1,0,1,0.7255,289.61,361.86,104795.73
7310,baby,1,0,1,0.6319,290.23,370.74,107600.94
7311,baby,1,0,1,0.6778,284.17,354.89,100849.18
7312,none,0,0,0,0,0,0,0
7313,baby,1,0,1,0.7738,301.2,371.85,112001.04
7314,baby,1,0,1,0.6238,295.13,349.03,103007.44
7315,baby,1,0,1,0.7832,305.18,379.43,115791.94
7316,baby,1,0,1,0.6929,296,353.67,104685.66
7317,none,0,0,0,0,0,0,0
7318,baby,1,0,1,0.6519,291.66,351.64,102560.07
7319,baby,1,0,1,0.6681,300.37,354.07,106353.21
7320,baby,1,0,1,0.6759,299.73,356.81,106947.65
7321,none,0,0,0,0,0,0,0
7322,none,0,0,0,0,0,0,0
7323,none,0,0,0,0,0,0,0
7324,none,0,0,0,0,0,0,0
7325,none,0,0,0,0,0,0,0
7326,baby,1,0,1,0.6741,298.4,341.06,101773.4
7327,baby,1,0,1,0.8271,303.74,378.53,114972.56
7328,baby,1,0,1,0.6995,290.21,362.25,105130
7329,none,0,0,0,0,0,0,0
7330,baby,1,0,1,0.626,288.15,348.8,100505.54
7331,baby,1,0,1,0.6783,294.94,361.35,106574.98
7332,baby,1,0,1,0.6051,294.27,362.27,106606.34
7333,baby,1,0,1,0.7108,292.08,366.02,106906.77
7334,none,0,0,0,0,0,0,0
7335,baby,1,0,1,0.6787,296.85,359.28,106651.64
7336,none,0,0,0,0,0,0,0
7337,baby,1,0,1,0.716,299.28,371.07,111054.11
7338,baby,1,0,1,0.6541,301.46,371.59,112018.24
7339,none,0,0,0,0,0,0,0
7340,baby,1,0,1,0.6609,311.88,384.24,119838.96
7341,none,0,0,0,0,0,0,0
7342,none,0,0,0,0,0,0,0
7343,none,0,0,0,0,0,0,0
7344,none,0,0,0,0,0,0,0
7345,none,0,0,0,0,0,0,0
7346,none,0,0,0,0,0,0,0
7347,none,0,0,0,0,0,0,0
7348,baby,1,0,1,0.7228,312.18,374.06,116773.39
7349,baby,1,0,1,0.6953,295.08,369.57,109053.09
7350,baby,1,0,1,0.6713,255.64,323.18,82618.81
7351,none,0,0,0,0,0,0,0
7352,none,0,0,0,0,0,0,0
7353,none,0,0,0,0,0,0,0
7354,none,0,0,0,0,0,0,0
7355,baby,1,0,1,0.7409,284.17,347.02,98613.26
7356,baby,1,0,1,0.7128,302.02,404.96,122306.27
7357,none,0,0,0,0,0,0,0
7358,baby,1,0,1,0.6539,357.18,363.72,129914.77
7359,baby,1,0,1,0.7611,329.06,390.85,128612.36
7360,none,0,0,0,0,0,0,0
7361,none,0,0,0,0,0,0,0
7362,baby,1,0,1,0.7407,337.32,387.38,130671.89
7363,baby,1,0,1,0.6348,332.97,381.56,127047.91
7364,baby,1,0,1,0.625,284.75,360.61,102684.55
7365,none,0,0,0,0,0,0,0
7366,baby,1,0,1,0.6585,287.86,350.95,101024.2
7367,none,0,0,0,0,0,0,0
7368,none,0,0,0,0,0,0,0
7369,none,0,0,0,0,0,0,0
7370,none,0,0,0,0,0,0,0
7371,none,0,0,0,0,0,0,0
7372,none,0,0,0,0,0,0,0
7373,none,0,0,0,0,0,0,0
7374,none,0,0,0,0,0,0,0
7375,none,0,0,0,0,0,0,0
7376,baby,1,0,1,0.7054,298.49,380.89,113693.49
7377,none,0,0,0,0,0,0,0
7378,baby,1,0,1,0.6008,300.04,374.48,112359.98
7379,none,0,0,0,0,0,0,0
7380,baby,1,0,1,0.7057,302.09,377.38,114003.06
7381,none,0,0,0,0,0,0,0
7382,none,0,0,0,0,0,0,0
7383,none,0,0,0,0,0,0,0
7384,baby,1,0,1,0.6098,306.08,355.93,108945.33
7385,baby,1,0,1,0.681,317.68,378.11,120117.27
7386,none,0,0,0,0,0,0,0
7387,none,0,0,0,0,0,0,0
7388,baby,1,0,1,0.6519,300.02,369.51,110859.81
7389,none,0,0,0,0,0,0,0
7390,none,0,0,0,0,0,0,0
7391,none,0,0,0,0,0,0,0
7392,baby,1,0,1,0.6327,305.3,357.82,109241.09
7393,none,0,0,0,0,0,0,0
7394,none,0,0,0,0,0,0,0
7395,none,0,0,0,0,0,0,0
7396,none,0,0,0,0,0,0,0
7397,none,0,0,0,0,0,0,0
7398,none,0,0,0,0,0,0,0
7399,none,0,0,0,0,0,0,0
7400,none,0,0,0,0,0,0,0
7401,none,0,0,0,0,0,0,0
7402,none,0,0,0,0,0,0,0
7403,none,0,0,0,0,0,0,0
7404,none,0,0,0,0,0,0,0
7405,none,0,0,0,0,0,0,0
7406,none,0,0,0,0,0,0,0
7407,baby,1,0,1,0.6472,321.56,380.94,122495.4
7408,baby,1,0,1,0.8671,361.64,482.07,174334.13
7409,baby,1,0,1,0.8625,369.33,394.73,145785.3
7410,baby,1,0,1,0.8347,370.72,400.22,148368.59
7411,baby,1,0,1,0.866,369.35,392.58,144998.46
7412,baby,1,0,1,0.8325,369.99,384.41,142226.26
7413,baby,1,0,1,0.7802,365.71,386.91,141497.33
7414,baby,1,0,1,0.8089,363.41,398.97,144990.09
7415,baby,1,0,1,0.8603,347.24,415.16,144161.57
7416,baby,1,0,1,0.8779,381.72,430.98,164515.36
7417,baby,1,0,1,0.907,374.74,422.55,158349.46
7418,baby,1,0,1,0.879,363.14,414.61,150562.96
7419,baby,1,0,1,0.8713,363.59,429.24,156066.97
7420,baby,1,0,1,0.8778,363.22,416.38,151238.4
7421,baby,1,0,1,0.8695,353.18,420.57,148534.68
7422,baby,1,0,1,0.8736,352.41,413.61,145758.89
7423,baby,1,0,1,0.8714,362.52,419.04,151911.29
7424,baby,1,0,1,0.8646,369.91,429.98,159052.74
7425,baby,1,0,1,0.8645,352.16,416.27,146593.76
7426,baby,1,0,1,0.8668,356.6,428.1,152660.41
7427,baby,1,0,1,0.8647,360.75,414.75,149620.67
7428,baby,1,0,1,0.8759,355.98,424.25,151024.21
7429,baby,1,0,1,0.8398,349.81,408.2,142790.17
7430,baby,1,0,1,0.8544,368.02,428.63,157746.94
7431,baby,1,0,1,0.8577,364.03,435.79,158639.44
7432,baby,1,0,1,0.8523,347.41,409.84,142379.65
7433,baby,1,0,1,0.8786,356.35,419.36,149437.32
7434,baby,1,0,1,0.8553,372.68,412.71,153808.06
7435,baby,1,0,1,0.8817,362.76,426.22,154613.64
7436,baby,1,0,1,0.8668,346.87,410.19,142282.95
7437,baby,1,0,1,0.8832,362.54,417.23,151262.3
7438,baby,1,0,1,0.8827,350.31,410.94,143953.06
7439,baby,1,0,1,0.8878,363.51,419.13,152358.34
7440,baby,1,0,1,0.8718,349.99,420.66,147226.85
7441,baby,1,0,1,0.8722,353.77,417.98,147867.73
7442,baby,1,0,1,0.8903,358.25,419.38,150241.85
7443,baby,1,0,1,0.8636,354.68,412.71,146379.98
7444,baby,1,0,1,0.8782,352.77,418.45,147616.76
7445,baby,1,0,1,0.886,360.07,427.55,153950.85
7446,baby,1,0,1,0.8806,356.88,424.84,151617.56
7447,baby,1,0,1,0.8675,347.94,417.13,145137.95
7448,baby,1,0,1,0.8957,359.8,423.56,152395.77
7449,baby,1,0,1,0.8652,354.9,419.93,149031.82
7450,baby,1,0,1,0.8955,373.01,431.9,161104.52
7451,baby,1,0,1,0.87,355.05,413.3,146742.15
7452,baby,1,0,1,0.859,349.83,415.16,145235.6
7453,baby,1,0,1,0.9022,379.41,417.86,158543.23
7454,baby,1,0,1,0.8909,351.82,414.16,145709.09
7455,baby,1,0,1,0.8702,365.43,433.28,158334.55
7456,baby,1,0,1,0.8868,367.27,420.26,154348.72
7457,baby,1,0,1,0.9062,354.75,424.33,150530.73
7458,baby,1,0,1,0.8932,352.66,412.81,145583.2
7459,baby,1,0,1,0.8884,367.59,414.16,152241.27
7460,baby,1,0,1,0.8887,362.44,408.43,148031
7461,baby,1,0,1,0.8763,344.66,404.83,139525.21
7462,baby,1,0,1,0.8806,367.45,415.61,152718.89
7463,baby,1,0,1,0.8707,358.26,409.9,146850.6
7464,baby,1,0,1,0.8948,348.36,404.98,141079.55
7465,baby,1,0,1,0.8868,373.9,419.21,156744.24
7466,baby,1,0,1,0.8824,359.76,412.88,148538.48
7467,baby,1,0,1,0.8927,361.68,415.18,150160.48
7468,baby,1,0,1,0.8735,359.84,424.05,152590.62
7469,baby,1,0,1,0.8934,349.87,418.37,146373.46
7470,baby,1,0,1,0.8951,360.75,416,150073.87
7471,baby,1,0,1,0.8813,358.05,418.02,149670.94
7472,baby,1,0,1,0.8699,361.8,426.84,154428.49
7473,baby,1,0,1,0.8659,344.86,398.9,137564.92
7474,baby,1,0,1,0.887,349.53,413.33,144470.71
7475,baby,1,0,1,0.867,347.18,417.41,144917.28
7476,baby,1,0,1,0.8657,356.6,405.18,144488.72
7477,baby,1,0,1,0.8733,350.97,408.99,143541.68
7478,baby,1,0,1,0.8691,352.02,410.37,144458.07
7479,baby,1,0,1,0.9036,349.47,410.81,143565.09
7480,baby,1,0,1,0.887,364.98,429.54,156773.52
7481,baby,1,0,1,0.8701,345.86,405.22,140147.56
7482,baby,1,0,1,0.8661,338.08,424.42,143487.98
7483,baby,1,0,1,0.884,350.31,418.46,146589.43
7484,baby,1,0,1,0.8888,358.84,426.88,153179.28
7485,baby,1,0,1,0.8676,348.98,410.7,143326.21
7486,baby,1,0,1,0.8928,362.75,413.75,150088.06
7487,baby,1,0,1,0.8807,331.87,400.18,132809.07
7488,baby,1,0,1,0.8646,357.51,415.85,148671.13
7489,baby,1,0,1,0.878,344.34,400.34,137855.15
7490,baby,1,0,1,0.9011,354.65,411.31,145871.89
7491,baby,1,0,1,0.8815,343.09,405.69,139187.79
7492,baby,1,0,1,0.8773,354.7,404.64,143525.54
7493,baby,1,0,1,0.8723,352.28,406.33,143139.16
7494,baby,1,0,1,0.8735,352.53,404.49,142596.2
7495,baby,1,0,1,0.8731,356.84,409.61,146165.25
7496,baby,1,0,1,0.886,352.32,410.6,144662.9
7497,baby,1,0,1,0.9092,352.22,408.87,144010
7498,baby,1,0,1,0.8799,357.64,420.54,150400.39
7499,baby,1,0,1,0.8805,355.41,410.98,146064.59
7500,baby,1,0,1,0.8776,350.51,399.2,139924.21
7501,baby,1,0,1,0.8906,356.52,411.17,146591.14
7502,baby,1,0,1,0.8696,358.67,420.01,150641.34
7503,baby,1,0,1,0.868,353.38,406.89,143786.52
7504,baby,1,0,1,0.8784,353.73,410.88,145340.7
7505,baby,1,0,1,0.8864,351.63,412.35,144992.59
7506,baby,1,0,1,0.8803,358.42,413.42,148179.27
7507,baby,1,0,1,0.8907,360.13,420.28,151355.87
7508,baby,1,0,1,0.893,357.76,418.66,149781
7509,baby,1,0,1,0.8847,355.02,415.17,147395.06
7510,baby,1,0,1,0.8714,357.79,417.9,149522.65
7511,baby,1,0,1,0.891,362.99,419.57,152301.11
7512,baby,1,0,1,0.8836,359.03,421.07,151177.47
7513,baby,1,0,1,0.8872,363.88,418.13,152150
7514,baby,1,0,1,0.8861,366.31,420.42,154005.4
7515,baby,1,0,1,0.8816,361.92,411.58,148960.11
7516,baby,1,0,1,0.8905,358.58,403.99,144861.69
7517,baby,1,0,1,0.8856,361.76,417.57,151059.05
7518,baby,1,0,1,0.8735,367.29,422.9,155326.96
7519,baby,1,0,1,0.849,357.73,410.22,146748.34
7520,baby,1,0,1,0.8769,369.21,558.21,206095.38
7521,baby,1,0,1,0.884,366.26,421.24,154286.85
7522,baby,1,0,1,0.8774,368.14,407.14,149886.65
7523,baby,1,0,1,0.8854,369.65,430.93,159293.48
7524,baby,1,0,1,0.895,367.29,407.15,149541.05
7525,baby,1,0,1,0.8669,359.49,397.64,142947.29
7526,baby,1,0,1,0.8896,358.63,396.03,142025.51
7527,baby,1,0,1,0.8751,368.73,410.46,151347.89
7528,baby,1,0,1,0.8781,353.97,397.13,140572.33
7529,baby,1,0,1,0.868,362.2,416.76,150951.49
7530,baby,1,0,1,0.89,355.51,408.77,145322.29
7531,baby,1,0,1,0.8751,349.55,403.34,140985.9
7532,baby,1,0,1,0.8635,344.89,402.4,138783.89
7533,baby,1,0,1,0.8387,344.22,388.46,133718.25
7534,baby,1,0,1,0.8453,330.57,387.81,128199.55
7535,baby,1,0,1,0.8634,337.88,392.19,132512.64
7536,baby,1,0,1,0.8546,342.35,384.44,131613.99
7537,baby,1,0,1,0.8646,338.69,387.54,131255.45
7538,baby,1,0,1,0.8831,341.88,397.26,135816.55
7539,baby,1,0,1,0.8791,345.31,392.35,135484.13
7540,baby,1,0,1,0.8599,338.9,391.99,132847.06
7541,baby,1,0,1,0.8926,333.67,393.79,131396.52
7542,baby,1,0,1,0.9063,334.03,394.89,131904.9
7543,baby,1,0,1,0.8868,354.46,405.58,143762.39
7544,baby,1,0,1,0.8778,334.41,388.63,129963.27
7545,baby,1,0,1,0.8964,343.01,399.81,137141.31
7546,baby,1,0,1,0.9049,357.93,411.43,147262.39
7547,baby,1,0,1,0.8912,356.09,410.38,146131.97
7548,baby,1,0,1,0.8819,355.76,408.4,145290.62
7549,baby,1,0,1,0.895,358.32,402.28,144143.6
7550,baby,1,0,1,0.9058,364.22,418.7,152495.75
7551,baby,1,0,1,0.8906,364,407.3,148258.62
7552,baby,1,0,1,0.8926,363.87,414.11,150684.79
7553,baby,1,0,1,0.9048,371.18,410.92,152525.26
7554,baby,1,0,1,0.9108,370.48,411.4,152414.21
7555,baby,1,0,1,0.8793,370.78,415.7,154132.86
7556,baby,1,0,1,0.8994,368.45,407.27,150059.27
7557,baby,1,0,1,0.8981,357.39,426.34,152370.62
7558,baby,1,0,1,0.8988,369.51,403.27,149012.83
7559,baby,1,0,1,0.9066,370.02,404.42,149643.17
7560,baby,1,0,1,0.8797,371.91,405.26,150721.17
7561,baby,1,0,1,0.8935,370.61,512.87,190074.55
7562,baby,1,0,1,0.9024,374.36,432.75,162005.37
7563,baby,1,0,1,0.9039,375.49,412.71,154969.56
7564,baby,1,0,1,0.9031,370.73,433.86,160846.16
7565,baby,1,0,1,0.9045,370.26,401.35,148603.94
7566,baby,1,0,1,0.9006,368.77,402.45,148410.61
7567,baby,1,0,1,0.9117,371.96,401.53,149353.1
7568,baby,1,0,1,0.9082,374.27,407.41,152479.21
7569,baby,1,0,1,0.9121,373.43,399.4,149149.87
7570,baby,1,0,1,0.8936,371.46,400.39,148728
7571,baby,1,0,1,0.9048,372.96,406.6,151642.92
7572,baby,1,0,1,0.8954,371.96,400.83,149094.18
7573,baby,1,0,1,0.9104,369.79,398.96,147531.84
7574,baby,1,0,1,0.894,369.98,411.13,152109.78
7575,baby,1,0,2,0.9209,376.31,406.95,153139.58
7576,baby,1,0,1,0.9013,376.14,404.42,152120
7577,baby,1,0,1,0.9232,375.15,440.97,165431.64
7578,baby,1,0,1,0.8999,377.7,406.18,153412.86
7579,baby,1,0,1,0.9187,378.65,413.5,156569.15
7580,baby,1,0,1,0.9361,379.84,591.6,224716.23
7581,baby,1,0,1,0.9163,380.81,585.01,222775.2
7582,baby,1,0,1,0.9217,382.74,525.93,201290.74
7583,baby,1,0,1,0.9027,372.2,418.29,155686.09
7584,baby,1,0,1,0.9007,370.61,415.77,154091.54
7585,baby,1,0,1,0.887,367.05,407.21,149467.39
7586,baby,1,0,1,0.9057,371.35,409.54,152084.4
7587,baby,1,0,1,0.9057,369.92,416.74,154158.87
7588,baby,1,0,1,0.8955,371.1,408.51,151597.81
7589,baby,1,0,1,0.9005,367.22,403.94,148336.85
7590,baby,1,0,1,0.9111,374.4,405.86,151954.6
7591,baby,1,0,1,0.9138,372.85,398.63,148629.45
7592,baby,1,0,1,0.9026,370.86,405.95,150551.15
7593,baby,1,0,1,0.92,376.51,409.98,154362.05
7594,baby,1,0,1,0.9134,373.78,400.74,149790.4
7595,baby,1,0,1,0.9154,379.37,442.59,167906.66
7596,baby,1,0,1,0.9178,377.06,583.35,219958.39
7597,baby,1,0,1,0.8998,368.92,406.25,149871.05
7598,baby,1,0,1,0.8806,368.71,406.78,149982.8
7599,baby,1,0,1,0.8769,356.72,429.43,153187.09
7600,baby,1,0,1,0.908,349.08,420.97,146953.51
7601,baby,1,0,1,0.863,376.44,462.21,173994.32
7602,baby,1,0,1,0.8798,379.4,461.41,175059.48
7603,baby,1,0,1,0.8834,373.82,436.37,163122.39
7604,baby,1,0,1,0.8972,355.74,487.38,173384.73
7605,baby,1,0,1,0.8788,357.57,491.88,175879.26
7606,baby,1,0,1,0.8679,356.67,479.6,171060.41
7607,baby,1,0,1,0.8911,371.2,449.46,166838.62
7608,baby,1,0,1,0.8707,362.53,486.86,176502.23
7609,baby,1,0,1,0.8752,361.15,476.43,172059.44
7610,baby,1,0,1,0.8873,367.06,478.01,175456.15
7611,baby,1,0,1,0.8904,368.33,480.88,177123.06
7612,baby,1,0,1,0.886,351.93,484.9,170647.87
7613,baby,1,0,1,0.8822,365.73,487.51,178300.79
7614,baby,1,0,1,0.862,366.46,438.11,160549.99
7615,baby,1,0,1,0.8851,350.96,474.09,166385.7
7616,baby,1,0,1,0.8762,365.99,473.82,173411.61
7617,baby,1,0,1,0.8667,367.83,477.7,175712.67
7618,baby,1,0,1,0.8827,363.49,465.46,169186.47
7619,baby,1,0,1,0.8565,359.06,450.68,161819.98
7620,baby,1,0,1,0.8732,375.37,400.76,150432.07
7621,baby,1,0,1,0.8757,378.42,409.81,155079.77
7622,baby,1,0,1,0.86,362.09,451.57,163507.96
7623,baby,1,0,1,0.8756,357.09,442.73,158097.22
7624,baby,1,0,1,0.8327,367.99,395.65,145593.42
7625,baby,1,0,1,0.8771,357.06,473.03,168903.99
7626,baby,1,0,1,0.878,361.79,475.83,172149.31
7627,baby,1,0,1,0.8902,362.05,473.73,171513.06
7628,baby,1,0,1,0.8781,364.56,482.41,175868.81
7629,baby,1,0,1,0.8774,376.53,465.06,175110.13
7630,baby,1,0,1,0.9254,410.27,562.51,230781.95
7631,baby,1,0,1,0.8791,395.92,425.55,168486.62
7632,baby,1,0,1,0.9075,367.83,422.27,155323.6
7633,baby,1,0,1,0.8831,356.75,413.9,147657.13
7634,baby,1,0,1,0.8401,381.23,422.56,161091.4
7635,baby,1,0,1,0.8759,375.19,406.73,152598.86
7636,baby,1,0,1,0.8034,423.47,455.37,192834.5
7637,baby,1,0,1,0.8087,440.62,403.87,177955.87
7638,baby,1,0,1,0.727,455.51,499.66,227599.3
7639,baby,1,0,1,0.8677,400.13,498.13,199313.28
7640,baby,1,0,1,0.8758,385.03,428.84,165117.07
7641,baby,1,0,1,0.896,379.99,423.11,160778.45
7642,baby,1,0,1,0.8542,378.96,433.67,164344.32
7643,baby,1,0,1,0.8503,385.57,421.13,162376.7
7644,baby,1,0,1,0.8548,383.38,424.51,162750.6
7645,baby,1,0,1,0.7892,402.99,419.78,169170.55
7646,baby,1,0,1,0.8422,409.19,429.98,175940.11
7647,baby,1,0,1,0.8551,410.57,427.34,175455.95
7648,baby,1,0,1,0.8571,411.82,428.19,176339.49
7649,baby,1,0,1,0.8453,410.47,429.02,176100.3
7650,baby,1,0,1,0.8424,409.07,440.77,180307.78
7651,baby,1,0,1,0.8353,406.15,431.52,175259.17
7652,baby,1,0,1,0.8556,415.22,441.84,183461.72
7653,baby,1,0,1,0.863,411.34,437.41,179922.63
7654,baby,1,0,1,0.8666,403.77,432.02,174434.03
7655,baby,1,0,1,0.8798,408.45,443.49,181141.24
7656,baby,1,0,1,0.8632,410.65,431.57,177225.83
7657,baby,1,0,1,0.8563,394.73,439.91,173646.17
7658,baby,1,0,1,0.8662,380.91,441.95,168342.28
7659,baby,1,0,1,0.8625,361.59,394.13,142513.56
7660,baby,1,0,1,0.8749,356.29,420.75,149911.08
7661,baby,1,0,1,0.8886,373.56,434.09,162158.35
7662,baby,1,0,1,0.8663,367.89,419.6,154368.04
7663,baby,1,0,1,0.8944,374.6,422.92,158426.61
7664,baby,1,0,1,0.8828,374.34,426.09,159503.44
7665,baby,1,0,1,0.8697,371.58,412.13,153138.73
7666,baby,1,0,1,0.8747,370.15,420.28,155567.42
7667,baby,1,0,1,0.8698,372.93,421.25,157097.81
7668,baby,1,0,1,0.8826,370.18,424.32,157074.42
7669,baby,1,0,1,0.8888,363.34,430.14,156286.76
7670,baby,1,0,1,0.8692,379.87,432.2,164179.8
7671,baby,1,0,1,0.8718,373.62,439.89,164354.98
7672,baby,1,0,1,0.8678,377.79,443.89,167698.25
7673,baby,1,0,1,0.8669,383.6,442.91,169898.61
7674,baby,1,0,1,0.8503,385.16,419.4,161537.62
7675,baby,1,0,1,0.8994,385.35,533.35,205527.91
7676,baby,1,0,1,0.8572,385.5,434.02,167314.68
7677,baby,1,0,1,0.8828,382.89,410.5,157179.42
7678,baby,1,0,1,0.8591,375.51,437.54,164298.86
7679,baby,1,0,1,0.8908,378.24,399.18,150987.31
7680,baby,1,0,1,0.8561,369.73,438.19,162010.82
7681,baby,1,0,1,0.8961,374.91,418.01,156715.34
7682,baby,1,0,1,0.8632,382.7,442.73,169428.89
7683,baby,1,0,1,0.8722,382.72,442.96,169529.44
7684,baby,1,0,1,0.8821,387.76,423.51,164224.18
7685,baby,1,0,1,0.8871,378.68,434.55,164555.58
7686,baby,1,0,1,0.8991,383.68,503.1,193028.65
7687,baby,1,0,1,0.9006,381.07,580.62,221254.82
7688,baby,1,0,1,0.8909,386.8,403.58,156102.86
7689,baby,1,0,1,0.8687,374.47,455.48,170563.15
7690,baby,1,0,1,0.8836,379.43,430.49,163341.65
7691,baby,1,0,1,0.9011,382,575.34,219776.88
7692,baby,1,0,1,0.8803,378.81,522.65,197984.58
7693,baby,1,0,1,0.886,387.12,426.3,165032.92
7694,baby,1,0,1,0.873,383.37,508.5,194943.26
7695,baby,1,0,1,0.8992,386.67,466.46,180367.78
7696,baby,1,0,1,0.8776,381.58,436.08,166399.88
7697,baby,1,0,1,0.8734,382.79,437.44,167447.91
7698,baby,1,0,1,0.8753,381.13,415.25,158264.5
7699,baby,1,0,1,0.8802,388.78,420.48,163475.1
7700,baby,1,0,1,0.8723,388.04,461.16,178948.65
7701,baby,1,0,1,0.8717,378.8,456.19,172805.29
7702,baby,1,0,1,0.877,382,512.62,195819.79
7703,baby,1,0,1,0.8828,387.39,464.6,179985.15
7704,baby,1,0,1,0.8815,383.47,514.68,197365.77
7705,baby,1,0,1,0.89,375.47,559.77,210177.4
7706,baby,1,0,1,0.8771,373.76,441.02,164835.01
7707,baby,1,0,1,0.8881,381.5,546.51,208492.33
7708,baby,1,0,1,0.8874,383.26,456.97,175140.06
7709,baby,1,0,1,0.8903,383.85,548.85,210674.26
7710,baby,1,0,1,0.8911,378.48,567.69,214856.7
7711,baby,1,0,1,0.892,381.97,424.46,162132.96
7712,baby,1,0,1,0.8598,375.19,456.79,171382.86
7713,baby,1,0,1,0.8955,370.48,551.95,204483.89
7714,baby,1,0,1,0.8803,372.2,497.69,185238.35
7715,baby,1,0,1,0.8927,376.67,556.19,209500.19
7716,baby,1,0,1,0.873,377.02,524.79,197856.47
7717,baby,1,0,1,0.8651,378.64,471.34,178468.54
7718,baby,1,0,1,0.8634,387.92,426,165255.79
7719,baby,1,0,1,0.8604,380,434.96,165286.08
7720,baby,1,0,1,0.8613,379,458.3,173696.47
7721,baby,1,0,1,0.8761,384.07,522.33,200610.32
7722,baby,1,0,1,0.8652,378.85,449.92,170452.97
7723,baby,1,0,1,0.879,376.81,462.27,174186.14
7724,baby,1,0,1,0.8951,381.17,577.86,220262.25
7725,baby,1,0,1,0.8623,378.01,459.77,173793.83
7726,baby,1,0,1,0.8642,381.11,501.24,191027.71
7727,baby,1,0,1,0.8837,378.66,481.13,182187.11
7728,baby,1,0,1,0.9022,386.28,425.58,164391.58
7729,baby,1,0,1,0.8807,381.99,444.57,169822.63
7730,baby,1,0,1,0.8774,380.29,446.82,169919.87
7731,baby,1,0,1,0.8949,382.35,435.43,166488.14
7732,baby,1,0,1,0.8632,374.68,437.65,163979.08
7733,baby,1,0,1,0.909,383.6,455.11,174582.24
7734,baby,1,0,1,0.8995,380.62,546.94,208175.8
7735,baby,1,0,1,0.8933,379.7,448.63,170348.51
7736,baby,1,0,1,0.9005,387.85,460.3,178527.27
7737,baby,1,0,1,0.8851,379.09,447.01,169455.64
7738,baby,1,0,1,0.8998,389.48,468.57,182500.84
7739,baby,1,0,1,0.8942,374.65,437.72,163989.43
7740,baby,1,0,1,0.9011,383.48,403.3,154654.69
7741,baby,1,0,1,0.9163,380.16,590.3,224409.99
7742,baby,1,0,1,0.9356,390.25,599.49,233947.39
7743,baby,1,0,1,0.912,384.65,538.56,207157.03
7744,baby,1,0,1,0.8937,389.59,424.65,165438.12
7745,baby,1,0,1,0.9104,379.52,421.27,159880.73
7746,baby,1,0,1,0.9178,383.86,410.5,157573.87
7747,baby,1,0,1,0.9055,376.89,486.14,183218.67
7748,baby,1,0,1,0.9084,379.12,543.17,205925.99
7749,baby,1,0,1,0.9138,371.51,529.95,196877.64
7750,baby,1,0,1,0.8998,377.75,458.17,173073.15
7751,baby,1,0,1,0.8926,376.16,441.24,165979.44
7752,baby,1,0,1,0.9075,378.36,461.78,174721.18
7753,baby,1,0,1,0.8967,374.05,410.65,153601.53
7754,baby,1,0,1,0.906,380.99,406.98,155055.03
7755,baby,1,0,1,0.9107,387.72,445.01,172537.89
7756,baby,1,0,1,0.8862,370.96,439.94,163201.74
7757,baby,1,0,1,0.9047,381.77,425.92,162605.62
7758,baby,1,0,1,0.8691,379.28,428.79,162633.98
7759,baby,1,0,1,0.8753,373.79,408.61,152735.66
7760,baby,1,0,1,0.8753,380.37,445.43,169427.42
7761,baby,1,0,1,0.779,367.72,408.34,150154.18
7762,baby,1,0,1,0.8519,406.08,439.7,178553.51
7763,baby,1,0,1,0.7773,407.76,419.91,171223.36
7764,baby,1,0,1,0.7757,414.44,414.25,171682.81
7765,baby,1,0,1,0.8278,414.73,406.75,168693.75
7766,baby,1,0,1,0.7762,403.85,419.98,169611.15
7767,baby,1,0,1,0.8435,390.71,415.36,162283.84
7768,baby,1,0,1,0.8587,369.07,418.62,154501.55
7769,baby,1,0,1,0.8864,362.45,426.98,154759.2
7770,baby,1,0,1,0.8535,382.63,466.8,178609.18
7771,baby,1,0,1,0.8843,364.38,481.42,175416.91
7772,baby,1,0,1,0.8942,355.48,481.16,171044.74
7773,baby,1,0,1,0.8489,370.75,431.39,159936.01
7774,baby,1,0,1,0.8731,382.52,497.33,190241.67
7775,baby,1,0,1,0.8432,363.46,477.21,173446.75
7776,baby,1,0,1,0.8781,358.53,463.73,166259.5
7777,baby,1,0,1,0.8523,364.73,419.89,153146.3
7778,baby,1,0,1,0.8734,387.26,477.11,184765.01
7779,baby,1,0,1,0.8324,361.08,459.69,165982.61
7780,baby,1,0,1,0.9021,361.43,487.06,176038.35
7781,baby,1,0,1,0.8576,371.11,465.07,172592.07
7782,baby,1,0,1,0.8682,375.5,468.75,176017.77
7783,baby,1,0,1,0.8761,371.39,459.78,170758.79
7784,baby,1,0,1,0.8829,367.55,458.95,168687.34
7785,baby,1,0,1,0.8652,366.49,421.81,154586.2
7786,baby,1,0,1,0.8759,372.13,476.16,177193.36
7787,baby,1,0,1,0.8728,370.27,445.89,165098.88
7788,baby,1,0,1,0.8522,366.66,417.48,153075.12
7789,baby,1,0,1,0.8831,375.39,470.33,176556.58
7790,baby,1,0,1,0.8821,384.15,477.94,183603.55
7791,baby,1,0,1,0.872,364.28,447.98,163188.73
7792,baby,1,0,1,0.8839,353.77,472.3,167085.29
7793,baby,1,0,1,0.8741,370.3,463.88,171776.1
7794,baby,1,0,1,0.9051,351.61,475.69,167257.23
7795,baby,1,0,1,0.8972,348.83,481.51,167963.36
7796,baby,1,0,1,0.8809,367.28,484.44,177926.08
7797,baby,1,0,1,0.8892,345.42,482.28,166590.57
7798,baby,1,0,1,0.8804,357.71,433.08,154919.3
7799,baby,1,0,1,0.8872,361.83,480.79,173964.91
7800,baby,1,0,1,0.8888,349.22,456.72,159492.81
7801,baby,1,0,1,0.8812,367.43,449.79,165265.55
7802,baby,1,0,1,0.8928,365.83,488.6,178741.7
7803,baby,1,0,1,0.8799,355.91,471.07,167657.8
7804,baby,1,0,1,0.8803,366.98,455.86,167292.63
7805,baby,1,0,1,0.8802,375.68,483.69,181710.24
7806,baby,1,0,1,0.8886,361.42,439.13,158707.31
7807,baby,1,0,1,0.8971,344.48,471.24,162334.76
7808,baby,1,0,1,0.8818,352.94,450.78,159098.56
7809,baby,1,0,1,0.896,352.51,458,161448.54
7810,baby,1,0,1,0.8701,362.41,463.15,167848.14
7811,baby,1,0,1,0.8903,354.06,458.66,162390.84
7812,baby,1,0,1,0.8896,348.55,480.74,167562.17
7813,baby,1,0,1,0.898,347.89,480.66,167213.22
7814,baby,1,0,1,0.9044,342.65,477.35,163562.9
7815,baby,1,0,1,0.8888,351.63,483.94,170167.12
7816,baby,1,0,1,0.8823,360.86,490.43,176975.67
7817,baby,1,0,1,0.9111,375.83,394.59,148299.85
7818,baby,1,0,1,0.9014,363.86,442.35,160951.14
7819,baby,1,0,1,0.9157,390.76,534.54,208880.59
7820,baby,1,0,1,0.9111,388.14,485.48,188433.99
7821,baby,1,0,1,0.8573,385.51,475.67,183377.26
7822,baby,1,0,1,0.8516,381.37,466.37,177862.04
7823,baby,1,0,1,0.8572,363.99,434.16,158033.27
7824,baby,1,0,1,0.901,356.07,487.19,173473.07
7825,baby,1,0,1,0.8689,363.63,467.56,170020.48
7826,baby,1,0,1,0.873,361.15,478.69,172877.85
7827,baby,1,0,1,0.8565,354.21,468.78,166045.81
7828,baby,1,0,1,0.8743,370.02,472.72,174916.92
7829,baby,1,0,1,0.8469,380.51,485.18,184616.09
7830,baby,1,0,1,0.8836,351.93,482.81,169916.72
7831,baby,1,0,1,0.9077,352.21,489.66,172463.93
7832,baby,1,0,1,0.8857,368.84,492.84,181781.97
7833,baby,1,0,1,0.8642,355.22,457.7,162583.8
7834,baby,1,0,1,0.9,354.16,490.23,173620.4
7835,baby,1,0,1,0.8698,384.25,474.57,182352.01
7836,baby,1,0,1,0.8786,356.56,450.58,160661.1
7837,baby,1,0,1,0.9043,350.48,475.17,166539.32
7838,baby,1,0,1,0.8697,371.68,469.84,174633.04
7839,baby,1,0,1,0.8541,385.12,486.66,187421.61
7840,baby,1,0,1,0.8796,387.05,488.89,189223.63
7841,baby,1,0,1,0.8883,363.29,482.15,175159.81
7842,baby,1,0,1,0.8905,392.55,503.15,197509.72
7843,baby,1,0,1,0.8712,348.86,483.28,168596.38
7844,baby,1,0,1,0.8918,391.64,490.48,192089.22
7845,baby,1,0,1,0.881,365.1,490.33,179021.16
7846,baby,1,0,1,0.8999,389.49,494.75,192697.8
7847,baby,1,0,1,0.8973,372.94,488.44,182155.78
7848,baby,1,0,1,0.8985,380.54,494.04,188002.25
7849,baby,1,0,1,0.8911,351.59,493.61,173551.33
7850,baby,1,0,1,0.8745,374.57,487.67,182668.64
7851,baby,1,0,1,0.8858,378.84,468.69,177559.71
7852,baby,1,0,1,0.887,361.28,491.64,177619.66
7853,baby,1,0,1,0.9013,370.92,490.52,181942.83
7854,baby,1,0,1,0.8858,361.53,494.7,178849.26
7855,baby,1,0,1,0.8765,364.19,489.75,178362.77
7856,baby,1,0,1,0.8842,379.61,492.39,186916.15
7857,baby,1,0,1,0.8963,362.21,480.39,174000.39
7858,baby,1,0,1,0.8687,378.42,488.85,184987.52
7859,baby,1,0,1,0.8944,359.75,481.51,173225.18
7860,baby,1,0,1,0.8729,381.78,482.76,184305.04
7861,baby,1,0,1,0.8711,376.48,464.89,175022.29
7862,baby,1,0,1,0.8916,356.15,479.63,170818.22
7863,baby,1,0,1,0.8859,365.18,496.74,181400.68
7864,baby,1,0,1,0.893,362.27,489.61,177370.7
7865,baby,1,0,1,0.8781,364.35,491.19,178966.59
7866,baby,1,0,1,0.8778,377.6,494.35,186667.07
7867,baby,1,0,1,0.8843,378.23,492.18,186155.67
7868,baby,1,0,1,0.885,367.02,502.9,184575.47
7869,baby,1,0,1,0.8821,375.49,499.14,187425.18
7870,baby,1,0,1,0.8746,370.59,486.55,180309.81
7871,baby,1,0,1,0.8914,352.69,489.64,172690.67
7872,baby,1,0,1,0.899,384.58,495.01,190371.67
7873,baby,1,0,1,0.8798,366.95,489.1,179476.3
7874,baby,1,0,1,0.883,374.78,494.4,185294.76
7875,baby,1,0,1,0.8825,377.75,479.25,181034.97
7876,baby,1,0,1,0.8964,364.81,482.32,175956.27
7877,baby,1,0,1,0.8893,373.53,500.8,187064.49
7878,baby,1,0,1,0.8806,363.92,468.85,170620.99
7879,baby,1,0,1,0.8863,366.88,491.89,180465.96
7880,baby,1,0,1,0.8709,371.91,483.21,179708.44
7881,baby,1,0,1,0.8818,359.85,481.77,173365.86
7882,baby,1,0,1,0.8944,366.79,490.48,179905.86
7883,baby,1,0,1,0.8917,378.52,462.18,174946.77
7884,baby,1,0,1,0.8937,374.16,485,181469.61
7885,baby,1,0,1,0.8837,377.77,463.68,175163.04
7886,baby,1,0,1,0.8936,344.55,484.82,167045.09
7887,baby,1,0,1,0.8952,358.32,488.03,174872.52
7888,baby,1,0,1,0.8853,376.5,453.65,170800.67
7889,baby,1,0,1,0.8787,368.17,482.93,177801.87
7890,baby,1,0,1,0.8926,369.15,458.15,169124.53
7891,baby,1,0,1,0.886,378.39,465.83,176262.61
7892,baby,1,0,1,0.905,363.91,484.86,176442.59
7893,baby,1,0,1,0.9024,356.08,487.73,173669.6
7894,baby,1,0,1,0.8826,365.45,473.08,172889.64
7895,baby,1,0,1,0.8906,354.98,455.08,161545.4
7896,baby,1,0,1,0.8939,370.5,439.63,162880.21
7897,baby,1,0,1,0.8993,369.61,443.48,163915.28
7898,baby,1,0,1,0.9054,353.13,480.9,169823.97
7899,baby,1,0,1,0.8941,360.15,460.36,165797.28
7900,baby,1,0,1,0.8978,369.52,427.83,158089.25
7901,baby,1,0,1,0.8935,364.51,476.95,173852.42
7902,baby,1,0,1,0.8941,361.16,439.3,158657.65
7903,baby,1,0,1,0.8927,364.68,439.99,160454.36
7904,baby,1,0,1,0.8898,359.75,490.54,176470.51
7905,baby,1,0,1,0.8731,361.65,435.74,157583.66
7906,baby,1,0,1,0.8802,371.28,446.73,165861.59
7907,baby,1,0,1,0.8679,369.74,466.12,172345.28
7908,baby,1,0,1,0.8892,360.92,467.53,168742.49
7909,baby,1,0,1,0.8982,374.55,434.73,162829.37
7910,baby,1,0,1,0.876,362.95,451.71,163948.12
7911,baby,1,0,1,0.8838,357.69,450.92,161289.86
7912,baby,1,0,1,0.8851,366.12,450,164750.1
7913,baby,1,0,1,0.888,358.39,466.01,167014.75
7914,baby,1,0,1,0.8991,355.51,478.4,170076.91
7915,baby,1,0,1,0.8962,373.75,442.72,165469.1
7916,baby,1,0,1,0.8891,351.71,447.69,157456.25
7917,baby,1,0,1,0.894,350.37,472.88,165683.16
7918,baby,1,0,1,0.9056,359.24,486.73,174850.22
7919,baby,1,0,1,0.8977,353.3,481.95,170275.09
7920,baby,1,0,1,0.8975,359.52,488.96,175793.4
7921,baby,1,0,1,0.9016,371.2,493.35,183133.51
7922,baby,1,0,1,0.8882,370.41,458.69,169904.78
7923,baby,1,0,1,0.9163,355.25,474.11,168428.57
7924,baby,1,0,1,0.9015,362.3,491.42,178040.73
7925,baby,1,0,1,0.902,365.68,486.47,177891.36
7926,baby,1,0,1,0.8982,363.11,480.54,174489.34
7927,baby,1,0,1,0.8829,381.21,456.05,173847.47
7928,baby,1,0,1,0.883,358.09,489.44,175264.35
7929,baby,1,0,1,0.8847,357.11,433.25,154720.47
7930,baby,1,0,1,0.888,380.47,471.34,179330.99
7931,baby,1,0,1,0.8674,386.82,443.15,171418.65
7932,baby,1,0,1,0.8868,380.5,434.42,165294.03
7933,baby,1,0,1,0.8889,363.28,485.93,176530.44
7934,baby,1,0,1,0.8799,370.72,481.25,178410.39
7935,baby,1,0,1,0.8544,369.97,442.09,163558.32
7936,baby,1,0,1,0.8862,363.42,483.45,175692.59
7937,baby,1,0,1,0.8684,374.14,453.81,169786.24
7938,baby,1,0,1,0.8893,351.45,490.18,172277.28
7939,baby,1,0,1,0.8926,378.39,450.68,170535.14
7940,baby,1,0,1,0.8841,375.13,482.52,181011.32
7941,baby,1,0,1,0.8927,356.26,479.01,170650.66
7942,baby,1,0,1,0.862,373.56,459.18,171530.38
7943,baby,1,0,1,0.8941,356.87,479.19,171008.19
7944,baby,1,0,1,0.8798,383.1,462.25,177091.43
7945,baby,1,0,1,0.8607,383.87,431.93,165805.62
7946,baby,1,0,1,0.8944,359.03,491.36,176412.52
7947,baby,1,0,1,0.855,373.3,469.71,175344.04
7948,baby,1,0,1,0.8848,354.06,489.69,173377.56
7949,baby,1,0,1,0.8719,378.45,475.28,179869.04
7950,baby,1,0,1,0.8682,381.1,402.98,153575.25
7951,baby,1,0,1,0.8696,376.77,466.17,175636.51
7952,baby,1,0,1,0.8852,378.1,485.9,183717.92
7953,baby,1,0,1,0.8979,358.71,489.76,175682.59
7954,baby,1,0,1,0.8842,366.35,480.44,176010.27
7955,baby,1,0,1,0.8594,366.78,445.94,163562.08
7956,baby,1,0,1,0.8933,380.57,461.13,175491.85
7957,baby,1,0,1,0.8878,386.99,489.02,189244.47
7958,baby,1,0,1,0.8954,362.76,490.43,177905.68
7959,baby,1,0,1,0.8678,367.97,476.14,175201.93
7960,baby,1,0,1,0.8852,354.31,486.9,172509.81
7961,baby,1,0,1,0.8738,379.1,484.08,183514.06
7962,baby,1,0,1,0.8689,382.56,417.94,159887.19
7963,baby,1,0,1,0.8816,373.6,400.64,149679.11
7964,baby,1,0,1,0.8333,363.05,454,164824.91
7965,baby,1,0,1,0.8658,371.06,485.22,180046.38
7966,baby,1,0,1,0.88,379.62,424.09,160991.04
7967,baby,1,0,1,0.8583,378.81,479.33,181573.89
7968,baby,1,0,1,0.8873,364.28,448.16,163256.77
7969,baby,1,0,1,0.8607,377.86,467.05,176477.1
7970,baby,1,0,1,0.8558,368.28,424.68,156401.44
7971,baby,1,0,1,0.8852,379.66,442.36,167944.21
7972,baby,1,0,1,0.8714,374.71,458.48,171795.35
7973,baby,1,0,1,0.8838,370.83,421.56,156327.78
7974,baby,1,0,1,0.8738,364.47,468,170570.17
7975,baby,1,0,1,0.8884,366.6,431.26,158100.59
7976,baby,1,0,1,0.8741,381.98,439.59,167911.41
7977,baby,1,0,1,0.8743,389.41,482,187696.54
7978,baby,1,0,1,0.8673,376.08,403.85,151879.84
7979,baby,1,0,1,0.8521,362.94,454.32,164894.66
7980,baby,1,0,1,0.8803,357.21,435.69,155636.25
7981,baby,1,0,1,0.8573,376.88,458.03,172623.39
7982,baby,1,0,1,0.8851,385.89,484.23,186859.09
7983,baby,1,0,1,0.8756,362.25,484.62,175552.86
7984,baby,1,0,1,0.861,377.85,476.13,179905.87
7985,baby,1,0,1,0.8735,363.28,434.91,157996.31
7986,baby,1,0,1,0.8611,376.59,443.73,167101.85
7987,baby,1,0,1,0.901,362.49,493.52,178896.81
7988,baby,1,0,1,0.8834,371.79,468.52,174191.07
7989,baby,1,0,1,0.8459,372.54,473.72,176480.3
7990,baby,1,0,1,0.8863,367.34,471.57,173229.31
7991,baby,1,0,1,0.8703,380.5,479.75,182542.55
7992,baby,1,0,1,0.8661,358.03,449.05,160771.76
7993,baby,1,0,1,0.8876,368.62,406.76,149937.77
7994,baby,1,0,1,0.8684,372.31,476.76,177502.18
7995,baby,1,0,1,0.8961,370.23,462.65,171287.9
7996,baby,1,0,1,0.8787,374.58,476.27,178401.42
7997,baby,1,0,1,0.8812,364.61,487.99,177923.71
7998,baby,1,0,1,0.8819,356.79,487.14,173806.01
7999,baby,1,0,1,0.873,375.11,414.98,155665.09
8000,baby,1,0,1,0.8853,348.75,484.15,168847.39
8001,baby,1,0,1,0.87,377.88,430.32,162608.75
8002,baby,1,0,1,0.8825,383.07,492.25,188566.96
8003,baby,1,0,1,0.9043,380.93,597.76,227705.21
8004,baby,1,0,1,0.8911,361.55,421.74,152480.45
8005,baby,1,0,1,0.9137,338.72,397.02,134477.69
8006,baby,1,0,1,0.8247,330.85,395.77,130939.13
8007,baby,1,0,1,0.8171,253.93,384.31,97586.87
8008,baby,1,0,1,0.7926,262.68,368.51,96800.79
8009,baby,1,0,1,0.7668,237.39,346.49,82253.57
8010,baby,1,0,1,0.8276,198.01,307.89,60965.83
8011,baby,1,0,1,0.8104,184.16,287.91,53022.06
8012,baby,1,0,1,0.8194,185.25,255.44,47320.31
8013,baby,1,0,1,0.8119,183.94,257.47,47358.78
8014,baby,1,0,1,0.7829,174.07,260.87,45408.79
8015,baby,1,0,1,0.7536,171.99,266.05,45757.87
8016,baby,1,0,1,0.731,200.14,264.04,52845.55
8017,baby,1,0,1,0.854,187.27,273.01,51128.41
8018,baby,1,0,1,0.8043,189.06,256.22,48441.68
8019,baby,1,0,1,0.8201,189.59,260.08,49308.42
8020,baby,1,0,1,0.6097,185.67,259.07,48102.66
8021,baby,1,0,1,0.6264,188.51,257.99,48633.83
8022,baby,1,0,1,0.7398,187.58,268.17,50301.97
8023,baby,1,0,1,0.6064,187.06,245.93,46003.91
8024,baby,1,0,1,0.7096,182.34,262.32,47832.23
8025,baby,1,0,1,0.8009,185.01,256.3,47418.62
8026,baby,1,0,1,0.6695,183.29,250.75,45960.85
8027,baby,1,0,1,0.6954,189.26,254.34,48135.99
8028,baby,1,0,1,0.638,186.45,255.69,47672.65
8029,baby,1,0,1,0.7261,183.96,265.81,48900.05
8030,baby,1,0,1,0.6386,184.54,249.42,46026.26
8031,baby,1,0,1,0.6653,189.78,258.62,49082.24
8032,baby,1,0,1,0.604,182.69,248.26,45354.98
8033,baby,1,0,1,0.6666,182.26,252.38,45999.23
8034,baby,1,0,1,0.6422,181.29,249.09,45157.89
8035,baby,1,0,1,0.6817,188.08,254.56,47878.45
8036,baby,1,0,1,0.8009,186.84,256.53,47928.11
8037,none,0,0,0,0,0,0,0
8038,baby,1,0,1,0.7164,189.47,249.35,47246.25
8039,baby,1,0,1,0.6942,193.13,244.96,47309.93
8040,none,0,0,0,0,0,0,0
8041,baby,1,0,1,0.784,188.28,262.86,49491.7
8042,baby,1,0,1,0.6809,185.7,253.8,47130.92
8043,baby,1,0,1,0.66,187.8,255.62,48003.81
8044,baby,1,0,1,0.742,185.88,261.04,48523.68
8045,baby,1,0,1,0.7611,179.96,255.88,46048.91
8046,baby,1,0,1,0.7916,176.31,244.72,43145.9
8047,none,0,0,0,0,0,0,0
8048,baby,1,0,1,0.7236,179.39,252.91,45369.21
8049,baby,1,0,1,0.778,180.51,276.4,49892.14
8050,baby,1,0,1,0.7551,177.46,249.49,44273.7
8051,baby,1,0,1,0.7794,185.93,255.51,47506.7
8052,baby,1,0,1,0.6902,181.75,247.42,44969.86
8053,baby,1,0,1,0.6798,181.62,253.75,46086.18
8054,baby,1,0,1,0.7227,180.4,260.06,46916.52
8055,baby,1,0,1,0.6623,187.08,271.69,50827.85
8056,baby,1,0,1,0.6993,179.65,258.71,46475.95
8057,baby,1,0,1,0.7059,188.96,259.68,49069.26
8058,baby,1,0,1,0.6669,184.87,253.96,46950.95
8059,baby,1,0,1,0.7242,175.39,243.27,42666.33
8060,none,0,0,0,0,0,0,0
8061,baby,1,0,1,0.6824,175.53,254.91,44744.51
8062,baby,1,0,1,0.7543,183.04,266.99,48871.28
8063,baby,1,0,1,0.6743,190.6,262.29,49991.74
8064,baby,1,0,1,0.7189,182.89,256.12,46841.11
8065,baby,1,0,1,0.719,178.21,260.61,46443.57
8066,baby,1,0,1,0.7253,185.06,253.07,46834.77
8067,baby,1,0,1,0.7278,180.53,255.82,46183.12
8068,none,0,0,0,0,0,0,0
8069,none,0,0,0,0,0,0,0
8070,baby,1,0,1,0.7884,182.02,255.86,46570.59
8071,baby,1,0,1,0.7531,186.66,254.95,47589.01
8072,baby,1,0,1,0.7762,187.2,269.06,50368.79
8073,baby,1,0,1,0.7052,182.18,251.32,45786.54
8074,baby,1,0,1,0.751,183.7,245.91,45174.04
8075,baby,1,0,1,0.7389,185.06,264.11,48876.1
8076,baby,1,0,1,0.7546,183.45,253.92,46582.38
8077,baby,1,0,1,0.8134,182.02,253.96,46226.07
8078,baby,1,0,1,0.7385,186.33,253.09,47158.39
8079,baby,1,0,1,0.7285,192.88,257.48,49662.67
8080,baby,1,0,1,0.7957,183.61,250.73,46038.06
8081,baby,1,0,1,0.8345,184.4,256.37,47276.23
8082,none,0,0,0,0,0,0,0
8083,baby,1,0,1,0.7478,181.88,255.13,46402.8
8084,baby,1,0,1,0.799,186.34,259.01,48265.86
8085,baby,1,0,1,0.7631,186.12,251.44,46798.9
8086,baby,1,0,1,0.7804,182.05,261.26,47561.66
8087,baby,1,0,1,0.7288,183.56,257.31,47231.56
8088,baby,1,0,1,0.7991,186.3,258.83,48219.91
8089,baby,1,0,1,0.7013,184.49,252.93,46663.31
8090,baby,1,0,1,0.7314,184.75,255.65,47232.72
8091,baby,1,0,1,0.7605,179.94,257.23,46287.25
8092,baby,1,0,1,0.7457,192.54,254.96,49089.14
8093,baby,1,0,1,0.7308,181.38,252.22,45747.63
8094,baby,1,0,1,0.7408,182.39,246.6,44979.25
8095,baby,1,0,1,0.716,175.99,250.36,44060.98
8096,baby,1,0,1,0.7462,182.9,248.56,45460.53
8097,baby,1,0,1,0.7878,180.58,248.51,44877.65
8098,baby,1,0,1,0.7478,188.99,262.68,49643.61
8099,baby,1,0,1,0.7828,188.02,260.15,48913.12
8100,baby,1,0,1,0.7747,189.32,265.36,50238.48
8101,baby,1,0,1,0.7351,186.61,256.5,47867.39
8102,baby,1,0,1,0.7279,189.55,249.35,47263.13
8103,baby,1,0,1,0.7092,184.35,265.52,48947.34
8104,baby,1,0,1,0.718,188.43,250.5,47202.35
8105,baby,1,0,1,0.7982,182.15,249.7,45484.63
8106,baby,1,0,1,0.8263,179.14,253.7,45448.53
8107,baby,1,0,1,0.7532,189.07,255.08,48227.72
8108,baby,1,0,1,0.8186,188.11,254.1,47798.69
8109,baby,1,0,1,0.7518,181.72,248.34,45127.57
8110,baby,1,0,1,0.6706,179.62,248.22,44586.02
8111,baby,1,0,1,0.8173,179.36,255.77,45875.58
8112,baby,1,0,1,0.7568,186.64,256.96,47958.05
8113,baby,1,0,1,0.7789,178.61,252.32,45066.88
8114,baby,1,0,1,0.7453,181.39,249.86,45323.34
8115,baby,1,0,1,0.7672,179.55,261.03,46867.38
8116,baby,1,0,1,0.7895,185,258.66,47853.18
8117,baby,1,0,1,0.7971,183.43,256.75,47095.57
8118,baby,1,0,1,0.7851,187.78,260.7,48954.29
8119,none,0,0,0,0,0,0,0
8120,baby,1,0,1,0.7793,187.55,265.63,49818.74
8121,baby,1,0,1,0.7953,179.86,252.8,45469.96
8122,baby,1,0,1,0.6494,191.81,259.84,49840.79
8123,baby,1,0,1,0.7631,191.44,261.66,50091.36
8124,baby,1,0,1,0.7233,183.92,262.21,48224.68
8125,baby,1,0,1,0.7915,186.37,262.54,48929.1
8126,baby,1,0,1,0.7397,177.5,251.06,44564.14
8127,baby,1,0,1,0.7738,190.72,260.75,49730.09
8128,baby,1,0,1,0.767,184.17,256.65,47266.9
8129,baby,1,0,1,0.8004,184.94,262.97,48633.98
8130,baby,1,0,1,0.6797,182.54,261.4,47715.28
8131,baby,1,0,1,0.686,186.93,254.76,47620.85
8132,baby,1,0,1,0.7767,185.89,260.91,48499.88
8133,baby,1,0,1,0.8165,187.48,260.76,48887.52
8134,baby,1,0,1,0.8109,186.21,271.07,50475.94
8135,baby,1,0,1,0.7859,182.02,263.74,48007.04
8136,baby,1,0,1,0.8127,180,256.47,46165.01
8137,baby,1,0,1,0.7276,182.21,266.93,48636.83
8138,baby,1,0,1,0.7856,183.32,254.92,46730.41
8139,baby,1,0,1,0.6798,192.68,258.65,49835.59
8140,baby,1,0,1,0.7525,187.64,255.78,47995.44
8141,baby,1,0,1,0.6978,182.87,257.9,47161.72
8142,baby,1,0,1,0.8009,188.07,257.68,48462.47
8143,baby,1,0,1,0.7421,186.51,265.21,49464.83
8144,baby,1,0,1,0.7581,191.21,268.15,51272.48
8145,baby,1,0,1,0.8049,170.46,253.6,43227.14
8146,baby,1,0,1,0.6977,189.59,260.24,49337.51
8147,baby,1,0,1,0.7298,185.02,256.58,47473.36
8148,baby,1,0,1,0.8175,182.15,257.75,46948.56
8149,baby,1,0,1,0.7357,188.18,259.92,48912.59
8150,baby,1,0,1,0.7768,184.27,255.61,47100.81
8151,none,0,0,0,0,0,0,0
8152,baby,1,0,1,0.7071,183.78,256.32,47104.93
8153,baby,1,0,1,0.7547,190.65,259.09,49396.42
8154,baby,1,0,1,0.7698,185.23,276.31,51181.76
8155,baby,1,0,1,0.8337,184.73,254.68,47047.34
8156,baby,1,0,1,0.683,187.71,262.1,49199.72
8157,baby,1,0,1,0.7996,177.65,253.76,45079.62
8158,baby,1,0,1,0.7775,182.29,259.99,47392.1
8159,baby,1,0,1,0.7733,182.96,256.61,46949.54
8160,baby,1,0,1,0.7553,185.12,256.13,47416.15
8161,baby,1,0,1,0.7554,189.27,263.4,49854.02
8162,baby,1,0,1,0.7765,186.04,261.17,48589.28
8163,baby,1,0,1,0.6649,193.03,267.52,51640.01
8164,baby,1,0,1,0.7946,183.13,250.49,45873.95
8165,baby,1,0,1,0.6988,191.79,264.95,50814.68
8166,baby,1,0,1,0.6498,188.85,257.28,48589.15
8167,baby,1,0,1,0.7475,173.99,267.91,46613.24
8168,baby,1,0,1,0.8186,181.95,272.4,49561.88
8169,baby,1,0,1,0.6881,186.62,268.65,50135.08
8170,baby,1,0,1,0.6472,194.19,262.61,50996.25
8171,baby,1,0,1,0.7213,190.16,265.61,50507.41
8172,baby,1,0,1,0.7779,193.47,284.45,55032.18
8173,baby,1,0,1,0.7502,186.82,267.43,49959.6
8174,baby,1,0,1,0.729,191.62,273.25,52358.61
8175,baby,1,0,1,0.7811,193.49,280.93,54356.96
8176,baby,1,0,1,0.8403,181.58,278.86,50635.76
8177,baby,1,0,1,0.7369,191.15,266.63,50965.73
8178,baby,1,0,1,0.7737,192.33,259.76,49959.76
8179,baby,1,0,1,0.7124,189.43,255.73,48443.55
8180,baby,1,0,1,0.6723,193.71,267.74,51865.17
8181,baby,1,0,1,0.7074,188.07,269.2,50626.75
8182,baby,1,0,1,0.7744,186.47,268.41,50050.59
8183,baby,1,0,1,0.7556,182.36,258.36,47113.51
8184,baby,1,0,1,0.6875,182.79,267.33,48866.7
8185,baby,1,0,1,0.7984,186.17,271,50450.98
8186,baby,1,0,1,0.7737,184.91,283.26,52377.03
8187,baby,1,0,1,0.6981,190.8,264.87,50537.48
8188,baby,1,0,1,0.6825,194.12,268.88,52195.12
8189,baby,1,0,1,0.7606,193.67,275.93,53440.34
8190,baby,1,0,1,0.6692,186.17,252.52,47011.31
8191,baby,1,0,1,0.6639,189.02,263.06,49722.64
8192,baby,1,0,1,0.7413,193.14,259.48,50115.82
8193,baby,1,0,1,0.663,184.17,267.19,49208.31
8194,baby,1,0,1,0.7578,187.59,262.39,49222.71
8195,baby,1,0,1,0.7649,176.95,259.33,45888.67
8196,baby,1,0,1,0.6035,188.23,265.9,50051.75
8197,baby,1,0,1,0.7629,187.02,278.73,52126.31
8198,baby,1,0,1,0.7619,181.94,267.86,48732.88
8199,baby,1,0,1,0.7597,173.39,267.36,46356.66
8200,baby,1,0,1,0.77,170.8,270.72,46239.84
8201,baby,1,0,1,0.7371,179.51,270.03,48472.57
8202,baby,1,0,1,0.7653,178.85,260.51,46594.09
8203,baby,1,0,1,0.7818,177.49,279.02,49522.21
8204,baby,1,0,1,0.7881,174.47,262.45,45790.08
8205,baby,1,0,1,0.7344,182.16,280.04,51011.59
8206,baby,1,0,1,0.7321,175.88,277.36,48780.26
8207,baby,1,0,1,0.7724,175.55,266.05,46704.63
8208,baby,1,0,1,0.7568,181.29,274.28,49725.19
8209,baby,1,0,1,0.7897,180.43,267.65,48291.63
8210,baby,1,0,1,0.7793,167.03,260.58,43525.53
8211,baby,1,0,1,0.7753,189.53,278.15,52718.34
8212,baby,1,0,1,0.8117,178.81,265.58,47487.27
8213,baby,1,0,1,0.7413,178.15,281.85,50211.7
8214,baby,1,0,1,0.6694,184.95,272.42,50382.09
8215,baby,1,0,1,0.7738,187.22,261.69,48994.6
8216,baby,1,0,1,0.7918,181.94,261.35,47548.04
8217,baby,1,0,1,0.7724,184.95,279.77,51744.36
8218,baby,1,0,1,0.754,182.36,264.96,48316.67
8219,baby,1,0,1,0.8184,177.25,256.12,45396.83
8220,baby,1,0,1,0.6696,181.87,261.9,47632.17
8221,baby,1,0,1,0.7493,180.1,273.31,49221.63
8222,baby,1,0,1,0.7228,182.67,271.73,49638.1
8223,baby,1,0,1,0.7927,180.3,273.67,49342.09
8224,baby,1,0,1,0.6799,181.19,274.96,49820.42
8225,baby,1,0,1,0.776,179.26,282.14,50577.24
8226,baby,1,0,1,0.8007,178.68,275.42,49212.33
8227,baby,1,0,1,0.7647,186,272.73,50727.51
8228,baby,1,0,1,0.8006,186.37,266.73,49710.74
8229,baby,1,0,1,0.76,182.31,268.27,48907.88
8230,baby,1,0,1,0.7657,187.15,271.16,50747.25
8231,baby,1,0,1,0.7214,177.48,266.41,47282.22
8232,baby,1,0,1,0.7455,178.71,273.34,48848.75
8233,baby,1,0,1,0.7349,189.27,280.98,53182.63
8234,baby,1,0,1,0.7223,188.95,273.76,51728.81
8235,baby,1,0,1,0.6922,184.7,270.17,49900.67
8236,baby,1,0,1,0.7857,180.45,272.85,49235.88
8237,baby,1,0,1,0.7899,175.04,277.17,48516.81
8238,baby,1,0,1,0.7984,173.23,280.17,48533.29
8239,baby,1,0,1,0.7668,177.71,283.17,50321.55
8240,baby,1,0,1,0.771,181.26,282.76,51253.12
8241,baby,1,0,1,0.8162,178.09,279.64,49800.24
8242,baby,1,0,1,0.7995,178.52,281.72,50293.94
8243,baby,1,0,1,0.7779,177.08,281.69,49881.82
8244,baby,1,0,1,0.7849,174.68,281.06,49095.2
8245,baby,1,0,1,0.8055,176.25,285.75,50362.22
8246,baby,1,0,1,0.8178,180.47,279.98,50528.76
8247,baby,1,0,1,0.8124,175.15,283.51,49656.84
8248,baby,1,0,1,0.7731,176.63,276.03,48755.26
8249,baby,1,0,1,0.7905,176.77,275.78,48750.18
8250,baby,1,0,1,0.7816,176.92,287.46,50856.1
8251,baby,1,0,1,0.7207,185.02,278.89,51598.89
8252,baby,1,0,1,0.6596,193.03,278.51,53760.69
8253,baby,1,0,1,0.694,190.75,277.59,52950.32
8254,baby,1,0,1,0.7013,190.37,276.63,52661.26
8255,baby,1,0,1,0.7412,183.2,276.46,50645.85
8256,baby,1,0,1,0.7879,186.76,272.54,50899.38
8257,baby,1,0,1,0.7412,187.34,269.96,50574.1
8258,baby,1,0,1,0.791,173.42,256.53,44486.92
8259,baby,1,0,1,0.8266,180.21,267.98,48293.47
8260,baby,1,0,1,0.7751,184.07,266.9,49128.08
8261,baby,1,0,1,0.706,185.63,274.13,50884.9
8262,baby,1,0,1,0.7327,181.9,262.04,47665.17
8263,baby,1,0,1,0.7278,184.9,261.92,48429.58
8264,baby,1,0,1,0.7747,191.51,273.76,52428.76
8265,baby,1,0,1,0.681,190.57,270.01,51455.37
8266,baby,1,0,1,0.7038,192.06,276.96,53193.7
8267,baby,1,0,1,0.7682,189.04,274.52,51894.68
8268,baby,1,0,1,0.7057,190.54,274.87,52374.01
8269,baby,1,0,1,0.7081,184.14,260.91,48044.06
8270,baby,1,0,1,0.784,190.9,267.55,51075.34
8271,baby,1,0,1,0.6511,183.24,256.42,46986.7
8272,baby,1,0,1,0.7652,183.26,269.3,49350.77
8273,baby,1,0,1,0.7251,191.15,275.06,52577.56
8274,baby,1,0,1,0.6366,189.16,267.78,50654.12
8275,baby,1,0,1,0.7811,189.18,278.47,52680.92
8276,baby,1,0,1,0.7323,186,258.56,48090.24
8277,baby,1,0,1,0.7817,186.85,276.68,51698.14
8278,baby,1,0,1,0.6232,191.58,263.88,50553.91
8279,baby,1,0,1,0.7607,181.51,277.67,50400.13
8280,baby,1,0,1,0.6744,191.52,270.86,51873.79
8281,baby,1,0,1,0.6884,187.49,261.64,49053.64
8282,baby,1,0,1,0.7625,190.44,283.09,53911.87
8283,baby,1,0,1,0.6874,188,263.99,49630.03
8284,baby,1,0,1,0.7265,180.47,274.23,49489.15
8285,baby,1,0,1,0.7402,188.3,264.56,49817.5
8286,baby,1,0,1,0.7532,180.86,258.71,46788.83
8287,baby,1,0,1,0.7376,191.81,282.58,54201.19
8288,baby,1,0,1,0.7285,186.91,267.31,49962.95
8289,baby,1,0,1,0.7539,194.6,267.2,51995.15
8290,baby,1,0,1,0.7725,182.17,272.57,49654.73
8291,baby,1,0,1,0.6482,194.16,272.54,52916.86
8292,baby,1,0,1,0.6761,190.4,274.27,52220.03
8293,baby,1,0,1,0.7296,187.16,270.23,50575.69
8294,baby,1,0,1,0.7507,185.46,258.39,47921.89
8295,baby,1,0,1,0.6816,185.8,274.37,50978.67
8296,baby,1,0,1,0.7074,177.61,260.52,46272.02
8297,baby,1,0,1,0.7668,186.03,257.04,47816.68
8298,baby,1,0,1,0.7485,186.66,263.93,49265.33
8299,baby,1,0,1,0.7815,191.51,276.88,53024.95
8300,none,0,0,0,0,0,0,0
8301,baby,1,0,1,0.7039,187.14,255.95,47898.77
8302,none,0,0,0,0,0,0,0
8303,baby,1,0,1,0.67,194.33,273.64,53177.39
8304,baby,1,0,1,0.7819,183.11,274.76,50311.3
8305,baby,1,0,1,0.7016,189.4,252.74,47867.73
8306,baby,1,0,1,0.6854,184.66,279.12,51543.5
8307,baby,1,0,1,0.7591,181.63,262.76,47725.32
8308,baby,1,0,1,0.6863,179.26,251.49,45081.39
8309,none,0,0,0,0,0,0,0
8310,baby,1,0,1,0.7551,183.78,256.83,47199.67
8311,baby,1,0,1,0.742,184.77,264.28,48832.46
8312,baby,1,0,1,0.8018,194.06,284.94,55295.51
8313,baby,1,0,1,0.8209,188.73,272.46,51422.23
8314,baby,1,0,1,0.7732,182.18,255.82,46604.33
8315,baby,1,0,1,0.7775,181.16,269.11,48753.75
8316,baby,1,0,1,0.6978,187.36,276.26,51762.3
8317,baby,1,0,1,0.7527,188.15,269.08,50628.45
8318,baby,1,0,1,0.6278,192.36,276.63,53212.89
8319,baby,1,0,1,0.7144,183.99,285.99,52618.77
8320,baby,1,0,1,0.6987,182.93,278.63,50969.83
8321,baby,1,0,1,0.7236,187.26,265.37,49693.84
8322,baby,1,0,1,0.7874,187.22,281.75,52747.63
8323,baby,1,0,1,0.6829,183.69,279.73,51382.66
8324,baby,1,0,1,0.6718,190.42,279.39,53199.77
8325,baby,1,0,1,0.6672,183.91,276.39,50831.66
8326,baby,1,0,1,0.7367,187.58,284.31,53330.34
8327,baby,1,0,1,0.6582,189.88,287.24,54542.23
8328,baby,1,0,1,0.6891,179.72,273.07,49076.27
8329,baby,1,0,1,0.7523,187.92,266.47,50076.85
8330,baby,1,0,1,0.8326,188.3,265.08,49914.5
8331,baby,1,0,1,0.7675,189.27,266.43,50428.06
8332,baby,1,0,1,0.7506,194.18,272.97,53004.03
8333,baby,1,0,1,0.8047,181.69,272.66,49539.55
8334,baby,1,0,1,0.7219,190.36,278.29,52977.09
8335,baby,1,0,1,0.7459,187.13,260.51,48748.81
8336,baby,1,0,1,0.7411,192.54,265.49,51117.02
8337,baby,1,0,1,0.7642,187.13,262.77,49171.73
8338,baby,1,0,1,0.6322,189.66,268.93,51005.41
8339,baby,1,0,1,0.7503,187.85,286.1,53745.61
8340,baby,1,0,1,0.7397,180.63,259,46783.22
8341,none,0,0,0,0,0,0,0
8342,baby,1,0,1,0.6368,193.24,272.34,52627.54
8343,baby,1,0,1,0.7636,184.21,264.87,48791.21
8344,baby,1,0,1,0.7963,186.68,265.04,49477.48
8345,baby,1,0,1,0.6456,194.19,279.17,54211.83
8346,baby,1,0,1,0.7758,185.11,277.5,51368.38
8347,baby,1,0,1,0.6547,197.06,276.07,54402.39
8348,baby,1,0,1,0.718,179.67,268.97,48324.06
8349,baby,1,0,1,0.7747,182.4,276.68,50465.94
8350,baby,1,0,1,0.7856,185.78,284.11,52781.16
8351,baby,1,0,1,0.7895,182.94,267.51,48937.73
8352,baby,1,0,1,0.8161,183.08,267,48882.56
8353,baby,1,0,1,0.781,179.89,269.55,48488.76
8354,baby,1,0,1,0.8195,179.56,272.57,48943.65
8355,baby,1,0,1,0.7968,182.59,277.51,50669.76
8356,baby,1,0,1,0.7726,185.97,277.56,51618.51
8357,baby,1,0,1,0.7363,187.32,273.54,51237.91
8358,baby,1,0,1,0.7279,186.17,274.06,51021.27
8359,baby,1,0,1,0.803,176.55,256.13,45219.62
8360,baby,1,0,1,0.793,176.18,255.57,45026.39
8361,baby,1,0,1,0.8419,185.18,285.45,52858.19
8362,baby,1,0,1,0.7378,190.36,271.22,51630.63
8363,baby,1,0,1,0.8067,183.89,284.59,52332.63
8364,baby,1,0,1,0.7504,190.72,280.19,53436.57
8365,baby,1,0,1,0.7865,182.58,272.89,49822.9
8366,baby,1,0,1,0.7339,185.61,277.13,51438.42
8367,baby,1,0,1,0.7911,176.65,281.95,49806.2
8368,baby,1,0,1,0.7341,180.57,277.56,50119.55
8369,baby,1,0,1,0.7431,184.38,278.71,51388.55
8370,baby,1,0,1,0.7982,175.58,272.43,47834.74
8371,baby,1,0,1,0.7516,170.81,271.8,46425.35
8372,baby,1,0,1,0.8459,184.22,277.84,51184.29
8373,baby,1,0,1,0.8118,185.03,281.57,52098.52
8374,baby,1,0,1,0.8347,187.2,280.44,52498.17
8375,baby,1,0,1,0.8146,181.71,278.94,50687.13
8376,baby,1,0,1,0.7958,176.65,273.89,48383.32
8377,baby,1,0,1,0.8487,190.73,279.7,53348.57
8378,baby,1,0,1,0.8472,186.09,277.16,51575
8379,baby,1,0,1,0.8138,183.63,267.01,49030.6
8380,baby,1,0,1,0.8122,187.58,271.63,50953.73
8381,baby,1,0,1,0.825,180.73,274.66,49640.77
8382,baby,1,0,1,0.8255,187.94,272.69,51249.33
8383,baby,1,0,1,0.7862,177.57,283.51,50341.11
8384,baby,1,0,1,0.8438,179.18,277.95,49803.99
8385,baby,1,0,1,0.8417,186.93,284.21,53128.82
8386,baby,1,0,1,0.7999,193.72,278.72,53993.28
8387,baby,1,0,1,0.7076,203.83,277.58,56579.07
8388,baby,1,0,1,0.7932,185.17,266.57,49360.24
8389,baby,1,0,1,0.6759,192.41,259.52,49933.65
8390,baby,1,0,1,0.802,190.97,275.48,52609.94
8391,baby,1,0,1,0.7807,195.57,279.95,54751.48
8392,baby,1,0,1,0.6555,193.96,274.89,53318.32
8393,baby,1,0,1,0.8045,181.44,257.34,46690.43
8394,baby,1,0,1,0.8045,168.73,268.42,45290.9
8395,baby,1,0,1,0.7764,171.54,267.6,45903.49
8396,baby,1,0,1,0.7954,175.13,250.01,43783.47
8397,baby,1,0,1,0.7485,176.87,270.3,47809.57
8398,baby,1,0,1,0.762,178.31,268.39,47856.53
8399,baby,1,0,1,0.7712,172.33,255.6,44047.9
8400,baby,1,0,1,0.791,178.09,251.82,44846.31
8401,baby,1,0,1,0.8009,180.31,249.12,44919.21
8402,baby,1,0,1,0.7707,182.37,265.26,48376.67
8403,baby,1,0,1,0.8013,175,261.36,45738.07
8404,baby,1,0,1,0.8033,181.1,252.95,45810.29
8405,baby,1,0,1,0.7975,167.6,252.15,42260.97
8406,baby,1,0,1,0.812,169.03,249.55,42179.95
8407,baby,1,0,1,0.781,174.84,249.83,43681.03
8408,baby,1,0,1,0.7956,178.38,241.34,43049.6
8409,baby,1,0,1,0.816,168.38,245.16,41278.28
8410,baby,1,0,1,0.7843,177.88,245.88,43738.66
8411,baby,1,0,1,0.7921,164.05,240.79,39501.71
8412,baby,1,0,1,0.7352,178.98,241.61,43243.96
8413,baby,1,0,1,0.7282,180.71,246.89,44615.75
8414,baby,1,0,1,0.7476,179.2,254.77,45655.51
8415,baby,1,0,1,0.7593,177.52,267.66,47517.03
8416,baby,1,0,1,0.7351,176.92,256.72,45418.24
8417,none,0,0,0,0,0,0,0
8418,baby,1,0,1,0.7308,182.33,278.37,50755.33
8419,baby,1,0,1,0.7843,194.77,271.94,52966.73
8420,baby,1,0,1,0.7659,188.81,268.13,50625.95
8421,baby,1,0,1,0.7912,185.81,269.57,50087.53
8422,baby,1,0,1,0.7298,188.27,274.29,51639.24
8423,baby,1,0,1,0.7686,186.63,277.53,51795.44
8424,baby,1,0,1,0.6697,193.98,271.13,52594.82
8425,baby,1,0,1,0.7702,187.52,286.28,53683.06
8426,baby,1,0,1,0.7876,187.38,274.67,51468.23
8427,baby,1,0,1,0.7763,188.23,270.89,50991.31
8428,baby,1,0,1,0.7406,185.65,277.26,51474.82
8429,baby,1,0,1,0.7259,190.98,275.65,52643.82
8430,baby,1,0,1,0.7966,182.86,275.93,50456.73
8431,baby,1,0,1,0.7158,188.07,283.46,53308.43
8432,baby,1,0,1,0.7719,191.14,277.93,53125.52
8433,baby,1,0,1,0.7357,187.08,279.97,52376.03
8434,baby,1,0,1,0.7383,190.8,277.65,52977.01
8435,baby,1,0,1,0.8286,182.86,267.24,48867.94
8436,baby,1,0,1,0.7036,195.13,280.51,54736.93
8437,baby,1,0,1,0.6334,194.37,273.15,53092.42
8438,baby,1,0,1,0.7983,192.26,282.24,54262.53
8439,baby,1,0,1,0.7554,184.09,265.81,48932.39
8440,baby,1,0,1,0.7477,193.37,268.85,51987
8441,baby,1,0,1,0.8147,181.94,277.84,50548.16
8442,baby,1,0,1,0.821,188.24,282.13,53109
8443,baby,1,0,1,0.8245,184.11,268.21,49380.02
8444,baby,1,0,1,0.6582,195.13,269.52,52591.56
8445,baby,1,0,1,0.7503,187.72,270.7,50815.08
8446,baby,1,0,1,0.8108,187.75,264.74,49704.45
8447,baby,1,0,1,0.6801,185.82,254.03,47204.92
8448,baby,1,0,1,0.6241,209.73,277.13,58122.09
8449,baby,1,0,1,0.8275,185.1,267.6,49531.93
8450,baby,1,0,1,0.7884,187.05,274.6,51362.66
8451,baby,1,0,1,0.8011,190.94,271.24,51790.11
8452,baby,1,0,1,0.7714,183.07,271.27,49662.88
8453,baby,1,0,1,0.753,186.03,262.68,48866.83
8454,baby,1,0,1,0.647,185.08,261.12,48329.42
8455,baby,1,0,1,0.7959,182.07,261.86,47677.71
8456,baby,1,0,1,0.7678,184.82,272.25,50318.19
8457,baby,1,0,1,0.7762,188.05,262.98,49453.24
8458,baby,1,0,1,0.7793,192.07,267.41,51360.5
8459,baby,1,0,1,0.7794,182.95,259.09,47399.8
8460,baby,1,0,1,0.7843,194.51,276.93,53866.02
8461,baby,1,0,1,0.7768,186.6,259.05,48338.66
8462,baby,1,0,1,0.7818,186.36,262.08,48842.63
8463,none,0,0,0,0,0,0,0
8464,baby,1,0,1,0.6384,222.46,281.29,62575.75
8465,none,0,0,0,0,0,0,0
8466,baby,1,0,1,0.6452,216,277.23,59884.03
8467,baby,1,0,1,0.6124,223.23,269.74,60211.98
8468,baby,1,0,1,0.779,202.08,271.01,54764.84
8469,baby,1,0,1,0.6631,212.93,286.85,61077.94
8470,none,0,0,0,0,0,0,0
8471,baby,1,0,1,0.7601,189.97,264.55,50254.68
8472,none,0,0,0,0,0,0,0
8473,baby,1,0,1,0.809,194.57,268.37,52216.9
8474,baby,1,0,1,0.7136,189.68,259.42,49206.71
8475,baby,1,0,1,0.8354,189.09,269.93,51041.93
8476,baby,1,0,1,0.7125,189.27,247.6,46863.71
8477,baby,1,0,1,0.7866,192.52,255.9,49265.4
8478,baby,1,0,1,0.8199,186.54,252.66,47132.64
8479,baby,1,0,1,0.7974,185.03,261.03,48298.12
8480,baby,1,0,1,0.766,183.69,251.22,46147.36
8481,baby,1,0,1,0.7577,182.68,268.66,49077.81
8482,baby,1,0,1,0.8519,191.98,292.55,56164.32
8483,baby,1,0,1,0.8492,230.55,349.51,80580.1
8484,baby,1,0,1,0.8474,226.32,327.59,74139.25
8485,baby,1,0,1,0.7874,227.99,337.99,77058.64
8486,baby,1,0,1,0.7943,250.36,322.77,80807.13
8487,baby,1,0,1,0.8015,237.7,327.34,77806.48
8488,baby,1,0,1,0.8469,216.41,327.64,70905.45
8489,baby,1,0,1,0.8189,204.35,289.04,59066.17
8490,baby,1,0,1,0.8146,197.1,306.79,60466.88
8491,baby,1,0,1,0.8396,194.88,291.35,56778.01
8492,baby,1,0,1,0.8857,201.7,297.68,60042.7
8493,baby,1,0,1,0.8708,262.54,318.47,83611.45
8494,baby,1,0,1,0.7258,370.84,360.73,133773.78
8495,baby,1,0,1,0.8618,345.4,382.11,131983.13
8496,baby,1,0,1,0.738,359.73,330.99,119066.1
8497,baby,1,0,1,0.7214,430.73,339.58,146267.14
8498,none,0,0,0,0,0,0,0
8499,none,0,0,0,0,0,0,0
8500,empty_seat,0,1,0,0.7078,388.96,353.84,137629.87
8501,empty_seat,0,1,0,0.6667,380.74,356.08,135574.35
8502,empty_seat,0,1,0,0.616,404.6,369.18,149369.11
8503,none,0,0,0,0,0,0,0
8504,empty_seat,0,1,0,0.6232,354.3,313.23,110976.26
8505,none,0,0,0,0,0,0,0
8506,empty_seat,0,1,0,0.7309,374.09,309.52,115790.13
8507,none,0,0,0,0,0,0,0
8508,none,0,0,0,0,0,0,0
8509,empty_seat,0,1,0,0.7121,381.14,312.16,118974.52
8510,empty_seat,0,1,0,0.7371,364.35,316.55,115332.69
8511,empty_seat,0,1,0,0.7205,370.81,312.03,115704.15
8512,empty_seat,0,1,0,0.7249,362.72,311.64,113037.95
8513,empty_seat,0,1,0,0.7301,374.12,315.02,117853.22
8514,empty_seat,0,1,0,0.691,372.34,313.85,116858.87
8515,empty_seat,0,1,0,0.6934,370.87,306.45,113654.59
8516,empty_seat,0,1,0,0.7333,375.26,311,116704.9
8517,empty_seat,0,1,0,0.7115,359.45,309.2,111144.36
8518,empty_seat,0,1,0,0.6747,384.77,310.44,119449.84
8519,empty_seat,0,1,0,0.7285,378.94,312.15,118285.84
8520,empty_seat,0,1,0,0.7544,370.68,314.69,116650.93
8521,empty_seat,0,1,0,0.7382,366.31,310.48,113733.42
8522,empty_seat,0,1,0,0.7307,367.98,314.53,115742.19
8523,empty_seat,0,1,0,0.7332,364.12,308.19,112216.68
8524,empty_seat,0,1,0,0.7517,370.45,313.73,116221.4
8525,empty_seat,0,1,0,0.7165,369.74,311.76,115269.9
8526,empty_seat,0,1,0,0.7024,368.36,305.21,112428.02
8527,empty_seat,0,1,0,0.7175,368.15,310.11,114167.03
8528,empty_seat,0,1,0,0.7018,371.42,313.81,116556.45
8529,empty_seat,0,1,0,0.757,373.68,318.17,118896.15
8530,empty_seat,0,1,0,0.7276,377.98,314.7,118948.08
8531,empty_seat,0,1,0,0.7539,372.04,316.09,117595.83
8532,empty_seat,0,1,0,0.7645,371.04,311.86,115713.31
8533,empty_seat,0,1,0,0.7495,366.72,311.23,114133.7
8534,empty_seat,0,1,0,0.7575,377.43,315.52,119087.72
8535,empty_seat,0,1,0,0.6954,380.51,309.57,117793.95
8536,empty_seat,0,1,0,0.7453,366.83,314.79,115473.55
8537,empty_seat,0,1,0,0.7626,369.68,314.34,116206.46
8538,empty_seat,0,1,0,0.7254,377.98,315.13,119112.84
8539,empty_seat,0,1,0,0.698,362.98,311.88,113206.89
8540,empty_seat,0,1,0,0.7285,364.26,315.93,115081.99
8541,empty_seat,0,1,0,0.7061,363.17,313.11,113714.86
8542,empty_seat,0,1,0,0.7124,367.91,310.44,114214.28
8543,empty_seat,0,1,0,0.7338,369.58,314.94,116394.73
8544,empty_seat,0,1,0,0.741,360.9,314.27,113416.74
8545,empty_seat,0,1,0,0.7534,355.34,312.25,110952.86
8546,empty_seat,0,1,0,0.7104,380.45,312.45,118871.11
8547,empty_seat,0,1,0,0.7088,373.77,314.5,117549.45
8548,empty_seat,0,1,0,0.6881,372.48,306.63,114214.74
8549,empty_seat,0,1,0,0.726,357.14,308.2,110072
8550,empty_seat,0,1,0,0.7172,384.74,311.06,119676.73
8551,empty_seat,0,1,0,0.7089,379.13,312.14,118340.69
8552,empty_seat,0,1,0,0.7645,360.06,313.58,112906.33
8553,empty_seat,0,1,0,0.6967,364.52,313.26,114186.69
8554,empty_seat,0,1,0,0.7091,366.53,310.88,113946.51
8555,empty_seat,0,1,0,0.7235,365.82,307.08,112337.21
8556,empty_seat,0,1,0,0.7642,368.38,315.34,116164.97
8557,empty_seat,0,1,0,0.7121,367.55,307.52,113027.23
8558,empty_seat,0,1,0,0.7159,368.7,311.47,114839.89
8559,empty_seat,0,1,0,0.7234,374.62,316.82,118686.81
8560,empty_seat,0,1,0,0.7554,366.52,315.46,115621.39
8561,empty_seat,0,1,0,0.7155,373.08,310.73,115928.15
8562,empty_seat,0,1,0,0.7194,373.34,312.2,116555.39
8563,empty_seat,0,1,0,0.7319,388.7,316.32,122954.87
8564,empty_seat,0,1,0,0.75,353.03,309.08,109114.91
8565,empty_seat,0,1,0,0.7459,365.95,315,115274.06
8566,empty_seat,0,1,0,0.6492,376,309.97,116551.42
8567,empty_seat,0,1,0,0.7752,365.29,316.49,115612.6
8568,empty_seat,0,1,0,0.6682,378.69,312.09,118183.69
8569,empty_seat,0,1,0,0.694,377.5,310.43,117189.28
8570,empty_seat,0,1,0,0.734,361.8,313.81,113537.37
8571,empty_seat,0,1,0,0.7057,367.75,313.4,115252.49
8572,empty_seat,0,1,0,0.7294,363.53,313.02,113791.71
8573,empty_seat,0,1,0,0.7292,367.57,312.2,114757.82
8574,empty_seat,0,1,0,0.7594,366.15,311.99,114235.6
8575,empty_seat,0,1,0,0.7504,364.18,312.89,113949.91
8576,empty_seat,0,1,0,0.7568,361.58,314.49,113711.23
8577,empty_seat,0,1,0,0.7134,372.69,311.51,116096.68
8578,empty_seat,0,1,0,0.6995,376.94,310.16,116910.54
8579,empty_seat,0,1,0,0.7306,377.4,313.1,118161.32
8580,empty_seat,0,1,0,0.7402,367.19,312.08,114591.09
8581,empty_seat,0,1,0,0.7401,373.09,315.18,117590.24
8582,empty_seat,0,1,0,0.71,374.21,304.34,113886.85
8583,empty_seat,0,1,0,0.6795,373.56,307.84,114995.15
8584,empty_seat,0,1,0,0.6961,383.94,309.93,118994.18
8585,empty_seat,0,1,0,0.7395,354.06,311.43,110264.05
8586,empty_seat,0,1,0,0.709,376.68,313.21,117980.71
8587,empty_seat,0,1,0,0.7434,370.75,310.66,115175.41
8588,empty_seat,0,1,0,0.7452,356.61,311.5,111084.33
8589,empty_seat,0,1,0,0.7413,362.55,310.78,112673.07
8590,empty_seat,0,1,0,0.759,366.02,314.7,115187.62
8591,empty_seat,0,1,0,0.7587,357.36,304.5,108817.39
8592,empty_seat,0,1,0,0.7144,381.15,312.17,118982.96
8593,empty_seat,0,1,0,0.6993,370.12,310.93,115082.39
8594,empty_seat,0,1,0,0.7515,366.42,314.27,115152.27
8595,empty_seat,0,1,0,0.7214,380.88,310.45,118243
8596,empty_seat,0,1,0,0.7135,368.29,310.05,114188.05
8597,empty_seat,0,1,0,0.7348,363.31,312.08,113382.15
8598,empty_seat,0,1,0,0.7246,384.03,310.52,119248.9
8599,empty_seat,0,1,0,0.7398,363.87,312.34,113649.22
8600,empty_seat,0,1,0,0.7558,372.41,317.05,118070.36
8601,empty_seat,0,1,0,0.7322,375.91,312.33,117406.74
8602,empty_seat,0,1,0,0.7113,383.46,315.17,120852.83
8603,empty_seat,0,1,0,0.7259,379.61,317.28,120443.46
8604,empty_seat,0,1,0,0.7201,390.71,316.18,123533.58
8605,empty_seat,0,1,0,0.7475,368.85,315.12,116230.98
8606,empty_seat,0,1,0,0.7253,368.14,312.84,115169.3
8607,empty_seat,0,1,0,0.696,371.32,310.28,115213.38
8608,empty_seat,0,1,0,0.7227,362.27,313.63,113618.55
8609,empty_seat,0,1,0,0.7006,369.46,312.35,115400.8
8610,empty_seat,0,1,0,0.6707,371.6,309.43,114984.64
8611,empty_seat,0,1,0,0.7611,361.34,311.95,112720.54
8612,empty_seat,0,1,0,0.7415,357.46,310.66,111048.15
8613,empty_seat,0,1,0,0.7187,362.77,310.51,112640.8
8614,empty_seat,0,1,0,0.7423,357.74,313.57,112175.88
8615,empty_seat,0,1,0,0.6923,383.1,310.41,118917.7
8616,empty_seat,0,1,0,0.7189,357.34,308.81,110348.72
8617,empty_seat,0,1,0,0.6974,374.21,312.07,116781.97
8618,empty_seat,0,1,0,0.7475,370.25,317.22,117448.98
8619,empty_seat,0,1,0,0.7265,370.26,312.14,115572.83
8620,empty_seat,0,1,0,0.7546,369.81,312.48,115558.78
8621,empty_seat,0,1,0,0.7016,371.31,307.46,114164
8622,empty_seat,0,1,0,0.6614,370.17,304.71,112795.73
8623,empty_seat,0,1,0,0.6875,370.2,308.44,114185.35
8624,empty_seat,0,1,0,0.7525,376.79,313.04,117949.26
8625,empty_seat,0,1,0,0.7314,385.47,316.01,121811.88
8626,empty_seat,0,1,0,0.7515,362.41,311.88,113029.61
8627,empty_seat,0,1,0,0.6999,369.91,315.74,116794.82
8628,empty_seat,0,1,0,0.7257,365.76,312.92,114454.69
8629,empty_seat,0,1,0,0.7089,371.25,314.47,116749.67
8630,empty_seat,0,1,0,0.7254,376.56,315.9,118956.57
8631,empty_seat,0,1,0,0.7352,364.91,314.57,114790.82
8632,empty_seat,0,1,0,0.7244,365.55,315.69,115400.27
8633,empty_seat,0,1,0,0.743,359.47,312.92,112486.97
8634,empty_seat,0,1,0,0.6829,373.88,313.1,117063.09
8635,empty_seat,0,1,0,0.7176,367.18,307.18,112789.14
8636,empty_seat,0,1,0,0.6841,374.79,307.45,115228.3
8637,empty_seat,0,1,0,0.693,378.14,314.64,118976.07
8638,empty_seat,0,1,0,0.7218,360.22,311.26,112121.03
8639,empty_seat,0,1,0,0.7256,374.11,314.58,117688.48
8640,empty_seat,0,1,0,0.6842,379.71,311.79,118390.73
8641,empty_seat,0,1,0,0.692,379.59,313.39,118957.29
8642,empty_seat,0,1,0,0.7158,374.5,311.1,116506.36
8643,empty_seat,0,1,0,0.7217,367.23,313.63,115174.25
8644,empty_seat,0,1,0,0.751,370.56,313.66,116229.48
8645,empty_seat,0,1,0,0.7355,374.84,315.69,118332.86
8646,empty_seat,0,1,0,0.6805,373.18,306.93,114541.45
8647,empty_seat,0,1,0,0.7267,359.61,304.82,109618
8648,empty_seat,0,1,0,0.7112,369.87,310.03,114672.26
8649,empty_seat,0,1,0,0.7311,371.82,316.18,117563.11
8650,empty_seat,0,1,0,0.7573,366.43,311.24,114049.51
8651,empty_seat,0,1,0,0.7032,373.79,312.37,116761.17
8652,empty_seat,0,1,0,0.7134,378.17,313.15,118425.44
8653,empty_seat,0,1,0,0.724,366.59,311.48,114183.6
8654,empty_seat,0,1,0,0.7443,367.39,311.18,114323.67
8655,empty_seat,0,1,0,0.6944,364.91,313.81,114514.09
8656,empty_seat,0,1,0,0.7335,374.5,311.93,116819.22
8657,empty_seat,0,1,0,0.7205,362.76,311.28,112921.2
8658,empty_seat,0,1,0,0.6284,364.03,307.29,111861.85
8659,empty_seat,0,1,0,0.7473,371.79,313.38,116511.51
8660,empty_seat,0,1,0,0.6896,369.22,308.48,113896.87
8661,empty_seat,0,1,0,0.7264,372.19,315.86,117562.68
8662,empty_seat,0,1,0,0.7361,374.1,314.12,117512.54
8663,empty_seat,0,1,0,0.6452,377.89,309.23,116855.66
8664,empty_seat,0,1,0,0.7108,378.86,307.83,116622.9
8665,empty_seat,0,1,0,0.7151,379,309.65,117357.25
8666,empty_seat,0,1,0,0.7144,377.99,314.32,118809.79
8667,empty_seat,0,1,0,0.7256,365.99,311.8,114115.9
8668,empty_seat,0,1,0,0.7509,369.01,314.04,115883.45
8669,empty_seat,0,1,0,0.7136,366.39,310.69,113832.99
8670,empty_seat,0,1,0,0.7327,382.02,315.87,120670.87
8671,empty_seat,0,1,0,0.6677,379.08,311.65,118139.17
8672,empty_seat,0,1,0,0.6943,373.71,317.57,118681.91
8673,empty_seat,0,1,0,0.7202,368.77,311.16,114746.59
8674,empty_seat,0,1,0,0.7119,372.53,309.88,115438.94
8675,empty_seat,0,1,0,0.6905,374.68,312.35,117030.78
8676,empty_seat,0,1,0,0.7579,364.24,315.85,115045.86
8677,empty_seat,0,1,0,0.7231,367.75,311.15,114426.78
8678,empty_seat,0,1,0,0.7298,366.52,312.89,114681.64
8679,empty_seat,0,1,0,0.7191,372.02,312.92,116412.46
8680,empty_seat,0,1,0,0.7311,374.6,315.13,118048.12
8681,empty_seat,0,1,0,0.7483,363.15,313.86,113978.77
8682,empty_seat,0,1,0,0.747,381.8,316.69,120909.32
8683,empty_seat,0,1,0,0.7228,373.75,313.67,117233.73
8684,empty_seat,0,1,0,0.7618,363.83,315.48,114782.02
8685,empty_seat,0,1,0,0.742,358.43,310.4,111257.64
8686,empty_seat,0,1,0,0.6787,380.37,312.1,118711.23
8687,empty_seat,0,1,0,0.7229,382.12,312.58,119443.28
8688,empty_seat,0,1,0,0.7149,367.74,312.12,114776.61
8689,empty_seat,0,1,0,0.7631,375.58,315.7,118571.41
8690,empty_seat,0,1,0,0.6995,376.24,316.15,118946.05
8691,empty_seat,0,1,0,0.7637,357,308.84,110257.31
8692,empty_seat,0,1,0,0.7614,369.28,313.39,115729.58
8693,empty_seat,0,1,0,0.6995,374.35,304.94,114154.05
8694,empty_seat,0,1,0,0.7292,359.23,313.15,112495.29
8695,empty_seat,0,1,0,0.7576,361.85,314.97,113970.62
8696,empty_seat,0,1,0,0.7209,367.56,313.83,115353.41
8697,empty_seat,0,1,0,0.6868,373.45,315.45,117805.1
8698,empty_seat,0,1,0,0.7247,378.8,314.82,119254.94
8699,empty_seat,0,1,0,0.7588,372.37,311.45,115976.27
8700,empty_seat,0,1,0,0.7421,365.05,311.41,113683
8701,empty_seat,0,1,0,0.7331,372.63,312.16,116318.06
8702,empty_seat,0,1,0,0.7033,368.43,310.22,114291.48
8703,empty_seat,0,1,0,0.7422,375.34,315.07,118258.18
8704,empty_seat,0,1,0,0.7455,375.29,316.1,118628.77
8705,empty_seat,0,1,0,0.6925,372.8,313.57,116899.53
8706,empty_seat,0,1,0,0.7331,368.96,314.76,116132.54
8707,empty_seat,0,1,0,0.6509,374.74,311.32,116665.11
8708,empty_seat,0,1,0,0.7369,368.77,314.76,116076.21
8709,empty_seat,0,1,0,0.7549,380.46,310.37,118081.27
8710,empty_seat,0,1,0,0.7292,375.54,309.26,116139.89
8711,empty_seat,0,1,0,0.7595,374.93,313.54,117555.87
8712,empty_seat,0,1,0,0.7053,371.22,308.13,114383.79
8713,empty_seat,0,1,0,0.7324,360.66,315.44,113765.53
8714,empty_seat,0,1,0,0.7475,364.05,311.8,113512.36
8715,empty_seat,0,1,0,0.7431,383.63,312.53,119893.06
8716,empty_seat,0,1,0,0.7862,373.23,318.07,118712.47
8717,empty_seat,0,1,0,0.7328,371.56,315.08,117069.94
8718,empty_seat,0,1,0,0.6956,383.11,312.28,119639.67
8719,empty_seat,0,1,0,0.7533,379.2,314.24,119159.22
8720,empty_seat,0,1,0,0.6902,369.1,306.94,113290.22
8721,empty_seat,0,1,0,0.728,371.34,311.81,115787.05
8722,empty_seat,0,1,0,0.7206,370.53,314.24,116434.95
8723,empty_seat,0,1,0,0.7339,369.38,314.3,116097.86
8724,empty_seat,0,1,0,0.7454,371.93,315.21,117234.6
8725,empty_seat,0,1,0,0.7647,365.24,311.51,113773.5
8726,empty_seat,0,1,0,0.7551,376.65,315.59,118866.59
8727,empty_seat,0,1,0,0.7113,379.74,315.22,119703.74
8728,empty_seat,0,1,0,0.7399,365.97,306.93,112327.43
8729,empty_seat,0,1,0,0.661,376.47,310.56,116915
8730,empty_seat,0,1,0,0.7358,368.47,313.32,115449.34
8731,empty_seat,0,1,0,0.6863,377.34,313,118108.11
8732,empty_seat,0,1,0,0.6899,370.74,312.4,115818.99
8733,empty_seat,0,1,0,0.6907,375.36,309.12,116030.33
8734,empty_seat,0,1,0,0.7494,373.75,315.52,117926.61
8735,empty_seat,0,1,0,0.703,377.04,311.08,117289.23
8736,empty_seat,0,1,0,0.7167,371.84,313.12,116429.92
8737,empty_seat,0,1,0,0.762,366.27,313.47,114815.55
8738,empty_seat,0,1,0,0.7269,361.44,310.4,112193.8
8739,empty_seat,0,1,0,0.7356,373.13,310.84,115982.15
8740,empty_seat,0,1,0,0.7417,372.48,313.22,116666.54
8741,empty_seat,0,1,0,0.7269,380.83,314.33,119706.83
8742,empty_seat,0,1,0,0.738,358.55,311.56,111710.07
8743,empty_seat,0,1,0,0.7264,372.87,313.16,116767.55
8744,empty_seat,0,1,0,0.7398,358.15,308.2,110381.47
8745,empty_seat,0,1,0,0.7364,367.56,313.07,115073.71
8746,empty_seat,0,1,0,0.7611,367.17,314.63,115522.76
8747,empty_seat,0,1,0,0.7477,373.45,314.24,117352.23
8748,empty_seat,0,1,0,0.719,379.65,312.62,118685.46
8749,empty_seat,0,1,0,0.6584,366.9,304.01,111540.51
8750,empty_seat,0,1,0,0.7458,363.6,313.82,114104.03
8751,empty_seat,0,1,0,0.7439,361.06,310.29,112032.47
8752,empty_seat,0,1,0,0.6989,383.45,312.54,119846.48
8753,empty_seat,0,1,0,0.716,377.54,312.7,118056.87
8754,empty_seat,0,1,0,0.662,366.08,304.78,111573.37
8755,empty_seat,0,1,0,0.7425,376.64,312.9,117849.04
8756,empty_seat,0,1,0,0.7196,370.75,312.85,115989.39
8757,empty_seat,0,1,0,0.662,383.86,313.03,120159.65
8758,empty_seat,0,1,0,0.7446,368.68,313.98,115759.18
8759,empty_seat,0,1,0,0.6974,377.36,313.59,118334.62
8760,empty_seat,0,1,0,0.7464,366.62,309.2,113356.75
8761,empty_seat,0,1,0,0.653,360.52,303.31,109350.25
8762,empty_seat,0,1,0,0.7059,368.19,310.26,114234.32
8763,empty_seat,0,1,0,0.7421,374.62,315.12,118050.9
8764,empty_seat,0,1,0,0.7684,373.59,313.18,116997.53
8765,empty_seat,0,1,0,0.7383,367.54,309.01,113575.86
8766,empty_seat,0,1,0,0.661,386.39,310.85,120110.59
8767,empty_seat,0,1,0,0.7161,368.6,309.57,114105.91
8768,empty_seat,0,1,0,0.7586,373.06,318.86,118951.72
8769,empty_seat,0,1,0,0.7407,371.24,314.02,116579.59
8770,empty_seat,0,1,0,0.7126,372.88,311.86,116284.43
8771,empty_seat,0,1,0,0.6841,359.75,311.66,112120.98
8772,empty_seat,0,1,0,0.636,369.13,308.42,113845.11
8773,empty_seat,0,1,0,0.7591,366.42,315.28,115525.94
8774,empty_seat,0,1,0,0.7367,367.51,315.75,116039.96
8775,empty_seat,0,1,0,0.7339,355.46,312.87,111211.34
8776,empty_seat,0,1,0,0.7061,381.68,313.6,119695.42
8777,empty_seat,0,1,0,0.7733,371.26,315.28,117049.46
8778,empty_seat,0,1,0,0.7427,366.87,311.4,114242.73
8779,empty_seat,0,1,0,0.6717,366.6,313.52,114935.45
8780,empty_seat,0,1,0,0.7508,368.92,312.98,115466.39
8781,empty_seat,0,1,0,0.7377,368.53,310.47,114416.29
8782,empty_seat,0,1,0,0.7295,371.86,311.99,116016.34
8783,empty_seat,0,1,0,0.7661,371.08,314.36,116653.92
8784,empty_seat,0,1,0,0.7175,373.77,313.91,117330.96
8785,empty_seat,0,1,0,0.7176,370.83,310.58,115173.02
8786,empty_seat,0,1,0,0.6944,374.18,313.29,117226.96
8787,empty_seat,0,1,0,0.6881,375.13,313.65,117660.56
8788,empty_seat,0,1,0,0.7184,378.44,309.8,117239.48
8789,empty_seat,0,1,0,0.7365,364.27,311.35,113414.15
8790,empty_seat,0,1,0,0.7632,361.26,311.05,112368.29
8791,empty_seat,0,1,0,0.6956,376.55,311.36,117241.8
8792,empty_seat,0,1,0,0.7214,373.57,312.43,116716.5
8793,empty_seat,0,1,0,0.757,362.77,315.39,114413.69
8794,empty_seat,0,1,0,0.6949,382.01,313.91,119915.51
8795,empty_seat,0,1,0,0.7393,364.27,314.64,114616.21
8796,empty_seat,0,1,0,0.734,376.09,308.55,116045.25
8797,empty_seat,0,1,0,0.7316,376.13,313.05,117747.3
8798,empty_seat,0,1,0,0.7382,377.4,315.21,118959.52
8799,empty_seat,0,1,0,0.7541,359.84,310.06,111571.8
8800,empty_seat,0,1,0,0.7212,366.01,314.62,115155.8
8801,empty_seat,0,1,0,0.717,366.84,315.73,115822.6
8802,empty_seat,0,1,0,0.7255,370.93,315.22,116923.95
8803,empty_seat,0,1,0,0.7376,370.33,312.85,115855.33
8804,empty_seat,0,1,0,0.7216,372.43,310.18,115518.99
8805,empty_seat,0,1,0,0.7436,352.02,314.39,110671.5
8806,empty_seat,0,1,0,0.7275,368.83,311.33,114827.72
8807,empty_seat,0,1,0,0.7469,358.58,309.07,110825.53
8808,empty_seat,0,1,0,0.6579,370.98,311.67,115623.47
8809,empty_seat,0,1,0,0.6766,382.41,312.76,119602.93
8810,empty_seat,0,1,0,0.738,375.88,315.38,118544.02
8811,empty_seat,0,1,0,0.7655,377.48,313.15,118206.93
8812,empty_seat,0,1,0,0.7333,375.58,314,117933.65
8813,empty_seat,0,1,0,0.7094,372.08,311.2,115791.21
8814,empty_seat,0,1,0,0.7353,371.01,309.59,114860.62
8815,empty_seat,0,1,0,0.716,372.4,311.36,115948.89
8816,empty_seat,0,1,0,0.7174,381.85,311.51,118948.48
8817,empty_seat,0,1,0,0.7087,363.97,305.76,111287.82
8818,empty_seat,0,1,0,0.7652,370.98,319.08,118370.52
8819,empty_seat,0,1,0,0.7719,367.89,313.71,115412.37
8820,empty_seat,0,1,0,0.7138,368.28,313.11,115311.16
8821,empty_seat,0,1,0,0.6927,364.48,307.66,112135.64
8822,empty_seat,0,1,0,0.6721,379.04,312.94,118615.54
8823,empty_seat,0,1,0,0.6971,375.31,313.45,117640.04
8824,empty_seat,0,1,0,0.695,373.12,313.4,116934.49
8825,empty_seat,0,1,0,0.7455,373.58,315.97,118038.7
8826,empty_seat,0,1,0,0.6738,363.3,311.09,113018.12
8827,empty_seat,0,1,0,0.7422,368.49,313.47,115509.69
8828,empty_seat,0,1,0,0.7228,370.52,313.67,116221.64
8829,empty_seat,0,1,0,0.725,362.03,309.81,112160.36
8830,empty_seat,0,1,0,0.7544,380.77,312.52,118998.4
8831,empty_seat,0,1,0,0.7377,371.67,312.79,116254.83
8832,empty_seat,0,1,0,0.7259,384.56,311.57,119816.61
8833,empty_seat,0,1,0,0.7242,375.63,316.56,118911.88
8834,empty_seat,0,1,0,0.7475,367.09,313.24,114987.58
8835,empty_seat,0,1,0,0.732,373.37,313.62,117096.08
8836,empty_seat,0,1,0,0.7645,376.04,316.93,119177.44
8837,empty_seat,0,1,0,0.7473,367.69,313.93,115429.56
8838,empty_seat,0,1,0,0.7367,358.34,307.18,110072.83
8839,empty_seat,0,1,0,0.7614,371.08,312.79,116072.05
8840,empty_seat,0,1,0,0.6937,380.35,313.91,119392.7
8841,empty_seat,0,1,0,0.7351,370.36,308.69,114327.38
8842,empty_seat,0,1,0,0.7392,378.54,316.17,119684.95
8843,empty_seat,0,1,0,0.7382,376.25,317.17,119336.24
8844,empty_seat,0,1,0,0.6607,368.02,312.34,114944.84
8845,empty_seat,0,1,0,0.728,381.03,309.58,117958.05
8846,empty_seat,0,1,0,0.7202,389.59,316.2,123190.35
8847,empty_seat,0,1,0,0.7246,379.76,316.88,120339.2
8848,empty_seat,0,1,0,0.6948,370.1,311.92,115441.67
8849,empty_seat,0,1,0,0.7073,375.85,308.68,116015.36
8850,empty_seat,0,1,0,0.6828,377.47,313.25,118240.09
8851,empty_seat,0,1,0,0.7407,366.21,309.85,113470.08
8852,empty_seat,0,1,0,0.7441,365.38,312.51,114187.56
8853,empty_seat,0,1,0,0.6925,367.36,310.33,114001.62
8854,empty_seat,0,1,0,0.658,372.78,305.48,113877.89
8855,empty_seat,0,1,0,0.7181,376.25,315.83,118830.91
8856,empty_seat,0,1,0,0.7164,371.39,310.62,115359.1
8857,empty_seat,0,1,0,0.7332,380.68,312.91,119117.8
8858,empty_seat,0,1,0,0.7066,388.44,311.89,121151.34
8859,empty_seat,0,1,0,0.6814,381.19,311.61,118784.07
8860,empty_seat,0,1,0,0.7243,385.81,314.94,121508.5
8861,empty_seat,0,1,0,0.7286,368.68,313.61,115622.56
8862,empty_seat,0,1,0,0.748,362.19,311.28,112745.23
8863,empty_seat,0,1,0,0.7232,356.01,310.62,110583.88
8864,empty_seat,0,1,0,0.7485,353.99,309.41,109529.76
8865,empty_seat,0,1,0,0.7006,363.1,311.21,112999.92
8866,empty_seat,0,1,0,0.7511,365.74,313.31,114588.32
8867,empty_seat,0,1,0,0.7071,368.63,313.18,115447.24
8868,empty_seat,0,1,0,0.6865,368.94,310.74,114644.84
8869,empty_seat,0,1,0,0.7571,371.85,315.27,117231.84
8870,empty_seat,0,1,0,0.7328,375.45,315.01,118269.74
8871,empty_seat,0,1,0,0.7027,363.88,312.12,113575.13
8872,empty_seat,0,1,0,0.7571,359.34,313.38,112610.54
8873,empty_seat,0,1,0,0.7352,384.43,313.73,120606.13
8874,empty_seat,0,1,0,0.7144,372.6,312.06,116273.74
8875,empty_seat,0,1,0,0.7379,375.64,317.56,119287.87
8876,empty_seat,0,1,0,0.7515,367.7,310.67,114234.79
8877,empty_seat,0,1,0,0.7295,370.88,309.59,114820.64
8878,empty_seat,0,1,0,0.779,369.27,317.51,117246.8
8879,empty_seat,0,1,0,0.678,372.51,312.33,116343.89
8880,empty_seat,0,1,0,0.7199,368.06,309.39,113875.91
8881,empty_seat,0,1,0,0.6997,376.38,311.77,117341.64
8882,empty_seat,0,1,0,0.7141,364.09,311.12,113278.42
8883,empty_seat,0,1,0,0.7521,369.55,314.96,116391.57
8884,empty_seat,0,1,0,0.6955,382.52,312.48,119530.04
8885,empty_seat,0,1,0,0.7329,382.79,313.42,119973.64
8886,empty_seat,0,1,0,0.7526,379.31,312.95,118704.1
8887,empty_seat,0,1,0,0.7576,355.36,313.76,111498.94
8888,empty_seat,0,1,0,0.703,372.49,309.71,115365
8889,empty_seat,0,1,0,0.7448,366.19,312.71,114512.16
8890,empty_seat,0,1,0,0.7638,358.69,311.84,111854.27
8891,empty_seat,0,1,0,0.7064,375.07,311.7,116910.68
8892,empty_seat,0,1,0,0.7504,369.7,313.61,115939.78
8893,empty_seat,0,1,0,0.7444,366.7,312.86,114728.52
8894,empty_seat,0,1,0,0.7093,369.68,313.77,115995.45
8895,empty_seat,0,1,0,0.6894,387.01,315.41,122069.41
8896,empty_seat,0,1,0,0.7186,358.1,305.55,109416.4
8897,empty_seat,0,1,0,0.7349,377.13,315.41,118952.66
8898,empty_seat,0,1,0,0.7861,358.12,316.98,113515.95
8899,empty_seat,0,1,0,0.6928,370.5,312.65,115837.37
8900,empty_seat,0,1,0,0.7485,356.6,313.26,111708.88
8901,empty_seat,0,1,0,0.7418,374.78,317,118804.04
8902,empty_seat,0,1,0,0.7103,386.63,313.87,121354.23
8903,empty_seat,0,1,0,0.7274,373.5,317.2,118474.72
8904,empty_seat,0,1,0,0.7312,359.72,312.12,112277.14
8905,empty_seat,0,1,0,0.7395,371.52,312.7,116174.84
8906,empty_seat,0,1,0,0.6934,378.85,311.9,118161.89
8907,empty_seat,0,1,0,0.7222,369.57,310.33,114687.08
8908,empty_seat,0,1,0,0.7417,369.2,310.03,114464.57
8909,empty_seat,0,1,0,0.7418,369.91,315.46,116692.09
8910,empty_seat,0,1,0,0.7436,372.95,311.53,116186.22
8911,empty_seat,0,1,0,0.7076,383.49,309.91,118847.12
8912,empty_seat,0,1,0,0.7085,375.84,314.37,118151.87
8913,empty_seat,0,1,0,0.7235,387.8,314.45,121943.18
8914,empty_seat,0,1,0,0.6764,380.17,310.29,117961.59
8915,empty_seat,0,1,0,0.7574,366.45,312.84,114640.94
8916,empty_seat,0,1,0,0.7091,370.89,302.04,112022.33
8917,empty_seat,0,1,0,0.7006,374.3,315.79,118200.22
8918,empty_seat,0,1,0,0.6953,374.28,311.83,116713.15
8919,empty_seat,0,1,0,0.7642,367.59,312.94,115031.5
8920,empty_seat,0,1,0,0.6868,370.95,310.72,115261.94
8921,empty_seat,0,1,0,0.702,367.47,315.83,116058.55
8922,empty_seat,0,1,0,0.7543,371.73,315.41,117245.68
8923,empty_seat,0,1,0,0.7426,365.9,313.68,114774.1
8924,empty_seat,0,1,0,0.7335,369.12,309.79,114348.41
8925,empty_seat,0,1,0,0.6966,363.15,312.43,113458.62
8926,empty_seat,0,1,0,0.696,365.21,310.13,113263.95
8927,empty_seat,0,1,0,0.7274,372.98,310.62,115855.61
8928,empty_seat,0,1,0,0.7077,378.25,311.23,117720.82
8929,empty_seat,0,1,0,0.6857,374.48,311.81,116766.14
8930,empty_seat,0,1,0,0.7365,370.46,312.86,115902.51
8931,empty_seat,0,1,0,0.7496,366.46,313.89,115030.83
8932,empty_seat,0,1,0,0.7017,365.38,311.5,113815.03
8933,empty_seat,0,1,0,0.7451,379.32,316.82,120174.72
8934,empty_seat,0,1,0,0.6895,375.35,312.51,117299.76
8935,empty_seat,0,1,0,0.7117,379.49,313.35,118915.48
8936,empty_seat,0,1,0,0.7708,371.07,314.2,116588.47
8937,empty_seat,0,1,0,0.7507,362.74,313.59,113751.69
8938,empty_seat,0,1,0,0.6961,370.9,310.77,115265.07
8939,empty_seat,0,1,0,0.728,371.28,310.61,115323.8
8940,empty_seat,0,1,0,0.7392,360.72,312.41,112694.93
8941,empty_seat,0,1,0,0.758,375.75,314.71,118250.88
8942,empty_seat,0,1,0,0.7568,370.77,315.72,117061.28
8943,empty_seat,0,1,0,0.7404,368.32,310.97,114535.45
8944,empty_seat,0,1,0,0.7018,370.72,312.83,115971.67
8945,empty_seat,0,1,0,0.7314,365.99,312.85,114497.35
8946,empty_seat,0,1,0,0.7071,360.95,309.98,111887.02
8947,empty_seat,0,1,0,0.7198,379.59,315.27,119672.71
8948,empty_seat,0,1,0,0.7253,371.76,312.87,116312.73
8949,empty_seat,0,1,0,0.673,365.46,313.3,114499.38
8950,empty_seat,0,1,0,0.7545,372.39,316.43,117835
8951,empty_seat,0,1,0,0.7434,377.61,314.93,118922.32
8952,empty_seat,0,1,0,0.6982,371.84,307.74,114431.52
8953,empty_seat,0,1,0,0.7418,369.86,313.96,116122.24
8954,empty_seat,0,1,0,0.7515,358.64,311.67,111776.02
8955,empty_seat,0,1,0,0.713,357.32,305.48,109153.67
8956,empty_seat,0,1,0,0.7009,378.56,306.45,116012.51
8957,empty_seat,0,1,0,0.7044,371.73,312.4,116127.55
8958,empty_seat,0,1,0,0.7159,380.67,315.71,120181.07
8959,empty_seat,0,1,0,0.6895,371.63,309.99,115199.21
8960,empty_seat,0,1,0,0.707,370.64,312.96,115994.31
8961,empty_seat,0,1,0,0.7038,382.05,311.44,118987.21
8962,empty_seat,0,1,0,0.727,373.44,314.33,117383.08
8963,empty_seat,0,1,0,0.7193,377.52,310.34,117159.96
8964,empty_seat,0,1,0,0.6855,366.98,310.97,114120.32
8965,empty_seat,0,1,0,0.7314,369.24,312.29,115311.51
8966,empty_seat,0,1,0,0.7484,379.75,315.54,119825.55
8967,empty_seat,0,1,0,0.7314,369.54,311.65,115167.93
8968,empty_seat,0,1,0,0.6625,365.87,308.45,112852.2
8969,empty_seat,0,1,0,0.7405,378.11,312.76,118259.91
8970,empty_seat,0,1,0,0.7039,376.52,315.72,118875.47
8971,empty_seat,0,1,0,0.7524,375.36,313.85,117804.97
8972,empty_seat,0,1,0,0.7352,370.53,317.22,117542.27
8973,empty_seat,0,1,0,0.7186,366.6,311.23,114097.62
8974,empty_seat,0,1,0,0.7086,377.31,312.34,117851.42
8975,empty_seat,0,1,0,0.7061,378.72,310.3,117516.46
8976,empty_seat,0,1,0,0.7432,367.44,309.41,113689.96
8977,empty_seat,0,1,0,0.6726,377.23,310.89,117278.17
8978,empty_seat,0,1,0,0.7789,364.97,319.39,116565.66
8979,empty_seat,0,1,0,0.722,366.98,313.99,115229.59
8980,empty_seat,0,1,0,0.7399,353.19,309.32,109246.9
8981,empty_seat,0,1,0,0.6783,370.45,308.91,114435.29
8982,empty_seat,0,1,0,0.7175,361.07,310.2,112002.68
8983,empty_seat,0,1,0,0.738,383.65,315.54,121057.54
8984,empty_seat,0,1,0,0.73,379.3,312.85,118664.07
8985,empty_seat,0,1,0,0.7002,365.5,306.75,112116.96
8986,empty_seat,0,1,0,0.7004,368.04,308.63,113588.72
8987,empty_seat,0,1,0,0.7031,365.54,310.34,113441.72
8988,empty_seat,0,1,0,0.7344,364.41,311.24,113418.72
8989,empty_seat,0,1,0,0.6659,382.26,306.74,117252.3
8990,empty_seat,0,1,0,0.7347,363.2,308.39,112007.59
8991,empty_seat,0,1,0,0.738,367.83,309.51,113847.57
8992,empty_seat,0,1,0,0.7213,368.54,305,112403.5
8993,empty_seat,0,1,0,0.7062,371.18,310.01,115067.52
8994,empty_seat,0,1,0,0.7234,366.39,311.61,114173.17
8995,empty_seat,0,1,0,0.7205,369.33,312.54,115429.66
8996,empty_seat,0,1,0,0.738,362.03,313.27,113414.31
8997,empty_seat,0,1,0,0.6916,372.8,311.38,116083.51
8998,empty_seat,0,1,0,0.7251,362.59,314.74,114123.02
8999,empty_seat,0,1,0,0.7259,363.28,314.27,114165.91
9000,empty_seat,0,1,0,0.7439,368.11,312.4,114995.72
9001,empty_seat,0,1,0,0.6826,382.23,310.71,118761.59
9002,empty_seat,0,1,0,0.7597,390.78,315.54,123306.5
9003,empty_seat,0,1,0,0.7236,353.92,312.52,110607.86
9004,empty_seat,0,1,0,0.7309,367.61,314.16,115488.42
9005,empty_seat,0,1,0,0.7296,382.39,313.5,119879.73
9006,empty_seat,0,1,0,0.717,368.72,312.02,115046.16
9007,empty_seat,0,1,0,0.7455,365.9,315.55,115459.69
9008,empty_seat,0,1,0,0.7121,364.53,308.48,112451.45
9009,empty_seat,0,1,0,0.7675,355.97,309.73,110252.27
9010,empty_seat,0,1,0,0.7225,363.37,312.1,113408.07
9011,empty_seat,0,1,0,0.7493,371.14,316.26,117375.13
9012,empty_seat,0,1,0,0.7289,370.89,314.1,116496.33
9013,empty_seat,0,1,0,0.6583,376.71,305.83,115210.25
9014,empty_seat,0,1,0,0.7321,359.55,312.55,112375.65
9015,empty_seat,0,1,0,0.734,367.81,312.79,115045.55
9016,empty_seat,0,1,0,0.7677,365.27,315.21,115137.51
9017,empty_seat,0,1,0,0.752,372.37,311.14,115857.86
9018,empty_seat,0,1,0,0.7248,352.19,308.76,108742.37
9019,empty_seat,0,1,0,0.7727,376.03,318.86,119898.69
9020,empty_seat,0,1,0,0.7486,366.12,313.51,114781.15
9021,empty_seat,0,1,0,0.7172,362.26,308.4,111720.04
9022,empty_seat,0,1,0,0.732,355.84,314.91,112058.18
9023,empty_seat,0,1,0,0.7199,371.7,313.17,116405.43
9024,empty_seat,0,1,0,0.7376,369.67,311.09,115000.37
9025,empty_seat,0,1,0,0.7527,363.69,310.35,112868.78
9026,empty_seat,0,1,0,0.7405,368.09,314.26,115676.48
9027,empty_seat,0,1,0,0.7515,379.32,316.36,120004.52
9028,empty_seat,0,1,0,0.7614,364.13,313.77,114250.88
9029,empty_seat,0,1,0,0.6774,362.3,308.64,111822.09
9030,empty_seat,0,1,0,0.7361,361.77,309.09,111818.54
9031,empty_seat,0,1,0,0.662,376.06,313.03,117715.89
9032,empty_seat,0,1,0,0.7117,366.22,310.12,113572.97
9033,empty_seat,0,1,0,0.7505,371.78,312.82,116301.08
9034,empty_seat,0,1,0,0.7348,361.49,313.79,113433.01
9035,empty_seat,0,1,0,0.7225,364.21,311.64,113501.52
9036,empty_seat,0,1,0,0.6925,367.2,313.16,114991.37
9037,empty_seat,0,1,0,0.7114,368.38,311.22,114646.45
9038,empty_seat,0,1,0,0.7401,358.45,313.8,112483.87
9039,empty_seat,0,1,0,0.7321,367.3,312.71,114859.45
9040,empty_seat,0,1,0,0.6758,373.59,309.17,115501.09
9041,empty_seat,0,1,0,0.7265,368.57,314.44,115892.52
9042,empty_seat,0,1,0,0.6999,371.58,307.08,114103.37
9043,empty_seat,0,1,0,0.681,361.62,308.41,111524.72
9044,empty_seat,0,1,0,0.6824,371.17,312.18,115872.07
9045,empty_seat,0,1,0,0.7538,376.63,319.86,120467.89
9046,empty_seat,0,1,0,0.7493,376.59,317.45,119548.19
9047,empty_seat,0,1,0,0.709,370.39,313.61,116157.47
9048,empty_seat,0,1,0,0.7358,374.47,308.48,115519.02
9049,empty_seat,0,1,0,0.7396,375.68,312.77,117501.66
9050,empty_seat,0,1,0,0.7475,366.93,312.98,114839.99
9051,empty_seat,0,1,0,0.7146,374.8,312.25,117028.69
9052,empty_seat,0,1,0,0.6934,371.81,312.12,116051.05
9053,empty_seat,0,1,0,0.7115,376.19,311.3,117107.68
9054,empty_seat,0,1,0,0.7037,372.01,307.47,114381.1
9055,empty_seat,0,1,0,0.7165,379.22,313.79,118994.53
9056,empty_seat,0,1,0,0.6413,382.24,307.6,117579.13
9057,empty_seat,0,1,0,0.7188,366.66,312.44,114561.73
9058,empty_seat,0,1,0,0.745,364.19,312.45,113789.51
9059,empty_seat,0,1,0,0.729,376.51,313.7,118111.12
9060,empty_seat,0,1,0,0.7404,360.88,313.21,113029.19
9061,empty_seat,0,1,0,0.7385,360.09,305.1,109861.21
9062,empty_seat,0,1,0,0.7177,368.49,307.92,113464.07
9063,empty_seat,0,1,0,0.7533,372.82,315.13,117489.07
9064,empty_seat,0,1,0,0.7555,370.5,314.79,116629.19
9065,empty_seat,0,1,0,0.7134,382.88,314.52,120421.87
9066,empty_seat,0,1,0,0.7318,380.34,312.98,119037.67
9067,empty_seat,0,1,0,0.7253,368.23,311.61,114743.85
9068,empty_seat,0,1,0,0.7515,366.82,315.52,115736.55
9069,empty_seat,0,1,0,0.7017,374.57,312.64,117105.68
9070,empty_seat,0,1,0,0.7179,366.18,312.16,114306.67
9071,empty_seat,0,1,0,0.7003,377.32,309.35,116722.07
9072,empty_seat,0,1,0,0.7258,376.97,315.85,119066.28
9073,empty_seat,0,1,0,0.6908,379.59,311.9,118396.71
9074,empty_seat,0,1,0,0.6953,368.95,312.66,115355.19
9075,empty_seat,0,1,0,0.754,380.47,315.69,120110.97
9076,empty_seat,0,1,0,0.7121,374.91,313.87,117676.11
9077,empty_seat,0,1,0,0.7255,366.45,312.3,114440.79
9078,empty_seat,0,1,0,0.6977,370.11,312.16,115532.6
9079,empty_seat,0,1,0,0.7041,382.08,312.44,119375.92
9080,empty_seat,0,1,0,0.7041,373.58,312.86,116878.33
9081,empty_seat,0,1,0,0.7277,367.63,314.67,115681.64
9082,empty_seat,0,1,0,0.6952,377.43,312.16,117820.32
9083,empty_seat,0,1,0,0.7235,380.5,310.22,118040.83
9084,empty_seat,0,1,0,0.7319,369.19,314.77,116208.08
9085,empty_seat,0,1,0,0.7224,365.48,307.93,112544.68
9086,empty_seat,0,1,0,0.7132,379.23,312.21,118400.12
9087,empty_seat,0,1,0,0.7167,365,310.24,113239.1
9088,empty_seat,0,1,0,0.7404,360.78,310.07,111866.87
9089,empty_seat,0,1,0,0.7705,353.14,313.93,110859.8
9090,empty_seat,0,1,0,0.7301,359.22,308.59,110852.07
9091,empty_seat,0,1,0,0.6816,370.35,314.28,116394.89
9092,empty_seat,0,1,0,0.7362,369.02,314.48,116051.3
9093,empty_seat,0,1,0,0.7437,367.05,317.25,116446.42
9094,empty_seat,0,1,0,0.751,374.11,314.16,117532.46
9095,empty_seat,0,1,0,0.7409,374.69,314.36,117786.76
9096,empty_seat,0,1,0,0.7531,368.33,315.52,116214.13
9097,empty_seat,0,1,0,0.669,369.86,309.13,114332.52
9098,empty_seat,0,1,0,0.7414,367.08,312.89,114855.56
9099,empty_seat,0,1,0,0.6937,370.02,311.25,115167.89
9100,empty_seat,0,1,0,0.7156,368.83,313.24,115531.83
9101,empty_seat,0,1,0,0.7513,352.4,309.02,108898.92
9102,empty_seat,0,1,0,0.7172,382.32,311.45,119075.02
9103,empty_seat,0,1,0,0.7264,361.6,312.55,113020.03
9104,empty_seat,0,1,0,0.7652,370.68,312.9,115986.75
9105,empty_seat,0,1,0,0.7388,362.55,314.53,114032.01
9106,empty_seat,0,1,0,0.7527,364.65,314.1,114537.99
9107,empty_seat,0,1,0,0.7205,372.28,312.54,116350.98
9108,empty_seat,0,1,0,0.7345,362.53,313.95,113816.29
9109,empty_seat,0,1,0,0.7372,378.32,314.72,119063.75
9110,empty_seat,0,1,0,0.7036,383.95,313.84,120500.17
9111,empty_seat,0,1,0,0.7272,372.44,312.9,116536.93
9112,empty_seat,0,1,0,0.7281,370.62,308.49,114334.3
9113,empty_seat,0,1,0,0.7382,378.83,316.62,119946.07
9114,empty_seat,0,1,0,0.7106,366.92,310.29,113850.81
9115,empty_seat,0,1,0,0.7001,386.03,311.93,120413.77
9116,empty_seat,0,1,0,0.7095,363.99,310.86,113150.02
9117,empty_seat,0,1,0,0.7305,372.47,312.01,116216.3
9118,empty_seat,0,1,0,0.7556,355.07,307.65,109235.92
9119,empty_seat,0,1,0,0.7008,371.59,313.62,116538.41
9120,empty_seat,0,1,0,0.7523,369.54,314.98,116397.53
9121,empty_seat,0,1,0,0.6916,377.2,309.95,116912.16
9122,empty_seat,0,1,0,0.7504,378.45,316.7,119855.21
9123,empty_seat,0,1,0,0.7096,362.99,310.24,112613.89
9124,empty_seat,0,1,0,0.7615,360.73,315.56,113831.31
9125,empty_seat,0,1,0,0.7431,360.96,312.47,112788.56
9126,empty_seat,0,1,0,0.6836,375.34,313.5,117668.25
9127,empty_seat,0,1,0,0.7536,366.23,312.81,114557.83
9128,empty_seat,0,1,0,0.741,375.84,314.21,118090.02
9129,empty_seat,0,1,0,0.7271,368.74,312.04,115063.69
9130,empty_seat,0,1,0,0.7234,368.84,310.88,114665.62
9131,empty_seat,0,1,0,0.7468,374.08,316.87,118533.29
9132,empty_seat,0,1,0,0.7054,369.83,309.9,114611.27
9133,empty_seat,0,1,0,0.7509,358.2,313.17,112178.19
9134,empty_seat,0,1,0,0.7748,363.7,309.34,112506.95
9135,empty_seat,0,1,0,0.7301,367.98,313.14,115229.5
9136,empty_seat,0,1,0,0.7539,361.73,313.11,113260.63
9137,empty_seat,0,1,0,0.678,372.47,310.76,115748.73
9138,empty_seat,0,1,0,0.7511,356.19,313.22,111567
9139,empty_seat,0,1,0,0.7301,371.39,311.58,115718.35
9140,empty_seat,0,1,0,0.7174,369.37,312.46,115412.88
9141,empty_seat,0,1,0,0.7025,362.95,309.7,112405.77
9142,empty_seat,0,1,0,0.7287,368.57,309.31,114004.55
9143,empty_seat,0,1,0,0.7082,365.67,312.11,114129.75
9144,empty_seat,0,1,0,0.7285,368.56,312.08,115020.05
9145,empty_seat,0,1,0,0.6821,369.15,314.86,116231.89
9146,empty_seat,0,1,0,0.6831,377.47,310.03,117026.76
9147,empty_seat,0,1,0,0.727,367.24,304.32,111758.09
9148,empty_seat,0,1,0,0.7392,362.37,315.31,114258.41
9149,empty_seat,0,1,0,0.7328,370.04,313.52,116015.29
9150,empty_seat,0,1,0,0.726,363.19,312.59,113527.02
9151,empty_seat,0,1,0,0.7358,373.93,310.79,116212.25
9152,empty_seat,0,1,0,0.708,367.54,310.45,114103
9153,empty_seat,0,1,0,0.6655,367.06,310.39,113934.02
9154,empty_seat,0,1,0,0.652,371.89,305.23,113510.74
9155,empty_seat,0,1,0,0.7328,372.03,317.27,118031.85
9156,empty_seat,0,1,0,0.7215,373.18,310.51,115876.52
9157,empty_seat,0,1,0,0.733,364.08,313.17,114019.2
9158,empty_seat,0,1,0,0.7229,374.13,310.95,116336.48
9159,empty_seat,0,1,0,0.7022,371.21,311.04,115459.82
9160,empty_seat,0,1,0,0.7171,376.06,311.95,117309.69
9161,empty_seat,0,1,0,0.7189,382.02,316.31,120834.64
9162,empty_seat,0,1,0,0.7355,361.02,312.79,112924.04
9163,empty_seat,0,1,0,0.7072,368.69,313.58,115615.46
9164,empty_seat,0,1,0,0.722,373.88,313.12,117067.24
9165,empty_seat,0,1,0,0.7179,367.02,305.79,112230.57
9166,empty_seat,0,1,0,0.7662,356.4,315,112266.17
9167,empty_seat,0,1,0,0.7243,377.7,315.28,119082.35
9168,empty_seat,0,1,0,0.7504,366.55,311.34,114123.84
9169,empty_seat,0,1,0,0.6702,385.86,312.72,120664.11
9170,empty_seat,0,1,0,0.7363,358.3,305.48,109454.58
9171,empty_seat,0,1,0,0.7291,376.33,313.24,117881.15
9172,empty_seat,0,1,0,0.6761,366.65,312.04,114407.25
9173,empty_seat,0,1,0,0.7057,363.51,310.48,112862.47
9174,empty_seat,0,1,0,0.682,384.39,313.37,120454.35
9175,empty_seat,0,1,0,0.7647,380.09,314.93,119703.89
9176,empty_seat,0,1,0,0.7715,359.71,314.64,113180.48
9177,empty_seat,0,1,0,0.7102,372.7,313.19,116724.72
9178,empty_seat,0,1,0,0.7425,366.92,311.19,114182.65
9179,empty_seat,0,1,0,0.703,366.34,307.82,112766.11
9180,empty_seat,0,1,0,0.7046,370.95,304.38,112908.38
9181,empty_seat,0,1,0,0.6809,376.34,311.57,117256.99
9182,empty_seat,0,1,0,0.6953,370.26,304.58,112772.2
9183,empty_seat,0,1,0,0.7044,371.04,305.77,113452.81
9184,empty_seat,0,1,0,0.7082,372.53,313.23,116688.38
9185,empty_seat,0,1,0,0.7192,363.74,314.35,114342.9
9186,empty_seat,0,1,0,0.7574,375.76,317.66,119366.42
9187,empty_seat,0,1,0,0.708,361.87,310.66,112419.67
9188,empty_seat,0,1,0,0.7392,372.47,312.97,116570.82
9189,empty_seat,0,1,0,0.7016,383.02,310.29,118846.73
9190,empty_seat,0,1,0,0.7361,355.6,311.05,110611.94
9191,empty_seat,0,1,0,0.7177,380.53,312.91,119069.71
9192,empty_seat,0,1,0,0.7698,365.23,316.33,115532.25
9193,empty_seat,0,1,0,0.7072,370.05,311.78,115373.66
9194,empty_seat,0,1,0,0.7502,364.53,309.19,112710.61
9195,empty_seat,0,1,0,0.7499,378.87,318.27,120586.04
9196,empty_seat,0,1,0,0.7361,379.26,312.95,118690.28
9197,empty_seat,0,1,0,0.7323,353.87,309.92,109671.68
9198,empty_seat,0,1,0,0.6416,371.3,306.73,113889.52
9199,empty_seat,0,1,0,0.7248,363.3,314.94,114417.77
9200,empty_seat,0,1,0,0.7328,365.9,312.06,114181.2
9201,empty_seat,0,1,0,0.7156,368.42,309.8,114134.96
9202,empty_seat,0,1,0,0.728,373.43,315.18,117699.43
9203,empty_seat,0,1,0,0.7422,364.4,312.44,113850.71
9204,empty_seat,0,1,0,0.7469,371.39,315.86,117307.01
9205,empty_seat,0,1,0,0.7187,358.02,307.55,110108.87
9206,empty_seat,0,1,0,0.7506,363.75,310.76,113039.51
9207,empty_seat,0,1,0,0.7237,369.07,312.48,115328.76
9208,empty_seat,0,1,0,0.7533,364.45,314.43,114592.62
9209,empty_seat,0,1,0,0.7428,370.84,314.35,116574.73
9210,empty_seat,0,1,0,0.7044,375.69,313.12,117636.99
9211,empty_seat,0,1,0,0.7409,364.36,312.56,113886.15
9212,empty_seat,0,1,0,0.6962,375.91,314.27,118138.42
9213,empty_seat,0,1,0,0.7165,376.59,314.62,118483.14
9214,empty_seat,0,1,0,0.7334,365.14,312.36,114055.48
9215,empty_seat,0,1,0,0.6977,365.54,310.91,113648.74
9216,empty_seat,0,1,0,0.7527,366.73,311.48,114230.74
9217,empty_seat,0,1,0,0.7034,357.11,309.2,110421.01
9218,empty_seat,0,1,0,0.6937,372.75,305.83,113997.55
9219,empty_seat,0,1,0,0.7463,375.6,316.73,118963.65
9220,empty_seat,0,1,0,0.7573,370.03,313.15,115874.79
9221,empty_seat,0,1,0,0.7794,355.22,313.38,111318.28
9222,empty_seat,0,1,0,0.7255,367.19,314.2,115372.05
9223,empty_seat,0,1,0,0.7303,374.86,317.56,119040.51
9224,empty_seat,0,1,0,0.7117,354.34,306.63,108654.21
9225,empty_seat,0,1,0,0.7284,364.13,310.91,113213.11
9226,empty_seat,0,1,0,0.7035,374.09,311.41,116496.02
9227,empty_seat,0,1,0,0.7454,370.71,315.53,116970.13
9228,empty_seat,0,1,0,0.7723,347.21,310.47,107799.4
9229,empty_seat,0,1,0,0.6971,374.84,316.51,118642.31
9230,empty_seat,0,1,0,0.7217,376.93,310.07,116873.97
9231,empty_seat,0,1,0,0.7086,369.74,315.73,116739.83
9232,empty_seat,0,1,0,0.7596,382.45,317.35,121369.68
9233,empty_seat,0,1,0,0.6866,363.47,309.87,112628.17
9234,empty_seat,0,1,0,0.7283,370.91,313.08,116125.75
9235,empty_seat,0,1,0,0.6932,366.2,313.75,114895.34
9236,empty_seat,0,1,0,0.7145,366.2,306.59,112271.65
9237,empty_seat,0,1,0,0.7102,374.98,312.6,117217.52
9238,empty_seat,0,1,0,0.6856,368.24,309.08,113818.55
9239,empty_seat,0,1,0,0.7505,372.57,310.95,115850.85
9240,empty_seat,0,1,0,0.7163,362.16,308.92,111877.14
9241,empty_seat,0,1,0,0.7204,369.19,312.99,115552.38
9242,empty_seat,0,1,0,0.7605,385.23,313.58,120798.79
9243,empty_seat,0,1,0,0.7207,387.8,314.75,122062.19
9244,empty_seat,0,1,0,0.707,365.21,311.85,113890.52
9245,empty_seat,0,1,0,0.6957,373.72,310.91,116194.28
9246,empty_seat,0,1,0,0.7215,370.21,314.58,116461.55
9247,empty_seat,0,1,0,0.6551,365.91,307.52,112525.17
9248,empty_seat,0,1,0,0.7232,370.66,311.49,115458.89
9249,empty_seat,0,1,0,0.7507,366.6,314.61,115335.47
9250,empty_seat,0,1,0,0.6797,368.24,315.55,116198.54
9251,empty_seat,0,1,0,0.6875,374.77,313.41,117454.94
9252,empty_seat,0,1,0,0.7379,368.7,314.3,115882.05
9253,empty_seat,0,1,0,0.7252,367.16,313.76,115198
9254,empty_seat,0,1,0,0.7002,366.53,307.07,112550.85
9255,empty_seat,0,1,0,0.6762,373.82,311.27,116360.93
9256,empty_seat,0,1,0,0.7284,385.6,314.74,121363.66
9257,empty_seat,0,1,0,0.7471,370.54,312.64,115845.69
9258,empty_seat,0,1,0,0.6284,378.29,312.03,118036.46
9259,empty_seat,0,1,0,0.7024,362.67,312.81,113449.59
9260,empty_seat,0,1,0,0.7361,379.11,314.28,119144.52
9261,empty_seat,0,1,0,0.6697,378.79,308.58,116887.87
9262,empty_seat,0,1,0,0.7361,367.51,311.97,114650.45
9263,empty_seat,0,1,0,0.7381,373.72,313.07,117003.23
9264,empty_seat,0,1,0,0.6929,351.4,303.64,106697.07
9265,empty_seat,0,1,0,0.732,364.36,314.67,114651.77
9266,empty_seat,0,1,0,0.7272,367.67,314.09,115480.86
9267,empty_seat,0,1,0,0.6882,371.28,312.55,116043.09
9268,empty_seat,0,1,0,0.686,372.51,311.65,116092.22
9269,empty_seat,0,1,0,0.7442,364.68,311.98,113773.42
9270,empty_seat,0,1,0,0.7386,367.28,315.47,115865.77
9271,empty_seat,0,1,0,0.7249,367.89,311.83,114719.66
9272,empty_seat,0,1,0,0.7085,369.75,308.89,114211.86
9273,empty_seat,0,1,0,0.7013,373.25,312.21,116533.77
9274,empty_seat,0,1,0,0.6847,381.27,311.33,118701.66
9275,empty_seat,0,1,0,0.7751,370.43,315.46,116857.65
9276,empty_seat,0,1,0,0.719,353.4,313.78,110892
9277,empty_seat,0,1,0,0.7117,366.71,314.97,115503.6
9278,empty_seat,0,1,0,0.7487,376.3,311.45,117198.01
9279,empty_seat,0,1,0,0.7276,356.86,309.32,110385.17
9280,empty_seat,0,1,0,0.7299,374.1,311.71,116608.72
9281,empty_seat,0,1,0,0.7411,364.01,314.21,114375.08
9282,empty_seat,0,1,0,0.7348,366.04,315.14,115352.8
9283,empty_seat,0,1,0,0.7198,372.04,313.07,116473.16
9284,empty_seat,0,1,0,0.7272,366.55,311.06,114019.24
9285,empty_seat,0,1,0,0.7205,369.7,315.36,116590.73
9286,empty_seat,0,1,0,0.7751,376.04,316.25,118920.96
9287,empty_seat,0,1,0,0.7327,364.92,309.96,113109.63
9288,empty_seat,0,1,0,0.7363,372.9,310.48,115777.86
9289,empty_seat,0,1,0,0.7433,363.06,312.74,113542.78
9290,empty_seat,0,1,0,0.7284,376.22,313.48,117935.68
9291,empty_seat,0,1,0,0.7477,372.73,316.14,117831.72
9292,empty_seat,0,1,0,0.7247,362.4,300.54,108917.32
9293,empty_seat,0,1,0,0.7146,357.38,312.24,111590.07
9294,empty_seat,0,1,0,0.7245,370.5,309.05,114503.01
9295,empty_seat,0,1,0,0.697,370.74,312.51,115859.78
9296,empty_seat,0,1,0,0.736,362.22,315.95,114445.64
9297,empty_seat,0,1,0,0.7281,365.07,314.87,114950.57
9298,empty_seat,0,1,0,0.7213,358.31,311.74,111699.67
9299,empty_seat,0,1,0,0.6792,370.85,310.25,115055.39
9300,empty_seat,0,1,0,0.7419,359.94,311.29,112045.54
9301,empty_seat,0,1,0,0.6402,372.99,308.44,115042.9
9302,empty_seat,0,1,0,0.7328,377,317.93,119857.87
9303,empty_seat,0,1,0,0.6922,369.69,311.68,115224.55
9304,empty_seat,0,1,0,0.7569,368.04,314.25,115655.62
9305,empty_seat,0,1,0,0.7259,369.57,312.74,115579.28
9306,empty_seat,0,1,0,0.7465,375.07,317.2,118970
9307,empty_seat,0,1,0,0.7263,366.64,310.74,113929.91
9308,empty_seat,0,1,0,0.7399,369.46,313.38,115779.77
9309,empty_seat,0,1,0,0.705,379.85,311.81,118440.44
9310,empty_seat,0,1,0,0.7261,369.44,311.73,115165.1
9311,empty_seat,0,1,0,0.6637,377.47,315.04,118919
9312,empty_seat,0,1,0,0.7332,367.93,309.51,113877.73
9313,empty_seat,0,1,0,0.7292,383.43,313.58,120235.53
9314,empty_seat,0,1,0,0.7578,351.25,308.94,108513.6
9315,empty_seat,0,1,0,0.732,359.17,310.05,111361.13
9316,empty_seat,0,1,0,0.7234,361.2,314.83,113716.13
9317,empty_seat,0,1,0,0.7192,377.68,313.64,118455.37
9318,empty_seat,0,1,0,0.7064,367.9,313.81,115449.07
9319,empty_seat,0,1,0,0.7383,370.72,315.29,116883.57
9320,empty_seat,0,1,0,0.7333,375.75,316.36,118871.69
9321,empty_seat,0,1,0,0.73,348.2,304.51,106031.24
9322,empty_seat,0,1,0,0.7649,375.49,315.69,118538.3
9323,empty_seat,0,1,0,0.7382,361.69,311.7,112739.62
9324,empty_seat,0,1,0,0.7096,377.83,312.69,118143.58
9325,empty_seat,0,1,0,0.7273,361.12,315.16,113810.18
9326,empty_seat,0,1,0,0.7322,367.06,315.57,115832.42
9327,empty_seat,0,1,0,0.7186,368.13,309.92,114091.08
9328,empty_seat,0,1,0,0.7492,364.29,310.95,113275.67
9329,empty_seat,0,1,0,0.7402,379.07,315.54,119613.34
9330,empty_seat,0,1,0,0.7256,375.87,311.44,117059.28
9331,empty_seat,0,1,0,0.7401,348.1,307.57,107066.62
9332,empty_seat,0,1,0,0.7142,359.35,310.54,111592.61
9333,empty_seat,0,1,0,0.7496,368.54,316,116459.18
9334,empty_seat,0,1,0,0.6949,375.87,310.45,116688.98
9335,empty_seat,0,1,0,0.6817,376.53,313.24,117944.62
9336,empty_seat,0,1,0,0.7385,364.41,313.64,114295.84
9337,empty_seat,0,1,0,0.7467,377.29,316.17,119288.83
9338,empty_seat,0,1,0,0.7209,361.05,311.69,112536.25
9339,empty_seat,0,1,0,0.7539,363.01,311.52,113085.7
9340,empty_seat,0,1,0,0.7464,367.33,312.86,114923.63
9341,empty_seat,0,1,0,0.6768,365.67,311.85,114037.08
9342,empty_seat,0,1,0,0.7577,362.04,314.45,113844.19
9343,empty_seat,0,1,0,0.7312,361.77,311.97,112861.34
9344,empty_seat,0,1,0,0.731,376.13,313.22,117811.82
9345,empty_seat,0,1,0,0.7515,365.7,306.81,112201.27
9346,empty_seat,0,1,0,0.6859,374.76,317.01,118804.81
9347,empty_seat,0,1,0,0.7252,367.63,311.46,114502.57
9348,empty_seat,0,1,0,0.7374,363.42,315.04,114490.08
9349,empty_seat,0,1,0,0.701,364.38,312.71,113946.06
9350,empty_seat,0,1,0,0.6602,374.84,310.07,116226.55
9351,empty_seat,0,1,0,0.754,380.13,318.4,121033.63
9352,empty_seat,0,1,0,0.7339,368.12,311.85,114798.79
9353,empty_seat,0,1,0,0.7408,376.29,312.47,117578.58
9354,empty_seat,0,1,0,0.723,362.89,312.89,113544.07
9355,empty_seat,0,1,0,0.7653,366.4,315.71,115677.01
9356,empty_seat,0,1,0,0.7357,366.1,316.02,115695.21
9357,empty_seat,0,1,0,0.7186,369.06,312.97,115505.11
9358,empty_seat,0,1,0,0.7554,361.43,315.24,113935.12
9359,empty_seat,0,1,0,0.7422,367.99,318.4,117169.75
9360,empty_seat,0,1,0,0.7317,369.48,311.23,114995.75
9361,empty_seat,0,1,0,0.7593,368.83,312.49,115255.82
9362,empty_seat,0,1,0,0.6932,380.52,309.53,117782.79
9363,empty_seat,0,1,0,0.714,372.02,312.13,116116.86
9364,empty_seat,0,1,0,0.7349,377.02,313.92,118353.75
9365,empty_seat,0,1,0,0.76,376.63,311.77,117422.46
9366,empty_seat,0,1,0,0.7275,373.35,309.93,115712.63
9367,empty_seat,0,1,0,0.7387,361.69,314.42,113723.85
9368,empty_seat,0,1,0,0.7036,366.41,313.72,114949.03
9369,empty_seat,0,1,0,0.7042,362.93,307.67,111663.73
9370,empty_seat,0,1,0,0.7335,363.41,310.99,113015.67
9371,empty_seat,0,1,0,0.7257,363.62,314.03,114187.09
9372,empty_seat,0,1,0,0.6886,372.2,309.85,115325.64
9373,empty_seat,0,1,0,0.7329,364.39,312.73,113954.41
9374,empty_seat,0,1,0,0.7372,374.59,312.38,117014.27
9375,empty_seat,0,1,0,0.703,378.46,314.85,119157.27
9376,empty_seat,0,1,0,0.7082,380.06,314.92,119685.39
9377,empty_seat,0,1,0,0.7164,368.37,312.67,115180.98
9378,empty_seat,0,1,0,0.723,357.8,312.56,111833.71
9379,empty_seat,0,1,0,0.7455,374.51,313.18,117287.83
9380,empty_seat,0,1,0,0.6403,366.55,305.2,111870.39
9381,empty_seat,0,1,0,0.7137,367.14,312.69,114800.64
9382,empty_seat,0,1,0,0.7006,375.84,309.56,116345.17
9383,empty_seat,0,1,0,0.7505,361.6,311.71,112714.63
9384,empty_seat,0,1,0,0.7245,378.8,316.37,119841.38
9385,empty_seat,0,1,0,0.7136,369.36,315.9,116680.6
9386,empty_seat,0,1,0,0.7191,369.12,309.41,114208.2
9387,empty_seat,0,1,0,0.704,378.71,318.72,120703.46
9388,empty_seat,0,1,0,0.6728,373.2,312.73,116711.03
9389,empty_seat,0,1,0,0.732,353.96,316.05,111868.84
9390,empty_seat,0,1,0,0.6504,372.43,307.39,114482.11
9391,empty_seat,0,1,0,0.7139,371.85,311.18,115712.6
9392,empty_seat,0,1,0,0.7284,367.4,310.15,113950.53
9393,empty_seat,0,1,0,0.7539,357.09,314.01,112130.14
9394,empty_seat,0,1,0,0.7495,369.41,316.68,116984.43
9395,empty_seat,0,1,0,0.7179,369.78,315.46,116648.68
9396,empty_seat,0,1,0,0.6778,368.97,307.32,113391.2
9397,empty_seat,0,1,0,0.6679,384.65,312.34,120140.7
9398,empty_seat,0,1,0,0.7823,374.36,321.13,120219.08
9399,empty_seat,0,1,0,0.7143,370.61,313.52,116195.35
9400,empty_seat,0,1,0,0.6993,369.34,305.66,112892.55
9401,empty_seat,0,1,0,0.6621,366.82,309.99,113711.12
9402,empty_seat,0,1,0,0.6921,378.07,314.03,118724.84
9403,empty_seat,0,1,0,0.7686,368.83,315.96,116535.8
9404,empty_seat,0,1,0,0.7743,365.46,315.6,115337.08
9405,empty_seat,0,1,0,0.7,368.61,314.1,115780.57
9406,empty_seat,0,1,0,0.735,371.44,315.99,117370.33
9407,empty_seat,0,1,0,0.7054,369.24,308.36,113857.58
9408,empty_seat,0,1,0,0.7281,360.56,314.01,113220.63
9409,empty_seat,0,1,0,0.6911,369.34,313.07,115631.09
9410,empty_seat,0,1,0,0.7379,375.51,314.18,117976.77
9411,empty_seat,0,1,0,0.7251,351.35,311.07,109296.42
9412,empty_seat,0,1,0,0.7171,373.27,312.04,116475.75
9413,empty_seat,0,1,0,0.7216,378.98,311.67,118118.9
9414,empty_seat,0,1,0,0.6893,372.62,306.54,114224.86
9415,empty_seat,0,1,0,0.7146,374.08,314.82,117767.97
9416,empty_seat,0,1,0,0.7366,361.47,313.43,113294.41
9417,empty_seat,0,1,0,0.7071,356.84,314.65,112281.53
9418,empty_seat,0,1,0,0.6891,366.57,303.46,111237.41
9419,empty_seat,0,1,0,0.76,374.6,316.79,118668.73
9420,empty_seat,0,1,0,0.6741,372.52,315.42,117501.05
9421,empty_seat,0,1,0,0.7173,355.17,312.76,111080.65
9422,empty_seat,0,1,0,0.7265,371.38,315.89,117315.27
9423,empty_seat,0,1,0,0.7067,366.14,314.17,115031.28
9424,empty_seat,0,1,0,0.7255,375.71,314.84,118290.9
9425,empty_seat,0,1,0,0.7008,368.04,313.45,115363.01
9426,empty_seat,0,1,0,0.7333,376.48,312.36,117597.19
9427,empty_seat,0,1,0,0.697,381.29,315.46,120279.8
9428,empty_seat,0,1,0,0.7024,366.88,312.89,114792.04
9429,empty_seat,0,1,0,0.7079,367.42,306.03,112442.78
9430,empty_seat,0,1,0,0.6863,374.56,306.68,114872.95
9431,empty_seat,0,1,0,0.742,361.56,315.29,113995.47
9432,empty_seat,0,1,0,0.7017,377.82,314.26,118733.66
9433,empty_seat,0,1,0,0.75,357.88,311.97,111648.75
9434,empty_seat,0,1,0,0.7185,363.61,311.55,113283.02
9435,empty_seat,0,1,0,0.7334,374.02,312.68,116948.73
9436,empty_seat,0,1,0,0.737,369.09,313.88,115850.82
9437,empty_seat,0,1,0,0.726,364.19,310.56,113103.07
9438,empty_seat,0,1,0,0.6787,363.05,314.28,114098.56
9439,empty_seat,0,1,0,0.753,367.81,315.35,115987.05
9440,empty_seat,0,1,0,0.7101,360.74,308.59,111321.09
9441,empty_seat,0,1,0,0.7455,351.96,307.4,108191.53
9442,empty_seat,0,1,0,0.7386,369.56,313.34,115797.84
9443,empty_seat,0,1,0,0.6966,372.57,311.34,115996.69
9444,empty_seat,0,1,0,0.7341,363.58,313.41,113949.44
9445,empty_seat,0,1,0,0.7434,373.54,316.92,118381.18
9446,empty_seat,0,1,0,0.6607,376.67,311.84,117462.2
9447,empty_seat,0,1,0,0.7635,364.42,313.24,114152.53
9448,empty_seat,0,1,0,0.7206,372.89,315.11,117502.07
9449,empty_seat,0,1,0,0.7222,363.79,310.94,113117.43
9450,empty_seat,0,1,0,0.7004,364.29,304.6,110962.42
9451,empty_seat,0,1,0,0.7479,364.9,313.66,114452.94
9452,empty_seat,0,1,0,0.6918,380.08,313.46,119138.72
9453,empty_seat,0,1,0,0.7171,363.04,309.12,112223.26
9454,empty_seat,0,1,0,0.6565,374.6,311.66,116746.78
9455,empty_seat,0,1,0,0.675,382.44,309.58,118397.95
9456,empty_seat,0,1,0,0.6713,379.62,311.7,118327.55
9457,empty_seat,0,1,0,0.6834,363.82,307.14,111745.38
9458,empty_seat,0,1,0,0.7414,352.4,312.21,110023.4
9459,empty_seat,0,1,0,0.7295,365.5,312.15,114091.27
9460,empty_seat,0,1,0,0.6934,379.27,314.03,119102.48
9461,empty_seat,0,1,0,0.7568,365.08,317.44,115891.76
9462,empty_seat,0,1,0,0.7077,373.77,317.07,118512.54
9463,empty_seat,0,1,0,0.6969,386.36,314.83,121636.82
9464,empty_seat,0,1,0,0.7174,360.66,308.43,111238.88
9465,empty_seat,0,1,0,0.7075,348.84,305.4,106538.57
9466,empty_seat,0,1,0,0.6951,359.77,302.34,108775.23
9467,empty_seat,0,1,0,0.6999,352.08,310.96,109481.84
9468,empty_seat,0,1,0,0.7273,378.85,313.74,118862.1
9469,empty_seat,0,1,0,0.735,352.38,313.45,110453.14
9470,empty_seat,0,1,0,0.7413,365.04,313.15,114310.98
9471,empty_seat,0,1,0,0.7337,359.76,302.72,108907.94
9472,empty_seat,0,1,0,0.7626,354.22,310.01,109809.75
9473,empty_seat,0,1,0,0.708,369.4,308.81,114073.42
9474,empty_seat,0,1,0,0.7402,356.41,303.78,108271.1
9475,empty_seat,0,1,0,0.7103,378.56,308.75,116882.21
9476,empty_seat,0,1,0,0.7467,362.83,307.37,111523.89
9477,empty_seat,0,1,0,0.7163,376.74,313.31,118038.02
9478,empty_seat,0,1,0,0.7049,355.4,304.71,108294.1
9479,empty_seat,0,1,0,0.7093,359.32,312.88,112421.66
9480,empty_seat,0,1,0,0.7375,359.13,312.72,112306.69
9481,empty_seat,0,1,0,0.705,359.67,310.92,111827.92
9482,empty_seat,0,1,0,0.7795,358.97,317.14,113844.74
9483,empty_seat,0,1,0,0.6681,383.4,316.57,121375.48
9484,empty_seat,0,1,0,0.7347,366.64,313.02,114766.03
9485,empty_seat,0,1,0,0.7308,364.76,308.78,112629.37
9486,empty_seat,0,1,0,0.7133,356.05,308.36,109790.45
9487,empty_seat,0,1,0,0.7268,371.13,315.83,117211.81
9488,empty_seat,0,1,0,0.7442,375.03,317.99,119257.01
9489,empty_seat,0,1,0,0.7105,369.39,314.36,116121.12
9490,empty_seat,0,1,0,0.7236,365.52,316.79,115794.26
9491,empty_seat,0,1,0,0.7339,373.86,315.02,117774.21
9492,empty_seat,0,1,0,0.7684,352.29,313.39,110403.23
9493,empty_seat,0,1,0,0.7527,368.05,317.03,116680.69
9494,empty_seat,0,1,0,0.7463,362.28,314.35,113882.33
9495,empty_seat,0,1,0,0.7159,365.56,308.22,112674.3
9496,empty_seat,0,1,0,0.7466,353.86,311.55,110244.7
9497,empty_seat,0,1,0,0.719,380.05,316.71,120366.62
9498,empty_seat,0,1,0,0.7368,381.44,315.43,120318.8
9499,empty_seat,0,1,0,0.7168,363.77,314.2,114298.82
9500,empty_seat,0,1,0,0.7334,364.14,315.73,114968.86
9501,empty_seat,0,1,0,0.7574,379.52,316.06,119951.8
9502,empty_seat,0,1,0,0.7048,386.54,311.49,120406.08
9503,empty_seat,0,1,0,0.7117,353.92,313.71,111026.21
9504,empty_seat,0,1,0,0.7304,370.73,311.09,115331.59
9505,empty_seat,0,1,0,0.7545,366.17,313.3,114719.26
9506,empty_seat,0,1,0,0.6933,385.97,310.95,120017.39
9507,empty_seat,0,1,0,0.7436,356.38,310.63,110702.3
9508,empty_seat,0,1,0,0.7112,375.34,313.1,117519.57
9509,empty_seat,0,1,0,0.7562,374.79,313.57,117524.05
9510,empty_seat,0,1,0,0.7564,349.51,312.22,109123.1
9511,empty_seat,0,1,0,0.6861,366.04,310.37,113608.68
9512,empty_seat,0,1,0,0.7383,355.8,310.96,110640.59
9513,empty_seat,0,1,0,0.7158,369.48,315.22,116468.62
9514,empty_seat,0,1,0,0.7462,363.46,315.13,114536.22
9515,empty_seat,0,1,0,0.7195,380.04,314.35,119466.01
9516,empty_seat,0,1,0,0.7138,370.07,310.34,114848.62
9517,empty_seat,0,1,0,0.6912,377.9,309.23,116856.03
9518,empty_seat,0,1,0,0.7552,359.86,305.59,109968.85
9519,empty_seat,0,1,0,0.7123,364.89,316.49,115483.33
9520,empty_seat,0,1,0,0.7417,378.08,318.06,120251.6
9521,empty_seat,0,1,0,0.6589,375.62,313.62,117801.33
9522,empty_seat,0,1,0,0.7105,369.24,314.12,115987.38
9523,empty_seat,0,1,0,0.7413,377.73,315.19,119055.24
9524,empty_seat,0,1,0,0.7567,359.51,315.68,113489.62
9525,empty_seat,0,1,0,0.7389,360.46,312.73,112725.35
9526,empty_seat,0,1,0,0.7459,364.96,315.61,115183.3
9527,empty_seat,0,1,0,0.6675,376.39,305.79,115098.2
9528,empty_seat,0,1,0,0.746,357.11,309.45,110507.4
9529,empty_seat,0,1,0,0.7269,372.22,312.65,116376.34
9530,empty_seat,0,1,0,0.6906,372.1,316.37,117718.48
9531,empty_seat,0,1,0,0.7115,358.45,312.69,112082.61
9532,empty_seat,0,1,0,0.7487,362.08,309,111884.92
9533,empty_seat,0,1,0,0.7188,371.72,314.89,117050.63
9534,empty_seat,0,1,0,0.7658,360.11,316.42,113945.71
9535,empty_seat,0,1,0,0.741,376.19,314.89,118459.35
9536,empty_seat,0,1,0,0.7187,369.78,312.45,115535.55
9537,empty_seat,0,1,0,0.7303,368.47,312.88,115288.88
9538,empty_seat,0,1,0,0.7451,365.44,315.88,115432.72
9539,empty_seat,0,1,0,0.7547,352.98,315.55,111381.41
9540,empty_seat,0,1,0,0.7173,372.01,313.95,116793.22
9541,empty_seat,0,1,0,0.719,360.04,308,110892.91
9542,empty_seat,0,1,0,0.7554,359.64,312.71,112464.42
9543,empty_seat,0,1,0,0.6842,364.16,304.37,110838.82
9544,empty_seat,0,1,0,0.7262,365.37,310.5,113449.3
9545,empty_seat,0,1,0,0.7061,375.19,316.55,118765.68
9546,empty_seat,0,1,0,0.7135,379.37,316.17,119945.22
9547,empty_seat,0,1,0,0.6683,368.17,311.35,114630.02
9548,empty_seat,0,1,0,0.7262,379.18,313.61,118916.74
9549,empty_seat,0,1,0,0.7556,358.64,316.44,113488.21
9550,empty_seat,0,1,0,0.7203,371.94,312.59,116266.57
9551,empty_seat,0,1,0,0.7542,363.42,317.4,115351.28
9552,empty_seat,0,1,0,0.6983,371.89,313.37,116538.09
9553,empty_seat,0,1,0,0.6845,371,311.43,115541.73
9554,empty_seat,0,1,0,0.7393,367.48,314.35,115516.89
9555,empty_seat,0,1,0,0.7492,362.51,316.42,114708.16
9556,empty_seat,0,1,0,0.6813,369.62,309.83,114522.46
9557,empty_seat,0,1,0,0.6301,284,303.49,86190.43
9558,empty_seat,0,1,0,0.6964,337.66,306.47,103481.24
9559,empty_seat,0,1,0,0.7239,346.66,311.86,108110.36
9560,empty_seat,0,1,0,0.723,347.73,310.85,108092.73
9561,empty_seat,0,1,0,0.7389,341.41,310.13,105879.19
9562,empty_seat,0,1,0,0.7471,353.12,313.06,110545.61
9563,empty_seat,0,1,0,0.6936,357.19,310.44,110888.22
9564,empty_seat,0,1,0,0.6812,358.01,312.47,111867.44
9565,none,0,0,0,0,0,0,0
9566,none,0,0,0,0,0,0,0
9567,none,0,0,0,0,0,0,0
9568,none,0,0,0,0,0,0,0
9569,none,0,0,0,0,0,0,0
9570,none,0,0,0,0,0,0,0
9571,none,0,0,0,0,0,0,0
9572,none,0,0,0,0,0,0,0
9573,baby,1,0,2,0.8052,311.57,478.57,149109.38
9574,baby,1,0,1,0.7878,475.25,517.67,246026
9575,baby,1,0,1,0.8203,343.79,442.16,152009.33
9576,none,0,0,0,0,0,0,0
9577,baby,1,0,1,0.7479,294.79,443.26,130671.09
9578,none,0,0,0,0,0,0,0
9579,baby,1,0,1,0.8111,329.55,383.04,126229.21
9580,none,0,0,0,0,0,0,0
9581,none,0,0,0,0,0,0,0
9582,baby,1,0,1,0.6142,240.73,353.83,85175.64
9583,baby,1,0,1,0.7303,245.51,361.58,88771.73
9584,baby,1,0,1,0.7926,222.15,337.15,74899.67
9585,none,0,0,0,0,0,0,0
9586,baby,1,0,1,0.8115,256.87,306.28,78674.74
9587,baby,1,0,1,0.7461,234.48,339.83,79684.87
9588,baby,1,0,1,0.7726,232.85,386.28,89947.94
9589,baby,1,0,1,0.7331,226.16,351.46,79487.84
9590,baby,1,0,1,0.765,222.18,347.88,77291.74
9591,baby,1,0,1,0.709,215.96,309.92,66930.56
9592,baby,1,0,1,0.7002,204.94,392.44,80426.73
9593,none,0,0,0,0,0,0,0
9594,none,0,0,0,0,0,0,0
9595,none,0,0,0,0,0,0,0
9596,baby,1,0,1,0.6405,215.98,415.47,89731.83
9597,baby,1,0,1,0.7037,211.79,395.12,83680.78
9598,baby,1,0,1,0.7333,212.28,338.59,71875.39
9599,baby,1,0,1,0.6807,208.71,400.79,83648.22
9600,baby,1,0,1,0.7283,214.99,390.13,83876.3
9601,baby,1,0,1,0.8049,210.23,344.22,72366.83
9602,baby,1,0,1,0.6643,218.34,386.24,84333.26
9603,baby,1,0,1,0.7436,215.91,382.24,82529.62
9604,baby,1,0,1,0.637,213.19,354.31,75533.76
9605,baby,1,0,1,0.6794,218.26,397.33,86722.9
9606,baby,1,0,1,0.7724,223.34,382.74,85481.87
9607,baby,1,0,1,0.6812,222.66,335.81,74771.56
9608,none,0,0,0,0,0,0,0
9609,none,0,0,0,0,0,0,0
9610,baby,1,0,1,0.7476,221.22,371.89,82268.09
9611,baby,1,0,1,0.7568,198.71,306.35,60875.72
9612,baby,1,0,1,0.8473,215.27,317.71,68395.54
9613,baby,1,0,1,0.8343,219.48,340.13,74650.9
9614,baby,1,0,1,0.8158,202.46,319.35,64654.95
9615,baby,1,0,1,0.8033,213.72,312.39,66764.12
9616,baby,1,0,1,0.8262,210.1,317.31,66665.6
9617,baby,1,0,1,0.7762,202.83,316.53,64200.25
9618,baby,1,0,1,0.8235,204.47,316.33,64680.43
9619,baby,1,0,1,0.829,223.27,315.2,70374.9
9620,baby,1,0,1,0.746,224.48,304.01,68245.35
9621,baby,1,0,1,0.7772,218.84,312.83,68460.62
9622,baby,1,0,1,0.7972,233.5,343.04,80099.24
9623,baby,1,0,1,0.8173,231.18,349.85,80876.01
9624,baby,1,0,1,0.8095,213.61,349.9,74740.5
9625,baby,1,0,1,0.8141,218.01,346.93,75633.74
9626,baby,1,0,1,0.7983,217.78,352.18,76696.53
9627,baby,1,0,1,0.8077,225.47,346.86,78206.56
9628,baby,1,0,1,0.8195,217.99,353.17,76987.97
9629,baby,1,0,1,0.8487,219.58,354.4,77818.09
9630,baby,1,0,1,0.8428,218.73,356.26,77925.52
9631,baby,1,0,1,0.8402,248.51,356.04,88479.86
9632,baby,1,0,1,0.7646,246.74,342.99,84630.34
9633,baby,1,0,1,0.8089,242.26,318.84,77240.44
9634,baby,1,0,1,0.6851,235.36,307.22,72307.29
9635,baby,1,0,1,0.7902,230.05,327.71,75390.3
9636,baby,1,0,1,0.7941,237.45,343.14,81478.98
9637,baby,1,0,1,0.7706,243.54,323.64,78818.6
9638,baby,1,0,1,0.7813,213.73,302.05,64557.85
9639,baby,1,0,1,0.7812,213.53,334.66,71458.94
9640,baby,1,0,1,0.7598,209.75,301.82,63307.16
9641,baby,1,0,1,0.7922,209.99,319.48,67087.85
9642,baby,1,0,1,0.7922,211.8,317.52,67251.65
9643,baby,1,0,1,0.8358,213.37,308.92,65914.07
9644,baby,1,0,1,0.8393,218.89,302.34,66177.97
9645,baby,1,0,1,0.7178,220.99,335.43,74125.27
9646,none,0,0,0,0,0,0,0
9647,baby,1,0,1,0.8112,216.43,362,78346.91
9648,baby,1,0,1,0.7863,223.3,369.96,82611.34
9649,baby,1,0,1,0.8164,224.22,369.34,82813.97
9650,baby,1,0,1,0.689,222.83,371.82,82853.61
9651,baby,1,0,1,0.6494,224.72,294.63,66208.69
9652,baby,1,0,1,0.6917,214.96,368.47,79206.44
9653,none,0,0,0,0,0,0,0
9654,none,0,0,0,0,0,0,0
9655,baby,1,0,1,0.6281,292.1,317.06,92611.57
9656,none,0,0,0,0,0,0,0
9657,baby,1,0,1,0.8113,220.26,322.17,70960.66
9658,baby,1,0,1,0.7265,214.97,358.25,77011.34
9659,baby,1,0,1,0.677,224.06,358.88,80408.95
9660,baby,1,0,1,0.7643,223.36,325.49,72703.06
9661,baby,1,0,1,0.7858,227.06,334.65,75986.23
9662,baby,1,0,1,0.7759,226.01,332.1,75057.88
9663,baby,1,0,1,0.8121,218.88,338.41,74071.21
9664,baby,1,0,1,0.7049,217.6,338.91,73748.91
9665,baby,1,0,1,0.7432,231.66,318.12,73696.22
9666,baby,1,0,1,0.7967,233.22,320.18,74672.03
9667,baby,1,0,1,0.7197,222.85,318.54,70986.08
9668,baby,1,0,1,0.6671,219.83,309.65,68069.51
9669,baby,1,0,1,0.6865,224.6,317.6,71334.8
9670,baby,1,0,1,0.6677,222.81,353.89,78851.02
9671,baby,1,0,1,0.7801,222.35,330.25,73431.48
9672,baby,1,0,1,0.7101,217.02,316.28,68639.95
9673,baby,1,0,1,0.6934,210.86,274.37,57853.21
9674,baby,1,0,1,0.7358,216.79,285.02,61789.05
9675,baby,1,0,1,0.7126,218.69,273.64,59841.1
9676,baby,1,0,1,0.6862,218.32,290.81,63487.92
9677,baby,1,0,1,0.772,211,283.34,59783.92
9678,baby,1,0,1,0.6721,200.68,349.95,70226.98
9679,baby,1,0,1,0.611,198.57,253.29,50294.72
9680,none,0,0,0,0,0,0,0
9681,none,0,0,0,0,0,0,0
9682,none,0,0,0,0,0,0,0
9683,baby,1,0,1,0.6407,207.7,266.62,55376.21
9684,none,0,0,0,0,0,0,0
9685,none,0,0,0,0,0,0,0
9686,none,0,0,0,0,0,0,0
9687,none,0,0,0,0,0,0,0
9688,baby,1,0,1,0.6889,196.98,267.29,52650.53
9689,baby,1,0,1,0.7287,184.35,235.35,43386.03
9690,baby,1,0,1,0.7264,187.75,246.2,46223.99
9691,none,0,0,0,0,0,0,0
9692,baby,1,0,1,0.7797,175.49,246.45,43249.69
9693,none,0,0,0,0,0,0,0
9694,baby,1,0,1,0.6159,205.57,273.43,56209.09
9695,baby,1,0,1,0.6411,192.21,247.41,47553.68
9696,none,0,0,0,0,0,0,0
9697,none,0,0,0,0,0,0,0
9698,none,0,0,0,0,0,0,0
9699,none,0,0,0,0,0,0,0
9700,none,0,0,0,0,0,0,0
9701,none,0,0,0,0,0,0,0
9702,none,0,0,0,0,0,0,0
9703,none,0,0,0,0,0,0,0
9704,none,0,0,0,0,0,0,0
9705,none,0,0,0,0,0,0,0
9706,none,0,0,0,0,0,0,0
9707,none,0,0,0,0,0,0,0
9708,none,0,0,0,0,0,0,0
9709,none,0,0,0,0,0,0,0
9710,none,0,0,0,0,0,0,0
9711,baby,1,0,1,0.7132,204.57,318.51,65157.89
9712,baby,1,0,1,0.6701,207.31,270.85,56148.82
9713,baby,1,0,1,0.7575,212.34,374.58,79539.35
9714,baby,1,0,1,0.7132,207.45,363.31,75368.2
9715,baby,1,0,1,0.7627,196.69,277.93,54665.9
9716,baby,1,0,1,0.6919,190.33,278.17,52944.67
9717,baby,1,0,1,0.7183,190.43,274.68,52307.85
9718,baby,1,0,1,0.6298,194.98,274.08,53438.95
9719,baby,1,0,1,0.7222,171.24,273.33,46806.22
9720,none,0,0,0,0,0,0,0
9721,baby,1,0,1,0.6346,182.31,269.1,49059.33
9722,baby,1,0,1,0.7181,189.71,268.04,50849.77
9723,baby,1,0,1,0.694,190.01,276.42,52521.47
9724,baby,1,0,1,0.6578,191.12,277.83,53099.51
9725,none,0,0,0,0,0,0,0
9726,none,0,0,0,0,0,0,0
9727,none,0,0,0,0,0,0,0
9728,none,0,0,0,0,0,0,0
9729,baby,1,0,1,0.6129,192.58,271.71,52327.35
9730,none,0,0,0,0,0,0,0
9731,none,0,0,0,0,0,0,0
9732,none,0,0,0,0,0,0,0
9733,none,0,0,0,0,0,0,0
9734,none,0,0,0,0,0,0,0
9735,none,0,0,0,0,0,0,0
9736,none,0,0,0,0,0,0,0
9737,none,0,0,0,0,0,0,0
9738,none,0,0,0,0,0,0,0
9739,none,0,0,0,0,0,0,0
9740,none,0,0,0,0,0,0,0
9741,none,0,0,0,0,0,0,0
9742,none,0,0,0,0,0,0,0
9743,none,0,0,0,0,0,0,0
9744,baby,1,0,1,0.6808,196.96,262.41,51683.29
9745,baby,1,0,1,0.6947,193.68,265.03,51331.08
9746,none,0,0,0,0,0,0,0
9747,none,0,0,0,0,0,0,0
9748,none,0,0,0,0,0,0,0
9749,none,0,0,0,0,0,0,0
9750,none,0,0,0,0,0,0,0
9751,none,0,0,0,0,0,0,0
9752,none,0,0,0,0,0,0,0
9753,none,0,0,0,0,0,0,0
9754,baby,1,0,1,0.7871,185.76,264.88,49202.79
9755,none,0,0,0,0,0,0,0
9756,none,0,0,0,0,0,0,0
9757,none,0,0,0,0,0,0,0
9758,none,0,0,0,0,0,0,0
9759,none,0,0,0,0,0,0,0
9760,baby,1,0,1,0.6276,188.54,274.1,51680.49
9761,baby,1,0,1,0.7485,183.51,265.59,48738.08
9762,baby,1,0,1,0.7131,181.63,264.85,48105.57
9763,baby,1,0,1,0.7892,177.46,241.85,42917.45
9764,baby,1,0,1,0.7702,179.23,255.59,45809.26
9765,baby,1,0,1,0.6965,183.12,258.13,47268.45
9766,baby,1,0,1,0.7121,171.95,260.85,44853.29
9767,none,0,0,0,0,0,0,0
9768,baby,1,0,1,0.6241,175.16,252.02,44143.95
9769,baby,1,0,1,0.6107,178.26,250.11,44585.51
9770,baby,1,0,1,0.6856,179.72,271.22,48744.8
9771,none,0,0,0,0,0,0,0
9772,baby,1,0,1,0.6589,187.47,250.1,46888.28
9773,baby,1,0,1,0.6832,174.89,256.57,44869.72
9774,baby,1,0,1,0.6566,184.34,256.78,47334.86
9775,baby,1,0,1,0.6669,182.43,267.01,48708.83
9776,baby,1,0,1,0.6259,178.38,261.75,46690.71
9777,baby,1,0,1,0.6517,174.14,259.54,45196.76
9778,baby,1,0,1,0.6178,184.3,262.95,48461.42
9779,baby,1,0,1,0.6601,180.68,265.4,47953
9780,baby,1,0,1,0.6051,185.12,263.56,48790.32
9781,baby,1,0,1,0.7342,171.44,255.84,43860.7
9782,none,0,0,0,0,0,0,0
9783,baby,1,0,1,0.6153,182.33,255.67,46616.1
9784,baby,1,0,1,0.6994,172.79,251.29,43419.52
9785,baby,1,0,1,0.6321,172.53,258.96,44678.29
9786,none,0,0,0,0,0,0,0
9787,none,0,0,0,0,0,0,0
9788,baby,1,0,1,0.7028,179.52,253.01,45421.9
9789,baby,1,0,1,0.6233,186.19,261.62,48711.44
9790,baby,1,0,1,0.7155,181.45,276.02,50083.88
9791,none,0,0,0,0,0,0,0
9792,none,0,0,0,0,0,0,0
9793,none,0,0,0,0,0,0,0
9794,none,0,0,0,0,0,0,0
9795,none,0,0,0,0,0,0,0
9796,none,0,0,0,0,0,0,0
9797,none,0,0,0,0,0,0,0
9798,none,0,0,0,0,0,0,0
9799,none,0,0,0,0,0,0,0
9800,baby,1,0,1,0.7371,190.58,251.46,47923.46
9801,baby,1,0,1,0.7497,186.35,242.56,45200.04
9802,baby,1,0,1,0.7445,188.08,256.09,48166.73
9803,baby,1,0,1,0.7742,184.1,253.59,46686.19
9804,baby,1,0,1,0.7614,185.58,249.35,46273.63
9805,baby,1,0,1,0.6681,191.36,250.03,47846.09
9806,baby,1,0,1,0.7012,187.56,248.91,46685.22
9807,baby,1,0,1,0.7711,187.91,246.67,46351.08
9808,baby,1,0,1,0.7693,187.08,253.89,47496.79
9809,baby,1,0,1,0.741,192.52,249.23,47981.9
9810,baby,1,0,1,0.8048,193.33,248.32,48006.36
9811,baby,1,0,1,0.833,189.82,252.75,47975.97
9812,baby,1,0,1,0.7361,196.41,249.54,49010.1
9813,baby,1,0,1,0.7936,192.01,248.04,47625.76
9814,baby,1,0,1,0.8141,191.13,247.13,47234.67
9815,baby,1,0,1,0.8041,189,244.06,46128.43
9816,baby,1,0,1,0.7978,188.49,246.73,46508.24
9817,baby,1,0,1,0.759,193.84,252.34,48913.91
9818,baby,1,0,1,0.7774,189.68,247.72,46986.8
9819,baby,1,0,1,0.6955,191.78,245.78,47134.1
9820,none,0,0,0,0,0,0,0
9821,baby,1,0,1,0.6406,276.71,430.92,119239.17
9822,none,0,0,0,0,0,0,0
9823,none,0,0,0,0,0,0,0
9824,none,0,0,0,0,0,0,0
9825,none,0,0,0,0,0,0,0
9826,none,0,0,0,0,0,0,0
9827,none,0,0,0,0,0,0,0
9828,none,0,0,0,0,0,0,0
9829,none,0,0,0,0,0,0,0
9830,none,0,0,0,0,0,0,0
9831,none,0,0,0,0,0,0,0
9832,none,0,0,0,0,0,0,0
9833,none,0,0,0,0,0,0,0
9834,none,0,0,0,0,0,0,0
9835,baby,1,0,1,0.6102,186.62,231.32,43169.81
9836,none,0,0,0,0,0,0,0
9837,baby,1,0,1,0.6405,192.88,240.77,46439.63
9838,baby,1,0,1,0.6018,224.01,404.31,90571.94
9839,none,0,0,0,0,0,0,0
9840,none,0,0,0,0,0,0,0
9841,none,0,0,0,0,0,0,0
9842,none,0,0,0,0,0,0,0
9843,none,0,0,0,0,0,0,0
9844,none,0,0,0,0,0,0,0
9845,none,0,0,0,0,0,0,0
9846,none,0,0,0,0,0,0,0
9847,none,0,0,0,0,0,0,0
9848,none,0,0,0,0,0,0,0
9849,none,0,0,0,0,0,0,0
9850,none,0,0,0,0,0,0,0
9851,none,0,0,0,0,0,0,0
9852,none,0,0,0,0,0,0,0
9853,none,0,0,0,0,0,0,0
9854,baby,1,0,1,0.6057,228.3,341.01,77853.98
9855,baby,1,0,1,0.6013,229.1,327.07,74932.51
9856,none,0,0,0,0,0,0,0
9857,none,0,0,0,0,0,0,0
9858,none,0,0,0,0,0,0,0
9859,none,0,0,0,0,0,0,0
9860,baby,1,0,1,0.8361,242.42,348.07,84378.38
9861,baby,1,0,1,0.6931,319.38,389.56,124417.91
9862,none,0,0,0,0,0,0,0
9863,none,0,0,0,0,0,0,0
9864,none,0,0,0,0,0,0,0
9865,none,0,0,0,0,0,0,0
9866,none,0,0,0,0,0,0,0
9867,none,0,0,0,0,0,0,0
9868,none,0,0,0,0,0,0,0
9869,none,0,0,0,0,0,0,0
9870,none,0,0,0,0,0,0,0
9871,none,0,0,0,0,0,0,0
9872,none,0,0,0,0,0,0,0
9873,none,0,0,0,0,0,0,0
9874,none,0,0,0,0,0,0,0
9875,none,0,0,0,0,0,0,0
9876,none,0,0,0,0,0,0,0
9877,none,0,0,0,0,0,0,0
9878,none,0,0,0,0,0,0,0
9879,none,0,0,0,0,0,0,0
9880,none,0,0,0,0,0,0,0
9881,none,0,0,0,0,0,0,0
9882,none,0,0,0,0,0,0,0
9883,none,0,0,0,0,0,0,0
9884,none,0,0,0,0,0,0,0
9885,none,0,0,0,0,0,0,0
9886,none,0,0,0,0,0,0,0
9887,none,0,0,0,0,0,0,0
9888,none,0,0,0,0,0,0,0
9889,none,0,0,0,0,0,0,0
9890,none,0,0,0,0,0,0,0
9891,none,0,0,0,0,0,0,0
9892,none,0,0,0,0,0,0,0
9893,none,0,0,0,0,0,0,0
9894,none,0,0,0,0,0,0,0
9895,none,0,0,0,0,0,0,0
9896,none,0,0,0,0,0,0,0
9897,none,0,0,0,0,0,0,0
9898,none,0,0,0,0,0,0,0
9899,none,0,0,0,0,0,0,0
9900,none,0,0,0,0,0,0,0
9901,none,0,0,0,0,0,0,0
9902,none,0,0,0,0,0,0,0
9903,none,0,0,0,0,0,0,0
9904,none,0,0,0,0,0,0,0
9905,none,0,0,0,0,0,0,0
9906,none,0,0,0,0,0,0,0
9907,none,0,0,0,0,0,0,0
9908,none,0,0,0,0,0,0,0
9909,none,0,0,0,0,0,0,0
9910,none,0,0,0,0,0,0,0
9911,none,0,0,0,0,0,0,0
9912,none,0,0,0,0,0,0,0
9913,none,0,0,0,0,0,0,0
9914,none,0,0,0,0,0,0,0
9915,none,0,0,0,0,0,0,0
9916,none,0,0,0,0,0,0,0
9917,none,0,0,0,0,0,0,0
9918,none,0,0,0,0,0,0,0
9919,none,0,0,0,0,0,0,0
9920,none,0,0,0,0,0,0,0
9921,baby,1,0,1,0.6267,355.03,374.07,132804.75
9922,none,0,0,0,0,0,0,0
9923,none,0,0,0,0,0,0,0
9924,none,0,0,0,0,0,0,0
9925,none,0,0,0,0,0,0,0
9926,none,0,0,0,0,0,0,0
9927,none,0,0,0,0,0,0,0
9928,none,0,0,0,0,0,0,0
9929,none,0,0,0,0,0,0,0
9930,none,0,0,0,0,0,0,0
9931,none,0,0,0,0,0,0,0
9932,none,0,0,0,0,0,0,0
9933,none,0,0,0,0,0,0,0
9934,none,0,0,0,0,0,0,0
9935,none,0,0,0,0,0,0,0
9936,none,0,0,0,0,0,0,0
9937,none,0,0,0,0,0,0,0
9938,none,0,0,0,0,0,0,0
9939,none,0,0,0,0,0,0,0
9940,none,0,0,0,0,0,0,0
9941,none,0,0,0,0,0,0,0
9942,none,0,0,0,0,0,0,0
9943,none,0,0,0,0,0,0,0
9944,none,0,0,0,0,0,0,0
9945,none,0,0,0,0,0,0,0
9946,none,0,0,0,0,0,0,0
9947,none,0,0,0,0,0,0,0
9948,none,0,0,0,0,0,0,0
9949,none,0,0,0,0,0,0,0
9950,none,0,0,0,0,0,0,0
9951,none,0,0,0,0,0,0,0
9952,none,0,0,0,0,0,0,0
9953,none,0,0,0,0,0,0,0
9954,none,0,0,0,0,0,0,0
9955,none,0,0,0,0,0,0,0
9956,none,0,0,0,0,0,0,0
9957,none,0,0,0,0,0,0,0
9958,none,0,0,0,0,0,0,0
9959,none,0,0,0,0,0,0,0
9960,baby,1,0,1,0.6306,264.61,323.8,85679.32
9961,baby,1,0,1,0.7081,279.1,337.22,94119.19
9962,baby,1,0,1,0.7412,283.07,380.09,107591.47
9963,baby,1,0,1,0.6371,275.44,386.44,106439
9964,baby,1,0,1,0.7422,304.58,326.73,99513.84
9965,none,0,0,0,0,0,0,0
9966,none,0,0,0,0,0,0,0
9967,none,0,0,0,0,0,0,0
9968,none,0,0,0,0,0,0,0
9969,none,0,0,0,0,0,0,0
9970,none,0,0,0,0,0,0,0
9971,none,0,0,0,0,0,0,0
9972,none,0,0,0,0,0,0,0
9973,none,0,0,0,0,0,0,0
9974,none,0,0,0,0,0,0,0
9975,none,0,0,0,0,0,0,0
9976,none,0,0,0,0,0,0,0
9977,baby,1,0,1,0.7714,472.72,391.58,185106.86
9978,baby,1,0,1,0.6967,476.51,380.9,181500.86
9979,baby,1,0,1,0.6707,474.45,386.38,183319.69
9980,none,0,0,0,0,0,0,0
9981,none,0,0,0,0,0,0,0
9982,none,0,0,0,0,0,0,0
9983,none,0,0,0,0,0,0,0
9984,none,0,0,0,0,0,0,0
9985,baby,1,0,1,0.602,340.04,479.26,162968.42
9986,none,0,0,0,0,0,0,0
9987,none,0,0,0,0,0,0,0
9988,none,0,0,0,0,0,0,0
9989,baby,1,0,1,0.6587,232.81,300.96,70067.75
9990,baby,1,0,1,0.6609,232.68,385.82,89773.54
9991,none,0,0,0,0,0,0,0
9992,none,0,0,0,0,0,0,0
9993,none,0,0,0,0,0,0,0
9994,none,0,0,0,0,0,0,0
9995,none,0,0,0,0,0,0,0
9996,none,0,0,0,0,0,0,0
9997,none,0,0,0,0,0,0,0
9998,none,0,0,0,0,0,0,0
9999,none,0,0,0,0,0,0,0
10000,none,0,0,0,0,0,0,0
10001,none,0,0,0,0,0,0,0
10002,none,0,0,0,0,0,0,0
10003,none,0,0,0,0,0,0,0
10004,none,0,0,0,0,0,0,0
10005,none,0,0,0,0,0,0,0
10006,none,0,0,0,0,0,0,0
10007,none,0,0,0,0,0,0,0
10008,none,0,0,0,0,0,0,0
10009,none,0,0,0,0,0,0,0
10010,none,0,0,0,0,0,0,0
10011,none,0,0,0,0,0,0,0
10012,none,0,0,0,0,0,0,0
10013,none,0,0,0,0,0,0,0
10014,none,0,0,0,0,0,0,0
10015,none,0,0,0,0,0,0,0
10016,none,0,0,0,0,0,0,0
10017,none,0,0,0,0,0,0,0
10018,none,0,0,0,0,0,0,0
10019,none,0,0,0,0,0,0,0
10020,none,0,0,0,0,0,0,0
10021,none,0,0,0,0,0,0,0
10022,none,0,0,0,0,0,0,0
10023,none,0,0,0,0,0,0,0
10024,none,0,0,0,0,0,0,0
10025,none,0,0,0,0,0,0,0
10026,none,0,0,0,0,0,0,0
10027,none,0,0,0,0,0,0,0
10028,none,0,0,0,0,0,0,0
10029,none,0,0,0,0,0,0,0
10030,none,0,0,0,0,0,0,0
10031,none,0,0,0,0,0,0,0
10032,none,0,0,0,0,0,0,0
10033,none,0,0,0,0,0,0,0
10034,none,0,0,0,0,0,0,0
10035,none,0,0,0,0,0,0,0
10036,none,0,0,0,0,0,0,0
10037,none,0,0,0,0,0,0,0
10038,none,0,0,0,0,0,0,0
10039,baby,1,0,1,0.6242,332.15,517.45,171871.89
10040,none,0,0,0,0,0,0,0
10041,none,0,0,0,0,0,0,0
10042,none,0,0,0,0,0,0,0
10043,none,0,0,0,0,0,0,0
10044,none,0,0,0,0,0,0,0
10045,none,0,0,0,0,0,0,0
10046,none,0,0,0,0,0,0,0
10047,none,0,0,0,0,0,0,0
10048,none,0,0,0,0,0,0,0
10049,none,0,0,0,0,0,0,0
10050,none,0,0,0,0,0,0,0
10051,none,0,0,0,0,0,0,0
10052,none,0,0,0,0,0,0,0
10053,none,0,0,0,0,0,0,0
10054,none,0,0,0,0,0,0,0
10055,none,0,0,0,0,0,0,0
10056,baby,1,0,1,0.6557,350.84,280.07,98260.6
10057,baby,1,0,1,0.7356,363.25,280.68,101958.25
10058,none,0,0,0,0,0,0,0
10059,none,0,0,0,0,0,0,0
10060,none,0,0,0,0,0,0,0
10061,none,0,0,0,0,0,0,0
10062,none,0,0,0,0,0,0,0
10063,none,0,0,0,0,0,0,0
10064,none,0,0,0,0,0,0,0
10065,none,0,0,0,0,0,0,0
10066,none,0,0,0,0,0,0,0
10067,none,0,0,0,0,0,0,0
10068,none,0,0,0,0,0,0,0
10069,none,0,0,0,0,0,0,0
10070,none,0,0,0,0,0,0,0
10071,none,0,0,0,0,0,0,0
10072,none,0,0,0,0,0,0,0
10073,none,0,0,0,0,0,0,0
10074,none,0,0,0,0,0,0,0
10075,none,0,0,0,0,0,0,0
10076,none,0,0,0,0,0,0,0
10077,none,0,0,0,0,0,0,0
10078,none,0,0,0,0,0,0,0
10079,none,0,0,0,0,0,0,0
10080,none,0,0,0,0,0,0,0
10081,none,0,0,0,0,0,0,0
10082,none,0,0,0,0,0,0,0
10083,none,0,0,0,0,0,0,0
10084,none,0,0,0,0,0,0,0
10085,none,0,0,0,0,0,0,0
10086,none,0,0,0,0,0,0,0
10087,none,0,0,0,0,0,0,0
10088,none,0,0,0,0,0,0,0
10089,none,0,0,0,0,0,0,0
10090,none,0,0,0,0,0,0,0
10091,none,0,0,0,0,0,0,0
10092,none,0,0,0,0,0,0,0
10093,none,0,0,0,0,0,0,0
10094,none,0,0,0,0,0,0,0
10095,none,0,0,0,0,0,0,0
10096,none,0,0,0,0,0,0,0
10097,none,0,0,0,0,0,0,0
10098,none,0,0,0,0,0,0,0
10099,none,0,0,0,0,0,0,0
10100,none,0,0,0,0,0,0,0
10101,none,0,0,0,0,0,0,0
10102,none,0,0,0,0,0,0,0
10103,none,0,0,0,0,0,0,0
10104,none,0,0,0,0,0,0,0
10105,none,0,0,0,0,0,0,0
10106,none,0,0,0,0,0,0,0
10107,none,0,0,0,0,0,0,0
10108,none,0,0,0,0,0,0,0
10109,none,0,0,0,0,0,0,0
10110,none,0,0,0,0,0,0,0
10111,none,0,0,0,0,0,0,0
10112,none,0,0,0,0,0,0,0
10113,none,0,0,0,0,0,0,0
10114,none,0,0,0,0,0,0,0
10115,none,0,0,0,0,0,0,0
10116,none,0,0,0,0,0,0,0
10117,none,0,0,0,0,0,0,0
10118,none,0,0,0,0,0,0,0
10119,baby,1,0,1,0.604,350.83,439.56,154208.7
10120,none,0,0,0,0,0,0,0
10121,none,0,0,0,0,0,0,0
10122,none,0,0,0,0,0,0,0
10123,none,0,0,0,0,0,0,0
10124,none,0,0,0,0,0,0,0
10125,none,0,0,0,0,0,0,0
10126,none,0,0,0,0,0,0,0
10127,none,0,0,0,0,0,0,0
10128,none,0,0,0,0,0,0,0
10129,none,0,0,0,0,0,0,0
10130,none,0,0,0,0,0,0,0
10131,none,0,0,0,0,0,0,0
10132,none,0,0,0,0,0,0,0
10133,none,0,0,0,0,0,0,0
10134,none,0,0,0,0,0,0,0
10135,none,0,0,0,0,0,0,0
10136,none,0,0,0,0,0,0,0
10137,none,0,0,0,0,0,0,0
10138,none,0,0,0,0,0,0,0
10139,none,0,0,0,0,0,0,0
10140,none,0,0,0,0,0,0,0
10141,none,0,0,0,0,0,0,0
10142,none,0,0,0,0,0,0,0
10143,none,0,0,0,0,0,0,0
10144,none,0,0,0,0,0,0,0
10145,none,0,0,0,0,0,0,0
10146,none,0,0,0,0,0,0,0
10147,none,0,0,0,0,0,0,0
10148,none,0,0,0,0,0,0,0
10149,none,0,0,0,0,0,0,0
10150,none,0,0,0,0,0,0,0
10151,none,0,0,0,0,0,0,0
10152,none,0,0,0,0,0,0,0
10153,none,0,0,0,0,0,0,0
10154,none,0,0,0,0,0,0,0
10155,none,0,0,0,0,0,0,0
10156,none,0,0,0,0,0,0,0
10157,none,0,0,0,0,0,0,0
10158,none,0,0,0,0,0,0,0
10159,none,0,0,0,0,0,0,0
10160,none,0,0,0,0,0,0,0
10161,none,0,0,0,0,0,0,0
10162,none,0,0,0,0,0,0,0
10163,none,0,0,0,0,0,0,0
10164,none,0,0,0,0,0,0,0
10165,none,0,0,0,0,0,0,0
10166,none,0,0,0,0,0,0,0
10167,none,0,0,0,0,0,0,0
10168,none,0,0,0,0,0,0,0
10169,none,0,0,0,0,0,0,0
10170,none,0,0,0,0,0,0,0
10171,none,0,0,0,0,0,0,0
10172,none,0,0,0,0,0,0,0
10173,none,0,0,0,0,0,0,0
10174,none,0,0,0,0,0,0,0
10175,none,0,0,0,0,0,0,0
10176,none,0,0,0,0,0,0,0
10177,none,0,0,0,0,0,0,0
10178,none,0,0,0,0,0,0,0
10179,none,0,0,0,0,0,0,0
10180,none,0,0,0,0,0,0,0
10181,none,0,0,0,0,0,0,0
10182,none,0,0,0,0,0,0,0
10183,none,0,0,0,0,0,0,0
10184,none,0,0,0,0,0,0,0
10185,none,0,0,0,0,0,0,0
10186,none,0,0,0,0,0,0,0
10187,none,0,0,0,0,0,0,0
10188,none,0,0,0,0,0,0,0
10189,none,0,0,0,0,0,0,0
10190,baby,1,0,1,0.811,221.12,279.03,61697.74
10191,baby,1,0,1,0.6532,244.69,360.57,88225.79
10192,none,0,0,0,0,0,0,0
10193,none,0,0,0,0,0,0,0
10194,none,0,0,0,0,0,0,0
10195,none,0,0,0,0,0,0,0
10196,none,0,0,0,0,0,0,0
10197,none,0,0,0,0,0,0,0
10198,none,0,0,0,0,0,0,0
10199,none,0,0,0,0,0,0,0
10200,none,0,0,0,0,0,0,0
10201,none,0,0,0,0,0,0,0
10202,none,0,0,0,0,0,0,0
10203,none,0,0,0,0,0,0,0
10204,none,0,0,0,0,0,0,0
10205,none,0,0,0,0,0,0,0
10206,none,0,0,0,0,0,0,0
10207,none,0,0,0,0,0,0,0
10208,none,0,0,0,0,0,0,0
10209,none,0,0,0,0,0,0,0
10210,none,0,0,0,0,0,0,0
10211,none,0,0,0,0,0,0,0
10212,none,0,0,0,0,0,0,0
10213,none,0,0,0,0,0,0,0
10214,none,0,0,0,0,0,0,0
10215,none,0,0,0,0,0,0,0
10216,none,0,0,0,0,0,0,0
10217,none,0,0,0,0,0,0,0
10218,none,0,0,0,0,0,0,0
10219,none,0,0,0,0,0,0,0
10220,none,0,0,0,0,0,0,0
10221,none,0,0,0,0,0,0,0
10222,none,0,0,0,0,0,0,0
10223,none,0,0,0,0,0,0,0
10224,none,0,0,0,0,0,0,0
10225,none,0,0,0,0,0,0,0
10226,none,0,0,0,0,0,0,0
10227,none,0,0,0,0,0,0,0
10228,none,0,0,0,0,0,0,0
10229,none,0,0,0,0,0,0,0
10230,none,0,0,0,0,0,0,0
10231,none,0,0,0,0,0,0,0
10232,none,0,0,0,0,0,0,0
10233,none,0,0,0,0,0,0,0
10234,none,0,0,0,0,0,0,0
10235,none,0,0,0,0,0,0,0
10236,none,0,0,0,0,0,0,0
10237,none,0,0,0,0,0,0,0
10238,baby,1,0,1,0.7643,217.68,334.67,72850.35
10239,none,0,0,0,0,0,0,0
10240,none,0,0,0,0,0,0,0
10241,none,0,0,0,0,0,0,0
10242,none,0,0,0,0,0,0,0
10243,none,0,0,0,0,0,0,0
10244,none,0,0,0,0,0,0,0
10245,none,0,0,0,0,0,0,0
10246,none,0,0,0,0,0,0,0
10247,none,0,0,0,0,0,0,0
10248,none,0,0,0,0,0,0,0
10249,none,0,0,0,0,0,0,0
10250,none,0,0,0,0,0,0,0
10251,none,0,0,0,0,0,0,0
10252,none,0,0,0,0,0,0,0
10253,none,0,0,0,0,0,0,0
10254,none,0,0,0,0,0,0,0
10255,none,0,0,0,0,0,0,0
10256,none,0,0,0,0,0,0,0
10257,none,0,0,0,0,0,0,0
10258,none,0,0,0,0,0,0,0
10259,none,0,0,0,0,0,0,0
10260,none,0,0,0,0,0,0,0
10261,none,0,0,0,0,0,0,0
10262,none,0,0,0,0,0,0,0
10263,none,0,0,0,0,0,0,0
10264,none,0,0,0,0,0,0,0
10265,none,0,0,0,0,0,0,0
10266,baby,1,0,1,0.6879,250.27,544.03,136154.48
10267,none,0,0,0,0,0,0,0
10268,none,0,0,0,0,0,0,0
10269,none,0,0,0,0,0,0,0
10270,baby,1,0,1,0.6337,200.92,474.13,95263.43
10271,none,0,0,0,0,0,0,0
10272,none,0,0,0,0,0,0,0
10273,none,0,0,0,0,0,0,0
10274,none,0,0,0,0,0,0,0
10275,none,0,0,0,0,0,0,0
10276,none,0,0,0,0,0,0,0
10277,none,0,0,0,0,0,0,0
10278,none,0,0,0,0,0,0,0
10279,none,0,0,0,0,0,0,0
10280,none,0,0,0,0,0,0,0
10281,none,0,0,0,0,0,0,0
10282,none,0,0,0,0,0,0,0
10283,none,0,0,0,0,0,0,0
10284,none,0,0,0,0,0,0,0
10285,none,0,0,0,0,0,0,0
10286,baby,1,0,1,0.7264,256.64,565.53,145138.82
10287,none,0,0,0,0,0,0,0
10288,none,0,0,0,0,0,0,0
10289,none,0,0,0,0,0,0,0
10290,none,0,0,0,0,0,0,0
10291,none,0,0,0,0,0,0,0
10292,none,0,0,0,0,0,0,0
10293,none,0,0,0,0,0,0,0
10294,none,0,0,0,0,0,0,0
10295,none,0,0,0,0,0,0,0
10296,none,0,0,0,0,0,0,0
10297,none,0,0,0,0,0,0,0
10298,none,0,0,0,0,0,0,0
10299,none,0,0,0,0,0,0,0
10300,none,0,0,0,0,0,0,0
10301,none,0,0,0,0,0,0,0
10302,none,0,0,0,0,0,0,0
10303,none,0,0,0,0,0,0,0
10304,none,0,0,0,0,0,0,0
10305,baby,1,0,1,0.7727,325.51,563.34,183373.18
10306,baby,1,0,1,0.6902,309.9,560.35,173651.62
10307,baby,1,0,1,0.8042,339.95,562.81,191325.91
10308,baby,1,0,1,0.705,324.6,484.2,157170.77
10309,baby,1,0,1,0.6956,321.05,576.17,184983.14
10310,baby,1,0,1,0.6137,331.67,520.87,172757.41
10311,baby,1,0,1,0.7494,328.13,416.51,136672.47
10312,baby,1,0,1,0.6234,313.54,405.63,127184.49
10313,baby,1,0,1,0.7266,317.61,408.08,129609.22
10314,baby,1,0,1,0.7561,339.07,401.7,136203.53
10315,baby,1,0,1,0.7395,268.33,401.3,107681.79
10316,baby,1,0,1,0.7562,282.96,436.02,123377.91
10317,baby,1,0,1,0.7562,277.29,415.7,115267.68
10318,baby,1,0,1,0.7722,297.31,414.93,123361.76
10319,baby,1,0,1,0.6559,308.64,417.09,128731.94
10320,baby,1,0,1,0.6514,346.46,398.98,138229.67
10321,baby,1,0,1,0.7024,270.69,427.81,115801.33
10322,baby,1,0,1,0.705,245.41,451.53,110812.39
10323,baby,1,0,1,0.6975,388.67,455.63,177089.51
10324,none,0,0,0,0,0,0,0
10325,none,0,0,0,0,0,0,0
10326,baby,1,0,1,0.6762,403.86,450.1,181780.2
10327,baby,1,0,1,0.799,393.18,442.98,174172.29
10328,baby,1,0,1,0.85,370.15,421.93,156178.42
10329,baby,1,0,1,0.8786,362.48,535.54,194122.97
10330,baby,1,0,3,0.8865,384.05,620.22,238198.05
10331,baby,1,0,1,0.702,380.73,626.05,238353.1
10332,baby,1,0,1,0.8049,371.88,626.65,233039.01
10333,baby,1,0,1,0.8175,374.75,631.12,236513.74
10334,baby,1,0,1,0.8386,374.58,593.28,222228.17
10335,baby,1,0,1,0.8293,382.59,623.32,238475.07
10336,baby,1,0,1,0.7777,370.03,601.6,222608.93
10337,baby,1,0,1,0.825,376.32,638.2,240169.98
10338,baby,1,0,1,0.7275,364.97,587.02,214242.59
10339,baby,1,0,1,0.7834,384.71,632.41,243291.25
10340,baby,1,0,1,0.7519,366.21,595.76,218175.91
10341,baby,1,0,1,0.6934,377.68,613.5,231709.87
10342,baby,1,0,1,0.6883,380.11,636.25,241847.27
10343,baby,1,0,1,0.6817,358.76,583.85,209461.45
10344,baby,1,0,1,0.7854,378.48,625.41,236703.46
10345,baby,1,0,1,0.7606,371.02,595.4,220908.41
10346,none,0,0,0,0,0,0,0
10347,baby,1,0,1,0.7254,381.07,638.23,243212.05
10348,baby,1,0,1,0.6982,364.21,604.15,220036.54
10349,baby,1,0,1,0.6702,375.19,624,234120.48
10350,baby,1,0,1,0.7529,380.46,642.85,244576.46
10351,none,0,0,0,0,0,0,0
10352,none,0,0,0,0,0,0,0
10353,baby,1,0,1,0.7693,374.13,582.94,218096.42
10354,baby,1,0,1,0.7204,367.03,582.74,213880.44
10355,none,0,0,0,0,0,0,0
10356,baby,1,0,1,0.6886,371.8,529.33,196807.28
10357,none,0,0,0,0,0,0,0
10358,baby,1,0,1,0.7017,372.68,545.83,203419
10359,baby,1,0,1,0.7087,372.2,532.57,198220.12
10360,none,0,0,0,0,0,0,0
10361,baby,1,0,1,0.6714,332.45,417.32,138736.93
10362,baby,1,0,1,0.6601,401.64,424.86,170642.75
10363,none,0,0,0,0,0,0,0
10364,none,0,0,0,0,0,0,0
10365,none,0,0,0,0,0,0,0
10366,none,0,0,0,0,0,0,0
10367,none,0,0,0,0,0,0,0
10368,none,0,0,0,0,0,0,0
10369,none,0,0,0,0,0,0,0
10370,baby,1,0,1,0.7204,372.47,446.83,166433.15
10371,baby,1,0,1,0.8344,351.46,483.25,169845.18
10372,baby,1,0,1,0.7632,397.29,515.45,204783.69
10373,baby,1,0,1,0.7449,390.85,470.17,183766.25
10374,baby,1,0,1,0.7659,381.63,473.76,180801.41
10375,baby,1,0,1,0.7592,394.78,474.06,187147.04
10376,baby,1,0,1,0.8331,387.77,486.02,188465.18
10377,baby,1,0,1,0.8544,392.31,497.11,195018.76
10378,baby,1,0,1,0.8299,392.56,500.74,196571.08
10379,baby,1,0,1,0.8077,405.09,487.7,197561.57
10380,baby,1,0,1,0.8116,333.23,446.49,148782.51
10381,none,0,0,0,0,0,0,0
10382,baby,1,0,1,0.659,335.08,436.21,146166.58
10383,baby,1,0,1,0.6443,336.66,474.14,159623.94
10384,baby,1,0,1,0.7344,336.05,423.68,142377.32
10385,baby,1,0,1,0.6985,342.61,428.35,146757.21
10386,none,0,0,0,0,0,0,0
10387,none,0,0,0,0,0,0,0
10388,none,0,0,0,0,0,0,0
10389,none,0,0,0,0,0,0,0
10390,none,0,0,0,0,0,0,0
10391,none,0,0,0,0,0,0,0
10392,none,0,0,0,0,0,0,0
10393,none,0,0,0,0,0,0,0
10394,none,0,0,0,0,0,0,0
10395,none,0,0,0,0,0,0,0
10396,none,0,0,0,0,0,0,0
10397,none,0,0,0,0,0,0,0
10398,none,0,0,0,0,0,0,0
10399,none,0,0,0,0,0,0,0
10400,none,0,0,0,0,0,0,0
10401,none,0,0,0,0,0,0,0
10402,none,0,0,0,0,0,0,0
10403,baby,1,0,1,0.6166,312.38,511.77,159862.74
10404,baby,1,0,1,0.6633,373.04,447.08,166777.55
10405,none,0,0,0,0,0,0,0
10406,baby,1,0,1,0.7244,384.71,461.85,177676.52
10407,baby,1,0,1,0.6046,359.71,457.68,164629.63
10408,baby,1,0,1,0.6855,388.54,443.05,172142.77
10409,baby,1,0,1,0.6623,376.82,488.75,184171.61
10410,none,0,0,0,0,0,0,0
10411,none,0,0,0,0,0,0,0
10412,baby,1,0,1,0.7568,382.57,436.26,166903.17
10413,baby,1,0,1,0.8842,324.14,577.89,187319.17
10414,baby,1,0,1,0.7381,327.33,528.63,173039.54
10415,baby,1,0,1,0.8041,304.85,528.04,160976.7
10416,none,0,0,0,0,0,0,0
10417,none,0,0,0,0,0,0,0
10418,none,0,0,0,0,0,0,0
10419,none,0,0,0,0,0,0,0
10420,none,0,0,0,0,0,0,0
10421,none,0,0,0,0,0,0,0
10422,none,0,0,0,0,0,0,0
10423,none,0,0,0,0,0,0,0
10424,none,0,0,0,0,0,0,0
10425,none,0,0,0,0,0,0,0
10426,none,0,0,0,0,0,0,0
10427,none,0,0,0,0,0,0,0
10428,none,0,0,0,0,0,0,0
10429,none,0,0,0,0,0,0,0
10430,none,0,0,0,0,0,0,0
10431,none,0,0,0,0,0,0,0
10432,none,0,0,0,0,0,0,0
10433,none,0,0,0,0,0,0,0
10434,none,0,0,0,0,0,0,0
10435,none,0,0,0,0,0,0,0
10436,none,0,0,0,0,0,0,0
10437,none,0,0,0,0,0,0,0
10438,none,0,0,0,0,0,0,0
10439,none,0,0,0,0,0,0,0
10440,none,0,0,0,0,0,0,0
10441,none,0,0,0,0,0,0,0
10442,none,0,0,0,0,0,0,0
10443,none,0,0,0,0,0,0,0
10444,none,0,0,0,0,0,0,0
10445,none,0,0,0,0,0,0,0
10446,none,0,0,0,0,0,0,0
10447,none,0,0,0,0,0,0,0
10448,none,0,0,0,0,0,0,0
10449,none,0,0,0,0,0,0,0
10450,baby,1,0,1,0.6227,118.02,159.05,18771.01
10451,none,0,0,0,0,0,0,0
10452,none,0,0,0,0,0,0,0
10453,none,0,0,0,0,0,0,0
10454,none,0,0,0,0,0,0,0
10455,baby,1,0,1,0.7876,178.86,252.05,45081.3
10456,none,0,0,0,0,0,0,0
10457,none,0,0,0,0,0,0,0
10458,none,0,0,0,0,0,0,0
10459,none,0,0,0,0,0,0,0
10460,none,0,0,0,0,0,0,0
10461,none,0,0,0,0,0,0,0
10462,none,0,0,0,0,0,0,0
10463,none,0,0,0,0,0,0,0
10464,none,0,0,0,0,0,0,0
10465,none,0,0,0,0,0,0,0
10466,none,0,0,0,0,0,0,0
10467,none,0,0,0,0,0,0,0
10468,none,0,0,0,0,0,0,0
10469,none,0,0,0,0,0,0,0
10470,none,0,0,0,0,0,0,0
10471,none,0,0,0,0,0,0,0
10472,none,0,0,0,0,0,0,0
10473,none,0,0,0,0,0,0,0
10474,none,0,0,0,0,0,0,0
10475,none,0,0,0,0,0,0,0
10476,none,0,0,0,0,0,0,0
10477,none,0,0,0,0,0,0,0
10478,none,0,0,0,0,0,0,0
10479,none,0,0,0,0,0,0,0
10480,none,0,0,0,0,0,0,0
10481,none,0,0,0,0,0,0,0
10482,none,0,0,0,0,0,0,0
10483,none,0,0,0,0,0,0,0
10484,none,0,0,0,0,0,0,0
10485,none,0,0,0,0,0,0,0
10486,none,0,0,0,0,0,0,0
10487,none,0,0,0,0,0,0,0
10488,none,0,0,0,0,0,0,0
10489,none,0,0,0,0,0,0,0
10490,none,0,0,0,0,0,0,0
10491,none,0,0,0,0,0,0,0
10492,none,0,0,0,0,0,0,0
10493,none,0,0,0,0,0,0,0
10494,none,0,0,0,0,0,0,0
10495,none,0,0,0,0,0,0,0
10496,none,0,0,0,0,0,0,0
10497,none,0,0,0,0,0,0,0
10498,none,0,0,0,0,0,0,0
10499,none,0,0,0,0,0,0,0
10500,none,0,0,0,0,0,0,0
10501,none,0,0,0,0,0,0,0
10502,none,0,0,0,0,0,0,0
10503,none,0,0,0,0,0,0,0
10504,none,0,0,0,0,0,0,0
10505,none,0,0,0,0,0,0,0
10506,none,0,0,0,0,0,0,0
10507,none,0,0,0,0,0,0,0
10508,none,0,0,0,0,0,0,0
10509,none,0,0,0,0,0,0,0
10510,none,0,0,0,0,0,0,0
10511,none,0,0,0,0,0,0,0
10512,none,0,0,0,0,0,0,0
10513,none,0,0,0,0,0,0,0
10514,none,0,0,0,0,0,0,0
10515,none,0,0,0,0,0,0,0
10516,none,0,0,0,0,0,0,0
10517,none,0,0,0,0,0,0,0
10518,none,0,0,0,0,0,0,0
10519,none,0,0,0,0,0,0,0
10520,none,0,0,0,0,0,0,0
10521,none,0,0,0,0,0,0,0
10522,none,0,0,0,0,0,0,0
10523,none,0,0,0,0,0,0,0
10524,none,0,0,0,0,0,0,0
10525,none,0,0,0,0,0,0,0
10526,none,0,0,0,0,0,0,0
10527,none,0,0,0,0,0,0,0
10528,none,0,0,0,0,0,0,0
10529,none,0,0,0,0,0,0,0
10530,none,0,0,0,0,0,0,0
10531,none,0,0,0,0,0,0,0
10532,none,0,0,0,0,0,0,0
10533,none,0,0,0,0,0,0,0
10534,none,0,0,0,0,0,0,0
10535,none,0,0,0,0,0,0,0
10536,none,0,0,0,0,0,0,0
10537,none,0,0,0,0,0,0,0
10538,none,0,0,0,0,0,0,0
10539,none,0,0,0,0,0,0,0
10540,none,0,0,0,0,0,0,0
10541,none,0,0,0,0,0,0,0
10542,none,0,0,0,0,0,0,0
10543,none,0,0,0,0,0,0,0
10544,none,0,0,0,0,0,0,0
10545,none,0,0,0,0,0,0,0
10546,none,0,0,0,0,0,0,0
10547,none,0,0,0,0,0,0,0
10548,none,0,0,0,0,0,0,0
10549,none,0,0,0,0,0,0,0
10550,none,0,0,0,0,0,0,0
10551,none,0,0,0,0,0,0,0
10552,none,0,0,0,0,0,0,0
10553,none,0,0,0,0,0,0,0
10554,none,0,0,0,0,0,0,0
10555,none,0,0,0,0,0,0,0
10556,none,0,0,0,0,0,0,0
10557,none,0,0,0,0,0,0,0
10558,none,0,0,0,0,0,0,0
10559,none,0,0,0,0,0,0,0
10560,none,0,0,0,0,0,0,0
10561,none,0,0,0,0,0,0,0
10562,none,0,0,0,0,0,0,0
10563,none,0,0,0,0,0,0,0
10564,none,0,0,0,0,0,0,0
10565,none,0,0,0,0,0,0,0
10566,none,0,0,0,0,0,0,0
10567,none,0,0,0,0,0,0,0
10568,none,0,0,0,0,0,0,0
10569,none,0,0,0,0,0,0,0
10570,none,0,0,0,0,0,0,0
10571,none,0,0,0,0,0,0,0
10572,none,0,0,0,0,0,0,0
10573,none,0,0,0,0,0,0,0
10574,none,0,0,0,0,0,0,0
10575,none,0,0,0,0,0,0,0
10576,none,0,0,0,0,0,0,0
10577,none,0,0,0,0,0,0,0
10578,none,0,0,0,0,0,0,0
10579,none,0,0,0,0,0,0,0
10580,none,0,0,0,0,0,0,0
10581,none,0,0,0,0,0,0,0
10582,none,0,0,0,0,0,0,0
10583,none,0,0,0,0,0,0,0
10584,none,0,0,0,0,0,0,0
10585,none,0,0,0,0,0,0,0
10586,none,0,0,0,0,0,0,0
10587,none,0,0,0,0,0,0,0
10588,none,0,0,0,0,0,0,0
10589,none,0,0,0,0,0,0,0
10590,none,0,0,0,0,0,0,0
10591,none,0,0,0,0,0,0,0
10592,none,0,0,0,0,0,0,0
10593,none,0,0,0,0,0,0,0
10594,none,0,0,0,0,0,0,0
10595,none,0,0,0,0,0,0,0
10596,none,0,0,0,0,0,0,0
10597,none,0,0,0,0,0,0,0
10598,none,0,0,0,0,0,0,0
10599,none,0,0,0,0,0,0,0
10600,none,0,0,0,0,0,0,0
10601,none,0,0,0,0,0,0,0
10602,none,0,0,0,0,0,0,0
10603,none,0,0,0,0,0,0,0
10604,none,0,0,0,0,0,0,0
10605,none,0,0,0,0,0,0,0
10606,none,0,0,0,0,0,0,0
10607,none,0,0,0,0,0,0,0
10608,none,0,0,0,0,0,0,0
10609,none,0,0,0,0,0,0,0
10610,none,0,0,0,0,0,0,0
10611,none,0,0,0,0,0,0,0
10612,none,0,0,0,0,0,0,0
10613,none,0,0,0,0,0,0,0
10614,none,0,0,0,0,0,0,0
10615,none,0,0,0,0,0,0,0
10616,none,0,0,0,0,0,0,0
10617,none,0,0,0,0,0,0,0
10618,none,0,0,0,0,0,0,0
10619,none,0,0,0,0,0,0,0
10620,none,0,0,0,0,0,0,0
10621,none,0,0,0,0,0,0,0
10622,none,0,0,0,0,0,0,0
10623,none,0,0,0,0,0,0,0
10624,none,0,0,0,0,0,0,0
10625,none,0,0,0,0,0,0,0
10626,none,0,0,0,0,0,0,0
10627,none,0,0,0,0,0,0,0
10628,none,0,0,0,0,0,0,0
10629,none,0,0,0,0,0,0,0
10630,none,0,0,0,0,0,0,0
10631,none,0,0,0,0,0,0,0
10632,none,0,0,0,0,0,0,0
10633,none,0,0,0,0,0,0,0
10634,none,0,0,0,0,0,0,0
10635,none,0,0,0,0,0,0,0
10636,none,0,0,0,0,0,0,0
10637,none,0,0,0,0,0,0,0
10638,none,0,0,0,0,0,0,0
10639,none,0,0,0,0,0,0,0
10640,none,0,0,0,0,0,0,0
10641,none,0,0,0,0,0,0,0
10642,none,0,0,0,0,0,0,0
10643,none,0,0,0,0,0,0,0
10644,none,0,0,0,0,0,0,0
10645,none,0,0,0,0,0,0,0
10646,none,0,0,0,0,0,0,0
10647,none,0,0,0,0,0,0,0
10648,none,0,0,0,0,0,0,0
10649,none,0,0,0,0,0,0,0
10650,none,0,0,0,0,0,0,0
10651,none,0,0,0,0,0,0,0
10652,none,0,0,0,0,0,0,0
10653,none,0,0,0,0,0,0,0
10654,none,0,0,0,0,0,0,0
10655,none,0,0,0,0,0,0,0
10656,none,0,0,0,0,0,0,0
10657,none,0,0,0,0,0,0,0
10658,none,0,0,0,0,0,0,0
10659,none,0,0,0,0,0,0,0
10660,none,0,0,0,0,0,0,0
10661,none,0,0,0,0,0,0,0
10662,none,0,0,0,0,0,0,0
10663,none,0,0,0,0,0,0,0
10664,none,0,0,0,0,0,0,0
10665,none,0,0,0,0,0,0,0
10666,none,0,0,0,0,0,0,0
10667,none,0,0,0,0,0,0,0
10668,none,0,0,0,0,0,0,0
10669,none,0,0,0,0,0,0,0
10670,none,0,0,0,0,0,0,0
10671,none,0,0,0,0,0,0,0
10672,none,0,0,0,0,0,0,0
10673,none,0,0,0,0,0,0,0
10674,none,0,0,0,0,0,0,0
10675,none,0,0,0,0,0,0,0
10676,none,0,0,0,0,0,0,0
10677,none,0,0,0,0,0,0,0
10678,none,0,0,0,0,0,0,0
10679,none,0,0,0,0,0,0,0
10680,none,0,0,0,0,0,0,0
10681,none,0,0,0,0,0,0,0
10682,none,0,0,0,0,0,0,0
10683,none,0,0,0,0,0,0,0
10684,none,0,0,0,0,0,0,0
10685,none,0,0,0,0,0,0,0
10686,none,0,0,0,0,0,0,0
10687,none,0,0,0,0,0,0,0
10688,none,0,0,0,0,0,0,0
10689,none,0,0,0,0,0,0,0
10690,none,0,0,0,0,0,0,0
10691,none,0,0,0,0,0,0,0
10692,none,0,0,0,0,0,0,0
10693,none,0,0,0,0,0,0,0
10694,none,0,0,0,0,0,0,0
10695,none,0,0,0,0,0,0,0
10696,none,0,0,0,0,0,0,0
10697,none,0,0,0,0,0,0,0
10698,none,0,0,0,0,0,0,0
10699,baby,1,0,1,0.6897,166.07,254.16,42208.84
10700,none,0,0,0,0,0,0,0
10701,none,0,0,0,0,0,0,0
10702,none,0,0,0,0,0,0,0
10703,none,0,0,0,0,0,0,0
10704,none,0,0,0,0,0,0,0
10705,baby,1,0,1,0.607,164.09,253.91,41662.94
10706,none,0,0,0,0,0,0,0
10707,none,0,0,0,0,0,0,0
10708,none,0,0,0,0,0,0,0
10709,none,0,0,0,0,0,0,0
10710,none,0,0,0,0,0,0,0
10711,none,0,0,0,0,0,0,0
10712,none,0,0,0,0,0,0,0
10713,none,0,0,0,0,0,0,0
10714,none,0,0,0,0,0,0,0
10715,none,0,0,0,0,0,0,0
10716,none,0,0,0,0,0,0,0
10717,none,0,0,0,0,0,0,0
10718,none,0,0,0,0,0,0,0
10719,none,0,0,0,0,0,0,0
10720,none,0,0,0,0,0,0,0
10721,none,0,0,0,0,0,0,0
10722,none,0,0,0,0,0,0,0
10723,none,0,0,0,0,0,0,0
10724,none,0,0,0,0,0,0,0
10725,none,0,0,0,0,0,0,0
10726,none,0,0,0,0,0,0,0
10727,none,0,0,0,0,0,0,0
10728,none,0,0,0,0,0,0,0
10729,none,0,0,0,0,0,0,0
10730,none,0,0,0,0,0,0,0
10731,none,0,0,0,0,0,0,0
10732,none,0,0,0,0,0,0,0
10733,none,0,0,0,0,0,0,0
10734,none,0,0,0,0,0,0,0
10735,none,0,0,0,0,0,0,0
10736,none,0,0,0,0,0,0,0
10737,none,0,0,0,0,0,0,0
10738,none,0,0,0,0,0,0,0
10739,none,0,0,0,0,0,0,0
10740,none,0,0,0,0,0,0,0
10741,none,0,0,0,0,0,0,0
10742,none,0,0,0,0,0,0,0
10743,none,0,0,0,0,0,0,0
10744,none,0,0,0,0,0,0,0
10745,none,0,0,0,0,0,0,0
10746,none,0,0,0,0,0,0,0
10747,none,0,0,0,0,0,0,0
10748,none,0,0,0,0,0,0,0
10749,none,0,0,0,0,0,0,0
10750,none,0,0,0,0,0,0,0
10751,none,0,0,0,0,0,0,0
10752,none,0,0,0,0,0,0,0
10753,none,0,0,0,0,0,0,0
10754,none,0,0,0,0,0,0,0
10755,none,0,0,0,0,0,0,0
10756,none,0,0,0,0,0,0,0
10757,none,0,0,0,0,0,0,0
10758,none,0,0,0,0,0,0,0
10759,none,0,0,0,0,0,0,0
10760,none,0,0,0,0,0,0,0
10761,none,0,0,0,0,0,0,0
10762,none,0,0,0,0,0,0,0
10763,none,0,0,0,0,0,0,0
10764,none,0,0,0,0,0,0,0
10765,none,0,0,0,0,0,0,0
10766,none,0,0,0,0,0,0,0
10767,none,0,0,0,0,0,0,0
10768,none,0,0,0,0,0,0,0
10769,none,0,0,0,0,0,0,0
10770,none,0,0,0,0,0,0,0
10771,none,0,0,0,0,0,0,0
10772,none,0,0,0,0,0,0,0
10773,none,0,0,0,0,0,0,0
10774,none,0,0,0,0,0,0,0
10775,none,0,0,0,0,0,0,0
10776,none,0,0,0,0,0,0,0
10777,none,0,0,0,0,0,0,0
10778,none,0,0,0,0,0,0,0
10779,none,0,0,0,0,0,0,0
10780,none,0,0,0,0,0,0,0
10781,none,0,0,0,0,0,0,0
10782,none,0,0,0,0,0,0,0
10783,none,0,0,0,0,0,0,0
10784,none,0,0,0,0,0,0,0
10785,none,0,0,0,0,0,0,0
10786,none,0,0,0,0,0,0,0
10787,none,0,0,0,0,0,0,0
10788,none,0,0,0,0,0,0,0
10789,none,0,0,0,0,0,0,0
10790,none,0,0,0,0,0,0,0
10791,none,0,0,0,0,0,0,0
10792,none,0,0,0,0,0,0,0
10793,none,0,0,0,0,0,0,0
10794,none,0,0,0,0,0,0,0
10795,none,0,0,0,0,0,0,0
10796,none,0,0,0,0,0,0,0
10797,none,0,0,0,0,0,0,0
10798,none,0,0,0,0,0,0,0
10799,none,0,0,0,0,0,0,0
10800,none,0,0,0,0,0,0,0
10801,none,0,0,0,0,0,0,0
10802,none,0,0,0,0,0,0,0
10803,none,0,0,0,0,0,0,0
10804,none,0,0,0,0,0,0,0
10805,none,0,0,0,0,0,0,0
10806,none,0,0,0,0,0,0,0
10807,none,0,0,0,0,0,0,0
10808,none,0,0,0,0,0,0,0
10809,baby,1,0,1,0.6159,132.5,202.79,26869.9
10810,baby,1,0,1,0.8108,387.48,370.55,143581.75
10811,baby,1,0,1,0.8608,328,519.94,170539.8
10812,baby,1,0,1,0.865,364.84,623.19,227367.05
10813,baby,1,0,1,0.8612,388.32,539.62,209541.8
10814,baby,1,0,2,0.7302,456.19,664.31,303050.22
10815,baby,1,0,1,0.8744,355.85,413.52,147153.97
10816,baby,1,0,1,0.6905,332.54,364.84,121323.14
10817,baby,1,0,1,0.7755,318.23,359.57,114426.37
10818,none,0,0,0,0,0,0,0
10819,none,0,0,0,0,0,0,0
10820,none,0,0,0,0,0,0,0
10821,none,0,0,0,0,0,0,0
10822,baby,1,0,1,0.7062,338.74,550.46,186463.49
10823,baby,1,0,1,0.607,331.19,512.71,169801.52
10824,none,0,0,0,0,0,0,0
10825,none,0,0,0,0,0,0,0
10826,none,0,0,0,0,0,0,0
10827,baby,1,0,1,0.8623,325.4,429.57,139779.09
10828,baby,1,0,1,0.8188,329.32,469.01,154456.08
10829,baby,1,0,1,0.8827,325.96,491.88,160329.99
10830,baby,1,0,1,0.7491,337.55,533.4,180050.36
10831,baby,1,0,1,0.7604,334.42,454.65,152045.85
10832,baby,1,0,1,0.7839,342.31,569.19,194837.19
10833,baby,1,0,1,0.7562,345.31,456.84,157752.83
10834,baby,1,0,1,0.7484,332.27,657.7,218531.64
10835,baby,1,0,1,0.7232,324.3,481.53,156157.17
10836,baby,1,0,1,0.7013,324.3,559.13,181324.02
10837,baby,1,0,1,0.7734,333.45,468.53,156232.39
10838,baby,1,0,1,0.7021,316.67,553.98,175429.7
10839,none,0,0,0,0,0,0,0
10840,none,0,0,0,0,0,0,0
10841,none,0,0,0,0,0,0,0
10842,none,0,0,0,0,0,0,0
10843,none,0,0,0,0,0,0,0
10844,none,0,0,0,0,0,0,0
10845,none,0,0,0,0,0,0,0
10846,none,0,0,0,0,0,0,0
10847,baby,1,0,1,0.6337,308.95,604.84,186866.91
10848,baby,1,0,1,0.6875,311.79,597.61,186328.89
10849,baby,1,0,1,0.6527,312.67,563.46,176175.28
10850,baby,1,0,1,0.6793,330.46,360.21,119037.94
10851,baby,1,0,1,0.8585,410.96,519.76,213600.13
10852,baby,1,0,1,0.8039,405.21,445.55,180538.34
10853,baby,1,0,1,0.7297,384.63,491.64,189098.58
10854,baby,1,0,1,0.7646,370.25,348.85,129163.71
10855,baby,1,0,1,0.7206,313.39,488.86,153205.28
10856,baby,1,0,1,0.8199,357.81,558.19,199723.71
10857,baby,1,0,1,0.6191,310.88,437.03,135866.86
10858,none,0,0,0,0,0,0,0
10859,baby,1,0,1,0.7628,417.4,612.94,255841.01
10860,baby,1,0,1,0.676,419.99,603.23,253353.11
10861,none,0,0,0,0,0,0,0
10862,baby,1,0,1,0.6324,425.83,653.89,278444.29
10863,baby,1,0,1,0.7085,439.73,622.63,273785.97
10864,baby,1,0,2,0.6633,404.96,474.69,192228.4
10865,baby,1,0,1,0.7059,425.57,637.02,271097.85
10866,baby,1,0,1,0.6543,370.09,444.01,164325.76
10867,baby,1,0,2,0.7159,393.02,629.55,247424.89
10868,baby,1,0,2,0.7807,412.82,652.47,269356.56
10869,baby,1,0,1,0.6816,386.37,631.83,244117.19
10870,baby,1,0,1,0.8259,348.22,539.34,187808.71
10871,baby,1,0,1,0.8167,343.2,403.16,138364.58
10872,baby,1,0,1,0.8532,390.82,469.66,183551.66
10873,baby,1,0,1,0.8492,408.09,466.55,190393.27
10874,baby,1,0,1,0.8645,412.65,496.38,204831.69
10875,baby,1,0,1,0.8754,417.4,490.23,204619.95
10876,baby,1,0,1,0.8723,412.03,478.84,197298.17
10877,baby,1,0,1,0.8546,399.49,496.88,198497.77
10878,baby,1,0,1,0.8692,414.72,446.31,185092.07
10879,baby,1,0,1,0.8706,414.81,456.27,189263.71
10880,baby,1,0,1,0.8741,414.34,480.31,199009.32
10881,baby,1,0,1,0.8112,403.52,493,198936.31
10882,baby,1,0,1,0.8879,425.92,506.98,215933.74
10883,baby,1,0,1,0.8355,419.04,538.26,225549.04
10884,baby,1,0,1,0.8943,430.17,534.19,229792.94
10885,baby,1,0,1,0.8676,422.4,521.07,220101.31
10886,baby,1,0,1,0.9036,435.88,523.73,228283.81
10887,baby,1,0,1,0.8976,426.63,519.36,221571.24
10888,baby,1,0,1,0.9073,429.86,529.69,227690.98
10889,baby,1,0,1,0.8725,422.26,511.56,216013.54
10890,baby,1,0,1,0.8507,410.09,507.39,208074.26
10891,baby,1,0,1,0.8627,369.53,436.87,161434.3
10892,baby,1,0,1,0.867,388.42,425.12,165125.68
10893,baby,1,0,1,0.808,375.18,427.04,160218.52
10894,baby,1,0,1,0.7762,365.22,424.81,155149.1
10895,baby,1,0,1,0.8713,358.99,410.32,147303.78
10896,baby,1,0,1,0.8154,382.25,435.81,166588.05
10897,baby,1,0,1,0.8496,369.12,414.64,153051.58
10898,baby,1,0,2,0.8721,373.59,416.13,155463.89
10899,baby,1,0,1,0.8384,377.74,599.58,226482.32
10900,baby,1,0,1,0.873,371.37,428.25,159040.93
10901,baby,1,0,1,0.7514,366.15,434.36,159037.7
10902,baby,1,0,1,0.7854,370.43,443.57,164312.93
10903,baby,1,0,1,0.7537,370.34,434.77,161011.98
10904,baby,1,0,1,0.7532,369.9,437.62,161877.1
10905,baby,1,0,1,0.6062,366.91,429.15,157460.23
10906,baby,1,0,1,0.8706,378.1,414,156532.5
10907,baby,1,0,1,0.8645,408.29,432.81,176710.83
10908,baby,1,0,1,0.8603,399.75,426.24,170387.77
10909,baby,1,0,1,0.8146,425.56,519.22,220959.65
10910,baby,1,0,1,0.7128,453.64,476.22,216032.08
10911,baby,1,0,1,0.7699,467.74,503.01,235274.71
10912,baby,1,0,1,0.7638,450.11,471.2,212095.99
10913,baby,1,0,1,0.6998,418,486.02,203154.57
10914,baby,1,0,1,0.6642,412.71,492.19,203133.67
10915,none,0,0,0,0,0,0,0
10916,baby,1,0,1,0.7058,399.38,502.13,200539.27
10917,baby,1,0,1,0.6819,338.88,474.98,160964.77
10918,baby,1,0,1,0.654,414.45,497.72,206280.95
10919,baby,1,0,1,0.7013,451.82,523.43,236493.62
10920,baby,1,0,1,0.7601,449.91,531.68,239208.1
10921,baby,1,0,1,0.6442,359.15,471.13,169205.41
10922,baby,1,0,1,0.7092,468,530.75,248388.35
10923,baby,1,0,1,0.6417,308.69,468.69,144681.78
10924,none,0,0,0,0,0,0,0
10925,baby,1,0,1,0.8107,474.1,489.36,232003.48
10926,baby,1,0,1,0.6135,452.11,506.5,228990.96
10927,none,0,0,0,0,0,0,0
10928,none,0,0,0,0,0,0,0
10929,baby,1,0,1,0.6688,465.15,509.2,236852.73
10930,baby,1,0,1,0.7134,328.42,494.23,162316.28
10931,baby,1,0,1,0.6994,465.6,527.58,245643.4
10932,baby,1,0,1,0.7424,460.93,510.02,235084.05
10933,baby,1,0,1,0.7508,472.91,524.8,248186.04
10934,baby,1,0,1,0.7159,487.72,486.36,237208.84
10935,baby,1,0,1,0.6893,490.93,498.93,244935.56
10936,none,0,0,0,0,0,0,0
10937,none,0,0,0,0,0,0,0
10938,baby,1,0,1,0.7189,471.03,513.78,242004.62
10939,baby,1,0,1,0.6517,491.15,530.17,260394.7
10940,none,0,0,0,0,0,0,0
10941,baby,1,0,1,0.7496,491.92,534.72,263040.83
10942,baby,1,0,1,0.7322,483.71,511.83,247579.29
10943,baby,1,0,1,0.7401,480.9,532.09,255880.19
10944,baby,1,0,1,0.6033,480.83,479.68,230642.63
10945,baby,1,0,1,0.7743,478.94,527.22,252504.46
10946,none,0,0,0,0,0,0,0
10947,baby,1,0,1,0.8071,481.68,576.03,277465.4
10948,baby,1,0,1,0.804,474.44,589.21,279542.27
10949,baby,1,0,1,0.7959,478.56,538.68,257794.58
10950,baby,1,0,1,0.8654,480.33,582.5,279790.58
10951,baby,1,0,1,0.7021,480.95,486.6,234026.48
10952,baby,1,0,1,0.7839,484.44,560.4,271482.67
10953,baby,1,0,1,0.6186,485.01,492.58,238904.24
10954,baby,1,0,1,0.6631,481.08,505.51,243189.48
10955,baby,1,0,1,0.7704,472.2,498.71,235491.08
10956,baby,1,0,1,0.7408,487.78,576.24,281078.28
10957,baby,1,0,1,0.8265,482.43,582.22,280883.93
10958,baby,1,0,1,0.8406,489.22,639.54,312875.95
10959,baby,1,0,1,0.7898,496.25,593.9,294720.12
10960,baby,1,0,1,0.8279,488.28,592.02,289075.13
10961,baby,1,0,1,0.8208,475.55,570.33,271222.43
10962,baby,1,0,1,0.634,485.73,538.14,261393.11
10963,none,0,0,0,0,0,0,0
10964,baby,1,0,1,0.7959,479.89,552.69,265228.55
10965,baby,1,0,1,0.8184,438.04,485.42,212635.74
10966,baby,1,0,1,0.8648,415.1,510.1,211744.12
10967,baby,1,0,1,0.8574,417.16,539.76,225168.56
10968,baby,1,0,1,0.7838,443.81,609.7,270593.67
10969,baby,1,0,1,0.8067,497.13,526.07,261525.96
10970,baby,1,0,1,0.7257,472.27,496.09,234289.27
10971,baby,1,0,1,0.6126,471.54,493.18,232556.35
10972,none,0,0,0,0,0,0,0
10973,baby,1,0,1,0.7705,488.52,531.37,259583.23
10974,baby,1,0,1,0.8218,472.82,528.27,249779.16
10975,baby,1,0,1,0.6374,486.19,545.31,265128.63
10976,none,0,0,0,0,0,0,0
10977,baby,1,0,1,0.6328,485.59,506.25,245830.04
10978,none,0,0,0,0,0,0,0
10979,baby,1,0,1,0.7761,488.87,537.01,262525.94
10980,baby,1,0,1,0.7559,520.42,521.3,271295.18
10981,baby,1,0,1,0.6798,503.52,534.07,268913.2
10982,none,0,0,0,0,0,0,0
10983,baby,1,0,1,0.706,487.51,535.78,261198.2
10984,baby,1,0,1,0.7167,479.03,520.3,249241.24
10985,baby,1,0,1,0.7441,491.85,501.18,246503.11
10986,baby,1,0,1,0.7653,505.89,500.55,253226.73
10987,baby,1,0,1,0.6976,503.13,549.17,276307.7
10988,baby,1,0,1,0.611,482.75,546.16,263657.22
10989,baby,1,0,1,0.7749,486.14,511.73,248773.1
10990,baby,1,0,1,0.6602,488.1,502.44,245242.07
10991,baby,1,0,1,0.6587,505.97,536.25,271328.22
10992,baby,1,0,1,0.8098,488.75,507.62,248100.25
10993,baby,1,0,1,0.6694,483.96,507.08,245408.83
10994,none,0,0,0,0,0,0,0
10995,baby,1,0,1,0.6111,489.22,511,249993.93
10996,baby,1,0,1,0.7189,479.86,511.23,245322.75
10997,baby,1,0,1,0.7006,500.71,498.62,249666.75
10998,baby,1,0,1,0.6635,498.01,492.69,245365.17
10999,baby,1,0,1,0.7655,492.63,490.21,241490.22
11000,baby,1,0,1,0.7274,506.82,515.47,261250.9
11001,baby,1,0,1,0.7412,490.11,520.65,255178.05
11002,none,0,0,0,0,0,0,0
11003,baby,1,0,1,0.7033,490.78,502.51,246621.25
11004,baby,1,0,1,0.753,470.6,511.04,240493.32
11005,baby,1,0,1,0.6692,488.85,470.33,229921.93
11006,baby,1,0,1,0.7305,487.18,523.5,255042.09
11007,baby,1,0,1,0.7169,480.41,500.75,240566.8
11008,baby,1,0,1,0.6833,495.93,495.89,245925.85
11009,baby,1,0,1,0.7533,495.48,499.86,247671.44
11010,baby,1,0,1,0.7653,503.46,509.2,256361.57
11011,baby,1,0,1,0.693,482.21,528.99,255086.13
11012,baby,1,0,1,0.7082,479.71,486.57,233410.45
11013,baby,1,0,1,0.6377,475.83,514.6,244865.23
11014,none,0,0,0,0,0,0,0
11015,baby,1,0,1,0.6956,465.02,465.92,216665.41
11016,baby,1,0,1,0.7164,477.32,479.73,228985.06
11017,baby,1,0,1,0.6394,488.59,479.65,234354.4
11018,baby,1,0,1,0.8553,459.57,508.08,233498.44
11019,baby,1,0,1,0.7954,448.24,424.95,190479.32
11020,baby,1,0,1,0.8023,447.24,463.31,207208.91
11021,baby,1,0,1,0.7808,445.66,498.76,222275.48
11022,baby,1,0,1,0.8465,452.26,458.29,207268.6
11023,baby,1,0,1,0.7769,477.41,454.59,217028.97
11024,baby,1,0,1,0.8457,467.1,427.69,199777.77
11025,none,0,0,0,0,0,0,0
11026,baby,1,0,1,0.7698,390.28,476.91,186129.39
11027,baby,1,0,1,0.6115,384.68,476.38,183254.24
11028,baby,1,0,1,0.7808,435.72,440.46,191916.05
11029,none,0,0,0,0,0,0,0
11030,none,0,0,0,0,0,0,0
11031,none,0,0,0,0,0,0,0
11032,baby,1,0,1,0.7194,439.32,445.44,195690.28
11033,baby,1,0,1,0.7581,435.83,469.72,204720.33
11034,none,0,0,0,0,0,0,0
11035,none,0,0,0,0,0,0,0
11036,none,0,0,0,0,0,0,0
11037,baby,1,0,1,0.6289,433.48,451.18,195578.8
11038,none,0,0,0,0,0,0,0
11039,none,0,0,0,0,0,0,0
11040,none,0,0,0,0,0,0,0
11041,none,0,0,0,0,0,0,0
11042,baby,1,0,1,0.8371,443.35,450.23,199607.27
11043,baby,1,0,1,0.7385,359.41,444.32,159691.36
11044,baby,1,0,1,0.6743,583.68,633.1,369529.23
11045,baby,1,0,1,0.6174,626.63,631.31,395596.21
11046,none,0,0,0,0,0,0,0
11047,none,0,0,0,0,0,0,0
11048,none,0,0,0,0,0,0,0
11049,none,0,0,0,0,0,0,0
11050,baby,1,0,1,0.6362,621.52,633.91,393987.9
11051,none,0,0,0,0,0,0,0
11052,baby,1,0,1,0.8347,450.04,569.31,256212.2
11053,baby,1,0,1,0.928,461.77,615.43,284185.21
11054,baby,1,0,1,0.9111,480.6,612.53,294380.33
11055,baby,1,0,1,0.9306,460.81,609.07,280664.87
11056,baby,1,0,1,0.8976,454.45,628.15,285465.65
11057,baby,1,0,1,0.8481,483.99,578.82,280142.46
11058,baby,1,0,1,0.8569,467.97,609.36,285163.35
11059,baby,1,0,1,0.8878,474.76,622.84,295696.75
11060,baby,1,0,1,0.8802,469.11,588.46,276056.41
11061,baby,1,0,1,0.8432,483.76,617.82,298880.21
11062,baby,1,0,1,0.9112,462.24,610.09,282007.1
11063,baby,1,0,1,0.8821,462.87,597.35,276496.81
11064,baby,1,0,1,0.8302,484.72,586.27,284175.16
11065,baby,1,0,1,0.8476,476.33,603.43,287433.34
11066,baby,1,0,1,0.7621,494.77,553.8,274003.93
11067,baby,1,0,1,0.7142,490.54,503.02,246751.07
11068,none,0,0,0,0,0,0,0
11069,baby,1,0,1,0.6876,515.99,482.74,249091.54
11070,baby,1,0,1,0.6196,497.31,542.7,269887.89
11071,baby,1,0,1,0.7594,494.35,509.3,251773.2
11072,baby,1,0,1,0.7808,478.41,478.31,228830.66
11073,baby,1,0,1,0.7836,400.93,449.31,180139.23
11074,baby,1,0,1,0.7916,365.2,397.42,145135.53
11075,baby,1,0,1,0.8419,323.48,449.68,145459.63
11076,baby,1,0,1,0.8876,319.17,576.48,183995.78
11077,baby,1,0,1,0.8664,308.83,423.98,130937.73
11078,baby,1,0,1,0.8725,324.19,378.31,122641.97
11079,baby,1,0,1,0.8602,319.26,457.68,146120.46
11080,baby,1,0,1,0.8826,349.45,491.94,171908.57
11081,baby,1,0,1,0.8181,318.57,358.87,114325.85
11082,baby,1,0,1,0.86,297.01,550.04,163366.9
11083,baby,1,0,1,0.7319,267.17,611.33,163325.36
11084,baby,1,0,1,0.8633,288.6,445.91,128689.44
11085,baby,1,0,1,0.8985,372.69,454.77,169484.68
11086,baby,1,0,1,0.8605,376.52,684.16,257599.11
11087,baby,1,0,1,0.8332,343.97,469.19,161384.56
11088,baby,1,0,1,0.8697,341.79,451.9,154456.34
11089,baby,1,0,1,0.8619,357.82,462.06,165334.18
11090,baby,1,0,1,0.873,325.19,476.55,154971.72
11091,baby,1,0,1,0.865,345.35,478.29,165177.5
11092,baby,1,0,1,0.875,339.91,483.51,164349.28
11093,baby,1,0,1,0.791,340.59,484.28,164941.19
11094,baby,1,0,1,0.8748,337.33,480.21,161990.97
11095,baby,1,0,1,0.8718,328.08,472.01,154857.78
11096,baby,1,0,1,0.8643,328.35,490.62,161097.3
11097,baby,1,0,1,0.8378,364.58,472.43,172239.89
11098,baby,1,0,1,0.8373,374.83,460.37,172561.72
11099,baby,1,0,1,0.8649,371.99,453.07,168537.37
11100,baby,1,0,1,0.777,368.76,645.78,238135.17
11101,none,0,0,0,0,0,0,0
11102,none,0,0,0,0,0,0,0
11103,none,0,0,0,0,0,0,0
11104,baby,1,0,1,0.8317,406.33,462.11,187767.85
11105,baby,1,0,1,0.7998,383.96,470.01,180464.42
11106,baby,1,0,2,0.8262,398.38,469.94,187215.93
11107,baby,1,0,1,0.8125,393.65,503.94,198372.14
11108,none,0,0,0,0,0,0,0
11109,none,0,0,0,0,0,0,0
11110,none,0,0,0,0,0,0,0
11111,baby,1,0,1,0.8621,389.42,462.06,179934.79
11112,baby,1,0,1,0.8233,384.13,449.17,172539.63
11113,baby,1,0,2,0.8483,386.26,501.68,193779.79
11114,baby,1,0,2,0.8477,369.72,659.07,243668.15
11115,baby,1,0,1,0.856,361.43,703.68,254333.09
11116,baby,1,0,1,0.8933,334.19,487.27,162838.68
11117,baby,1,0,1,0.8713,326.28,454.97,148449.04
11118,baby,1,0,1,0.8583,299.78,457.06,137016.27
11119,baby,1,0,1,0.8447,302.8,460.99,139586.99
11120,baby,1,0,1,0.8513,304.49,442.32,134683.4
11121,baby,1,0,1,0.8242,307.86,442.6,136261.15
11122,baby,1,0,1,0.8156,310.99,454.09,141219.74
11123,baby,1,0,1,0.8353,318.68,464.65,148073.4
11124,baby,1,0,1,0.8447,334.4,448.35,149929.16
11125,baby,1,0,1,0.8531,357.78,468.4,167583.91
11126,baby,1,0,1,0.775,348.22,598.92,208556.5
11127,baby,1,0,1,0.8146,350.29,589.15,206372.72
11128,baby,1,0,1,0.8291,348.79,493.1,171989.86
11129,baby,1,0,1,0.8989,365.28,446.4,163064.41
11130,baby,1,0,2,0.8878,369.98,435.06,160960.36
11131,baby,1,0,2,0.8788,374.91,418.38,156854.25
11132,baby,1,0,2,0.8767,369.11,428.99,158341.49
11133,baby,1,0,2,0.8555,363.72,414.62,150808.71
11134,baby,1,0,2,0.8093,358.83,408.79,146687.42
11135,baby,1,0,1,0.8221,350.48,549.15,192468.07
11136,baby,1,0,1,0.8275,342.32,533.98,182795.31
11137,baby,1,0,1,0.8073,352.9,567.86,200399.14
11138,baby,1,0,1,0.8411,330.04,395.68,130588.81
11139,baby,1,0,1,0.8212,363.71,362.11,131701.86
11140,baby,1,0,1,0.8455,364.27,343.22,125025.59
11141,baby,1,0,1,0.676,339.27,329.96,111948.07
11142,none,0,0,0,0,0,0,0
11143,baby,1,0,1,0.7842,364.08,420.05,152934.26
11144,baby,1,0,1,0.8278,361.02,547.36,197605.39
11145,baby,1,0,1,0.8462,404.5,496.5,200831.09
11146,baby,1,0,1,0.7212,419.39,446.01,187051.97
11147,none,0,0,0,0,0,0,0
11148,none,0,0,0,0,0,0,0
11149,none,0,0,0,0,0,0,0
11150,none,0,0,0,0,0,0,0
11151,baby,1,0,1,0.8224,398.45,594.83,237008.85
11152,baby,1,0,1,0.7114,373.03,685.6,255751.88
11153,baby,1,0,1,0.868,353.76,483.78,171143.21
11154,baby,1,0,1,0.9014,361.85,488.57,176788.09
11155,none,0,0,0,0,0,0,0
11156,none,0,0,0,0,0,0,0
11157,baby,1,0,1,0.8282,310.82,420.32,130647.06
11158,baby,1,0,1,0.7251,326.78,350.83,114642.79
11159,baby,1,0,1,0.7051,303.95,486.89,147990.59
11160,baby,1,0,1,0.6781,312.56,521.62,163035.71
11161,baby,1,0,1,0.62,356.35,338.25,120538.03
11162,baby,1,0,1,0.6264,362.94,352.59,127968.03
11163,baby,1,0,1,0.8789,328.4,686.67,225502.09
11164,baby,1,0,1,0.7826,340.97,539.34,183899.24
11165,baby,1,0,1,0.7391,355.1,458.59,162846.39
11166,baby,1,0,1,0.8125,379.74,382.75,145343.89
11167,baby,1,0,1,0.8779,371.63,379.8,141147.34
11168,baby,1,0,1,0.6203,412.08,348.66,143676.29
11169,none,0,0,0,0,0,0,0
11170,baby,1,0,1,0.754,384.81,347.58,133753.34
11171,baby,1,0,1,0.8448,354.28,487.83,172828.26
11172,baby,1,0,1,0.6073,397.29,546.75,217220.41
11173,baby,1,0,1,0.748,434.82,505.18,219662.75
11174,none,0,0,0,0,0,0,0
11175,baby,1,0,1,0.6757,431.99,474.57,205012.24
11176,baby,1,0,2,0.7941,411.74,443.68,182681.37
11177,baby,1,0,2,0.7041,372.73,458.84,171024.04
11178,none,0,0,0,0,0,0,0
11179,baby,1,0,1,0.8597,396.17,694.82,275262.46
11180,baby,1,0,1,0.8192,431.97,514.1,222075.04
11181,baby,1,0,1,0.684,422.48,528.68,223356.83
11182,baby,1,0,1,0.6248,415.42,451.77,187676.61
11183,baby,1,0,1,0.6506,389.9,440.53,171762.93
11184,none,0,0,0,0,0,0,0
11185,baby,1,0,1,0.6662,410.5,502.81,206402.45
11186,none,0,0,0,0,0,0,0
11187,baby,1,0,1,0.6807,353.86,661.47,234069.44
11188,baby,1,0,1,0.8352,371.06,626.24,232371.87
11189,baby,1,0,1,0.753,368.11,406.91,149787.96
11190,baby,1,0,1,0.8451,373.19,435.64,162579.08
11191,baby,1,0,1,0.8371,394.28,463.31,182673.59
11192,baby,1,0,1,0.7271,410.61,458.45,188244.01
11193,baby,1,0,1,0.8176,415.59,486.72,202279.8
11194,none,0,0,0,0,0,0,0
11195,none,0,0,0,0,0,0,0
11196,none,0,0,0,0,0,0,0
11197,none,0,0,0,0,0,0,0
11198,none,0,0,0,0,0,0,0
11199,none,0,0,0,0,0,0,0
11200,baby,1,0,1,0.811,392.3,464.85,182357.73
11201,baby,1,0,1,0.8064,385.69,571.93,220588.1
11202,baby,1,0,1,0.8649,370.12,710.15,262841.57
11203,baby,1,0,1,0.832,359.66,713.01,256444.05
11204,none,0,0,0,0,0,0,0
11205,baby,1,0,1,0.822,360.47,613.22,221048.05
11206,baby,1,0,1,0.8175,361.26,595.59,215163.93
11207,baby,1,0,1,0.7845,335.65,653.19,219244.52
11208,baby,1,0,1,0.8495,346.7,606.56,210294.82
11209,baby,1,0,1,0.8639,352.15,628.76,221415.78
11210,baby,1,0,1,0.7733,344.64,662.7,228392.69
11211,baby,1,0,1,0.7893,344.5,683.7,235533.13
11212,baby,1,0,1,0.8057,343.29,623.58,214069.58
11213,baby,1,0,1,0.7752,358.9,599.87,215292.61
11214,baby,1,0,1,0.8542,353.49,589.34,208324.04
11215,baby,1,0,1,0.8333,358.17,566.53,202915.78
11216,baby,1,0,1,0.8334,403.37,651.48,262787.13
11217,baby,1,0,1,0.732,377.03,514.46,193964.49
11218,none,0,0,0,0,0,0,0
11219,baby,1,0,1,0.6837,378.33,527.04,199397.79
11220,none,0,0,0,0,0,0,0
11221,baby,1,0,1,0.8401,348.8,646.35,225449.82
11222,baby,1,0,1,0.7453,334.31,502.18,167881.34
11223,baby,1,0,1,0.7905,336.78,637.38,214659.19
11224,baby,1,0,1,0.7515,358.71,583.05,209145.02
11225,baby,1,0,1,0.8429,356.31,520.55,185478.91
11226,baby,1,0,1,0.8593,366.61,514.82,188735.19
11227,baby,1,0,1,0.7749,341.16,487.1,166180.22
11228,baby,1,0,1,0.8267,342.24,471.23,161276.65
11229,baby,1,0,1,0.6226,371.97,426.56,158669.23
11230,none,0,0,0,0,0,0,0
11231,none,0,0,0,0,0,0,0
11232,none,0,0,0,0,0,0,0
11233,none,0,0,0,0,0,0,0
11234,baby,1,0,1,0.6397,413.83,471.12,194966.99
11235,baby,1,0,1,0.7792,389.81,461.52,179904.9
11236,baby,1,0,1,0.7738,360.81,436.05,157329.28
11237,baby,1,0,1,0.7477,343.42,357.27,122690.84
11238,baby,1,0,1,0.7204,332.73,387.37,128887.13
11239,baby,1,0,1,0.8577,334.85,406.63,136161.15
11240,baby,1,0,1,0.7493,323.12,365.83,118206.86
11241,baby,1,0,1,0.8137,331.13,365.74,121105.38
11242,baby,1,0,1,0.801,332.79,381.53,126968.77
11243,baby,1,0,1,0.82,334.51,387.57,129647.49
11244,baby,1,0,1,0.8874,346.96,479.7,166437.12
11245,baby,1,0,1,0.8897,389.9,654.72,255271.6
11246,baby,1,0,1,0.7263,389.5,474.93,184986.24
11247,none,0,0,0,0,0,0,0
11248,baby,1,0,1,0.7369,411.3,456.16,187618.11
11249,baby,1,0,1,0.8095,399.59,536.81,214500.18
11250,baby,1,0,2,0.7794,399.35,467.63,186751.48
11251,baby,1,0,1,0.6718,435.72,480.77,209480.87
11252,none,0,0,0,0,0,0,0
11253,none,0,0,0,0,0,0,0
11254,none,0,0,0,0,0,0,0
11255,none,0,0,0,0,0,0,0
11256,baby,1,0,1,0.6713,427.89,462.04,197702.71
11257,baby,1,0,1,0.6534,430.51,507.18,218345.31
11258,none,0,0,0,0,0,0,0
11259,baby,1,0,1,0.7281,378.57,488.86,185067.27
11260,baby,1,0,1,0.7171,367.38,481.56,176915.75
11261,none,0,0,0,0,0,0,0
11262,baby,1,0,1,0.7501,322.04,448.08,144301.7
11263,baby,1,0,2,0.8303,315.12,439.04,138352.41
11264,baby,1,0,1,0.8515,330.16,495.01,163432.43
11265,baby,1,0,1,0.7027,343.84,506.15,174033.94
11266,baby,1,0,1,0.696,369.33,506.59,187098.72
11267,baby,1,0,1,0.7424,339.14,445.39,151049.45
11268,none,0,0,0,0,0,0,0
11269,none,0,0,0,0,0,0,0
11270,baby,1,0,1,0.7396,388.44,415.8,161513.46
11271,none,0,0,0,0,0,0,0
11272,none,0,0,0,0,0,0,0
11273,none,0,0,0,0,0,0,0
11274,baby,1,0,1,0.8485,348.08,446.87,155544.07
11275,baby,1,0,1,0.7249,389.97,424.03,165358.58
11276,baby,1,0,1,0.6823,403.02,423.03,170489.59
11277,none,0,0,0,0,0,0,0
11278,baby,1,0,1,0.6476,367.23,420.54,154437.92
11279,baby,1,0,1,0.6443,365.66,418.17,152909.11
11280,none,0,0,0,0,0,0,0
11281,none,0,0,0,0,0,0,0
11282,none,0,0,0,0,0,0,0
11283,none,0,0,0,0,0,0,0
11284,none,0,0,0,0,0,0,0
11285,none,0,0,0,0,0,0,0
11286,baby,1,0,1,0.7635,411.78,465.43,191654.1
11287,baby,1,0,1,0.7856,412.68,457.9,188966.81
11288,baby,1,0,1,0.8143,397.37,511.07,203082.78
11289,baby,1,0,1,0.7806,395.34,450.26,178005.87
11290,baby,1,0,1,0.6648,416.9,453.96,189255.24
11291,none,0,0,0,0,0,0,0
11292,none,0,0,0,0,0,0,0
11293,none,0,0,0,0,0,0,0
11294,none,0,0,0,0,0,0,0
11295,none,0,0,0,0,0,0,0
11296,none,0,0,0,0,0,0,0
11297,baby,1,0,1,0.7303,421.79,455.58,192161.96
11298,baby,1,0,1,0.833,354.37,480.39,170232.01
11299,baby,1,0,1,0.7824,369.94,420.07,155397.82
11300,baby,1,0,1,0.8354,362.83,463.37,168125.89
11301,baby,1,0,1,0.7887,342.17,469.11,160516.31
11302,baby,1,0,1,0.7475,334.44,444.46,148647.36
11303,baby,1,0,1,0.8441,336.6,445.65,150004.68
11304,baby,1,0,1,0.7204,380.75,445.3,169547.95
11305,baby,1,0,1,0.7391,383.05,445.49,170644.28
11306,baby,1,0,1,0.8377,384.82,452.94,174300.37
11307,baby,1,0,1,0.7855,392.09,472.57,185288.77
11308,baby,1,0,1,0.666,329.95,442.53,146015.22
11309,baby,1,0,1,0.6992,329.41,451.6,148764.34
11310,baby,1,0,1,0.7389,358.76,527.52,189248.98
11311,baby,1,0,1,0.7401,350.51,603.91,211679.66
11312,baby,1,0,1,0.7794,353.87,521.89,184680.12
11313,baby,1,0,1,0.7572,333.19,426.68,142163.78
11314,baby,1,0,1,0.7401,361.74,510.86,184799.58
11315,baby,1,0,2,0.7577,367.69,465.47,171150.18
11316,baby,1,0,1,0.766,350.77,476.17,167026.22
11317,baby,1,0,2,0.7358,339.27,405.15,137453.88
11318,baby,1,0,1,0.7747,349.29,525.32,183487.93
11319,baby,1,0,1,0.8511,365.34,555.26,202857.18
11320,baby,1,0,1,0.7635,386.65,544.16,210400.9
11321,baby,1,0,1,0.7017,389.91,433.28,168940.88
11322,none,0,0,0,0,0,0,0
11323,baby,1,0,1,0.7839,394.13,595.03,234519.92
11324,none,0,0,0,0,0,0,0
11325,baby,1,0,1,0.7172,384.94,612.13,235637.06
11326,baby,1,0,1,0.76,390.79,542.6,212041.53
11327,baby,1,0,1,0.7747,388.58,510.61,198413.94
11328,baby,1,0,1,0.6306,376.09,579.43,217917.17
11329,baby,1,0,1,0.7199,381.49,512.2,195399.2
11330,baby,1,0,1,0.7305,378.22,530.36,200594.02
11331,baby,1,0,1,0.7729,382.22,516.86,197556.41
11332,baby,1,0,1,0.6489,378.89,440.17,166774.36
11333,baby,1,0,1,0.7934,390.97,565.29,221013.18
11334,baby,1,0,1,0.7138,403.88,534.7,215955.55
11335,none,0,0,0,0,0,0,0
11336,none,0,0,0,0,0,0,0
11337,none,0,0,0,0,0,0,0
11338,none,0,0,0,0,0,0,0
11339,baby,1,0,1,0.6993,347.72,536.73,186633.28
11340,baby,1,0,1,0.8028,355.89,431.59,153598.59
11341,baby,1,0,1,0.7662,396.88,686.53,272473.16
11342,none,0,0,0,0,0,0,0
11343,baby,1,0,1,0.6537,401.83,644.23,258873.05
11344,baby,1,0,1,0.6579,383.22,575.67,220607.72
11345,baby,1,0,1,0.7644,386.39,464.21,179366.86
11346,baby,1,0,1,0.8034,385.59,463.88,178866.59
11347,baby,1,0,1,0.6463,404.1,442.25,178714.46
11348,baby,1,0,1,0.7978,395.6,483.45,191253.71
11349,none,0,0,0,0,0,0,0
11350,baby,1,0,1,0.6616,376.46,436.74,164414.92
11351,baby,1,0,1,0.625,389.92,695.49,271182.86
11352,baby,1,0,1,0.6812,389.83,607.64,236874.58
11353,baby,1,0,1,0.749,376.33,451.72,169995.54
11354,baby,1,0,1,0.7814,375.76,443.75,166746.18
11355,baby,1,0,1,0.7689,343.41,454.8,156180.07
11356,none,0,0,0,0,0,0,0
11357,baby,1,0,1,0.7026,374.76,660.28,247448.42
11358,none,0,0,0,0,0,0,0
11359,baby,1,0,2,0.7924,386.92,444.01,171796.91
11360,none,0,0,0,0,0,0,0
11361,none,0,0,0,0,0,0,0
11362,none,0,0,0,0,0,0,0
11363,baby,1,0,1,0.7955,385.94,470.27,181497.37
11364,none,0,0,0,0,0,0,0
11365,baby,1,0,1,0.8599,367.94,454.48,167217.89
11366,baby,1,0,1,0.8658,382.05,472.64,180572.69
11367,baby,1,0,1,0.8508,362.48,478.96,173611.05
11368,baby,1,0,1,0.8089,395.56,460.83,182284.15
11369,baby,1,0,1,0.743,351.2,366.59,128746.13
11370,baby,1,0,1,0.8027,392.14,609.42,238974.79
11371,baby,1,0,1,0.8856,371.04,578.07,214488.49
11372,baby,1,0,1,0.8067,360.8,447.05,161295.1
11373,none,0,0,0,0,0,0,0
11374,baby,1,0,1,0.809,381.49,482.83,184196.29
11375,baby,1,0,1,0.8162,375.72,452.27,169928.13
11376,baby,1,0,1,0.6362,425.96,462.07,196823.46
11377,none,0,0,0,0,0,0,0
11378,baby,1,0,1,0.6978,461.88,457.89,211487.49
11379,baby,1,0,1,0.7788,345.69,464.19,160466.1
11380,baby,1,0,1,0.8362,345.95,456.97,158088.26
11381,baby,1,0,1,0.6852,424.68,448.09,190298.21
11382,baby,1,0,1,0.6798,434.11,451.27,195903.08
11383,none,0,0,0,0,0,0,0
11384,baby,1,0,1,0.8347,343.37,634.63,217913.78
11385,baby,1,0,1,0.8023,318.96,620.67,197969.1
11386,baby,1,0,1,0.6324,430.66,474.87,204506.57
11387,none,0,0,0,0,0,0,0
11388,baby,1,0,1,0.7743,386.24,476.78,184153.54
11389,baby,1,0,1,0.6045,405.55,557.92,226265.33
11390,none,0,0,0,0,0,0,0
11391,none,0,0,0,0,0,0,0
11392,none,0,0,0,0,0,0,0
11393,none,0,0,0,0,0,0,0
11394,none,0,0,0,0,0,0,0
11395,none,0,0,0,0,0,0,0
11396,none,0,0,0,0,0,0,0
11397,baby,1,0,1,0.6475,454.83,615.94,280147.73
11398,none,0,0,0,0,0,0,0
11399,baby,1,0,1,0.6492,417.14,703.29,293373.03
11400,none,0,0,0,0,0,0,0
11401,baby,1,0,1,0.6854,421.05,699.84,294670.15
11402,none,0,0,0,0,0,0,0
11403,none,0,0,0,0,0,0,0
11404,none,0,0,0,0,0,0,0
11405,none,0,0,0,0,0,0,0
11406,none,0,0,0,0,0,0,0
11407,none,0,0,0,0,0,0,0
11408,none,0,0,0,0,0,0,0
11409,none,0,0,0,0,0,0,0
11410,baby,1,0,1,0.7532,382.22,697.45,266578.14
11411,none,0,0,0,0,0,0,0
11412,none,0,0,0,0,0,0,0
11413,none,0,0,0,0,0,0,0
11414,none,0,0,0,0,0,0,0
11415,baby,1,0,1,0.7158,414.97,483.12,200478.69
11416,baby,1,0,1,0.7091,405.74,532.91,216224.67
11417,none,0,0,0,0,0,0,0
11418,none,0,0,0,0,0,0,0
11419,none,0,0,0,0,0,0,0
11420,none,0,0,0,0,0,0,0
11421,none,0,0,0,0,0,0,0
11422,none,0,0,0,0,0,0,0
11423,none,0,0,0,0,0,0,0
11424,baby,1,0,1,0.8949,380,700.29,266112.69
11425,none,0,0,0,0,0,0,0
11426,baby,1,0,1,0.7852,433.7,667.63,289553.71
11427,none,0,0,0,0,0,0,0
11428,baby,1,0,1,0.6932,405.26,695.06,281682.85
11429,baby,1,0,1,0.7889,416.43,697.74,290564.95
11430,baby,1,0,1,0.7288,420.27,637.05,267734.37
11431,none,0,0,0,0,0,0,0
11432,baby,1,0,1,0.7846,425.01,577.02,245243.14
11433,none,0,0,0,0,0,0,0
11434,none,0,0,0,0,0,0,0
11435,baby,1,0,1,0.6699,394.34,666.8,262947.76
11436,baby,1,0,1,0.7332,400.32,693.65,277684.65
11437,baby,1,0,1,0.7044,353.54,691.32,244406.85
11438,none,0,0,0,0,0,0,0
11439,none,0,0,0,0,0,0,0
11440,none,0,0,0,0,0,0,0
11441,none,0,0,0,0,0,0,0
11442,baby,1,0,1,0.6875,415.57,584.67,242974.1
11443,none,0,0,0,0,0,0,0
11444,none,0,0,0,0,0,0,0
11445,baby,1,0,1,0.7909,329.47,464,152873.32
11446,baby,1,0,1,0.7758,332.92,482.56,160654.91
11447,baby,1,0,1,0.8757,386.31,475.84,183821.11
11448,baby,1,0,1,0.7764,383.21,417.61,160031.42
11449,baby,1,0,1,0.8256,335.57,379.21,127253.22
11450,baby,1,0,1,0.8903,335.03,449.37,150551.83
11451,baby,1,0,1,0.8186,326.2,406.74,132676.64
11452,baby,1,0,1,0.8468,322.46,461.61,148847.49
11453,baby,1,0,1,0.784,325.34,424.06,137963.5
11454,baby,1,0,1,0.8591,322.96,443.71,143300.03
11455,baby,1,0,1,0.8617,317.82,459.43,146015.21
11456,baby,1,0,1,0.8487,333.83,524.81,175194.9
11457,baby,1,0,1,0.8579,329.07,512.83,168755.16
11458,baby,1,0,1,0.8464,340.4,664.49,226193.31
11459,none,0,0,0,0,0,0,0
11460,none,0,0,0,0,0,0,0
11461,baby,1,0,1,0.8274,343.28,455.96,156522.26
11462,baby,1,0,1,0.8728,337.24,411.22,138679.81
11463,baby,1,0,1,0.6993,298.44,446.07,133125.75
11464,baby,1,0,1,0.887,356.15,421.02,149945.02
11465,baby,1,0,1,0.7748,302.84,495.28,149988.72
11466,baby,1,0,1,0.6066,273.83,344.98,94465.99
11467,none,0,0,0,0,0,0,0
11468,none,0,0,0,0,0,0,0
11469,none,0,0,0,0,0,0,0
11470,none,0,0,0,0,0,0,0
11471,none,0,0,0,0,0,0,0
11472,baby,1,0,1,0.855,339.08,432.56,146675.07
11473,baby,1,0,1,0.6875,311.11,384.9,119744.88
11474,baby,1,0,1,0.7887,294.82,409.26,120655.91
11475,none,0,0,0,0,0,0,0
11476,baby,1,0,1,0.7426,315.32,433.69,136753.52
11477,none,0,0,0,0,0,0,0
11478,none,0,0,0,0,0,0,0
11479,baby,1,0,1,0.7246,362.01,404.12,146297.47
11480,baby,1,0,1,0.7769,375.66,457.75,171957.22
11481,baby,1,0,1,0.8978,389.5,478.75,186474.94
11482,baby,1,0,1,0.7599,384.19,489.26,187965.27
11483,baby,1,0,1,0.8187,378.63,479.54,181566.33
11484,baby,1,0,1,0.8711,352.02,449.98,158400.09
11485,baby,1,0,1,0.8362,356.24,462.62,164804.75
11486,baby,1,0,1,0.8277,327.18,429.21,140427.88
11487,baby,1,0,1,0.8754,335.4,411.41,137989.25
11488,baby,1,0,1,0.7453,328.25,398.47,130797.12
11489,baby,1,0,1,0.8492,322.43,411.61,132716.52
11490,baby,1,0,1,0.8047,324.63,443.01,143814.8
11491,baby,1,0,1,0.7949,348.69,406.78,141838.05
11492,baby,1,0,1,0.6803,361.63,401.58,145223.59
11493,baby,1,0,1,0.7534,325.53,405.28,131931.19
11494,baby,1,0,1,0.6583,335.23,415.29,139218.68
11495,baby,1,0,1,0.797,353.39,409.16,144592.54
11496,baby,1,0,1,0.8029,332.25,420.7,139778.24
11497,baby,1,0,1,0.7764,348.74,433.36,151129.36
11498,baby,1,0,1,0.8587,358.47,438,157007.43
11499,none,0,0,0,0,0,0,0
11500,none,0,0,0,0,0,0,0
11501,none,0,0,0,0,0,0,0
11502,none,0,0,0,0,0,0,0
11503,none,0,0,0,0,0,0,0
11504,none,0,0,0,0,0,0,0
11505,baby,1,0,1,0.6772,310.95,407.67,126765.34
11506,none,0,0,0,0,0,0,0
11507,none,0,0,0,0,0,0,0
11508,none,0,0,0,0,0,0,0
11509,baby,1,0,1,0.6364,330.81,372.64,123271.06
11510,baby,1,0,1,0.7784,329.76,441.86,145708.69
11511,none,0,0,0,0,0,0,0
11512,baby,1,0,1,0.6711,332.3,373.59,124143.53
11513,baby,1,0,1,0.7553,311.07,397.67,123702.23
11514,baby,1,0,1,0.6605,314.12,364.58,114524.25
11515,baby,1,0,1,0.625,306.57,372.63,114238.57
11516,baby,1,0,1,0.7398,306.59,386.15,118390.6
11517,baby,1,0,1,0.602,310.96,362.72,112790.44
11518,baby,1,0,1,0.6988,306.7,372.57,114268.44
11519,baby,1,0,1,0.6026,306.67,373.05,114401.93
11520,none,0,0,0,0,0,0,0
11521,baby,1,0,1,0.6556,324.27,358.53,116260.07
11522,baby,1,0,1,0.616,331.97,377.73,125394.36
11523,baby,1,0,1,0.642,327.72,365.27,119703.03
11524,baby,1,0,1,0.8304,324.46,432.45,140311.34
11525,baby,1,0,1,0.7942,317.1,413.46,131106.55
11526,baby,1,0,1,0.6274,315.51,345.23,108923.06
11527,none,0,0,0,0,0,0,0
11528,baby,1,0,1,0.6339,315.84,354.29,111898.64
11529,baby,1,0,1,0.6883,315.67,360.99,113955.73
11530,baby,1,0,1,0.6554,318.91,381.62,121703.58
11531,baby,1,0,1,0.7095,319.16,412.73,131727.03
11532,none,0,0,0,0,0,0,0
11533,baby,1,0,1,0.6688,319.16,355.53,113469.83
11534,none,0,0,0,0,0,0,0
11535,baby,1,0,1,0.7005,326.63,405.76,132533.92
11536,baby,1,0,1,0.6033,323.27,388.76,125673.15
11537,none,0,0,0,0,0,0,0
11538,baby,1,0,1,0.6239,336.32,400.85,134814.19
11539,none,0,0,0,0,0,0,0
11540,baby,1,0,1,0.6163,336.84,322.52,108637.75
11541,baby,1,0,1,0.6297,406.26,410.46,166751.7
11542,baby,1,0,1,0.726,319.1,388.11,123845.11
11543,baby,1,0,1,0.6911,326.2,384.73,125498.04
11544,baby,1,0,1,0.7065,325.78,395.17,128737.21
11545,baby,1,0,1,0.8049,324.39,404.77,131304.17
11546,baby,1,0,1,0.7892,322.91,396.65,128082.49
11547,none,0,0,0,0,0,0,0
11548,none,0,0,0,0,0,0,0
11549,none,0,0,0,0,0,0,0
11550,none,0,0,0,0,0,0,0
11551,baby,1,0,1,0.6087,319.65,332.92,106416.89
11552,baby,1,0,1,0.6731,319.15,328.59,104870.85
11553,baby,1,0,1,0.7437,318.05,345.7,109950.11
11554,none,0,0,0,0,0,0,0
11555,none,0,0,0,0,0,0,0
11556,none,0,0,0,0,0,0,0
11557,none,0,0,0,0,0,0,0
11558,none,0,0,0,0,0,0,0
11559,none,0,0,0,0,0,0,0
11560,baby,1,0,1,0.7396,334.5,418.32,139926.93
11561,baby,1,0,1,0.7015,349.27,468.69,163698.23
11562,baby,1,0,1,0.7571,335.37,460.8,154539.14
11563,baby,1,0,1,0.7288,325.41,481.42,156658.66
11564,baby,1,0,1,0.7617,325.24,489.59,159234.63
11565,none,0,0,0,0,0,0,0
11566,none,0,0,0,0,0,0,0
11567,baby,1,0,1,0.611,257.46,243.65,62728.86
11568,baby,1,0,1,0.6508,314.96,344.8,108597.95
11569,baby,1,0,1,0.6139,302.45,385.31,116535.46
11570,baby,1,0,1,0.7377,309.19,468.12,144737.49
11571,baby,1,0,1,0.6628,320.68,327.62,105058.93
11572,baby,1,0,1,0.7681,322.55,340.89,109955.68
11573,none,0,0,0,0,0,0,0
11574,baby,1,0,1,0.6743,346.63,364.58,126375.91
11575,baby,1,0,1,0.8033,336.04,471.84,158555.66
11576,baby,1,0,1,0.6241,321.77,463.97,149293.17
11577,baby,1,0,1,0.7978,318.85,486.42,155096.32
11578,baby,1,0,1,0.8161,323.12,485.75,156954.9
11579,baby,1,0,1,0.7375,306.66,485.95,149023.56
11580,baby,1,0,1,0.8217,305.33,505,154190.25
11581,baby,1,0,1,0.7404,302.75,493.43,149384.2
11582,baby,1,0,1,0.7826,298.35,495.25,147757.67
11583,none,0,0,0,0,0,0,0
11584,none,0,0,0,0,0,0,0
11585,baby,1,0,1,0.6375,385.18,376.51,145022.65
11586,none,0,0,0,0,0,0,0
11587,none,0,0,0,0,0,0,0
11588,baby,1,0,1,0.7442,379.28,380.06,144147.15
11589,none,0,0,0,0,0,0,0
11590,baby,1,0,1,0.6822,379.93,394.75,149978.17
11591,none,0,0,0,0,0,0,0
11592,none,0,0,0,0,0,0,0
11593,baby,1,0,1,0.7858,354.74,384.97,136564.75
11594,baby,1,0,1,0.6328,337.65,342.79,115742.75
11595,none,0,0,0,0,0,0,0
11596,none,0,0,0,0,0,0,0
11597,none,0,0,0,0,0,0,0
11598,none,0,0,0,0,0,0,0
11599,none,0,0,0,0,0,0,0
11600,none,0,0,0,0,0,0,0
11601,baby,1,0,1,0.7504,335.43,343.08,115078.59
11602,baby,1,0,1,0.7488,323.48,360.47,116604.44
11603,none,0,0,0,0,0,0,0
11604,none,0,0,0,0,0,0,0
11605,none,0,0,0,0,0,0,0
11606,none,0,0,0,0,0,0,0
11607,baby,1,0,1,0.6308,345.35,383.98,132607.71
11608,none,0,0,0,0,0,0,0
11609,none,0,0,0,0,0,0,0
11610,baby,1,0,1,0.6934,371.83,383.07,142437.58
11611,none,0,0,0,0,0,0,0
11612,none,0,0,0,0,0,0,0
11613,baby,1,0,1,0.7685,358.44,347.78,124659.74
11614,none,0,0,0,0,0,0,0
11615,none,0,0,0,0,0,0,0
11616,none,0,0,0,0,0,0,0
11617,none,0,0,0,0,0,0,0
11618,none,0,0,0,0,0,0,0
11619,baby,1,0,1,0.6279,352.39,322.65,113698.59
11620,baby,1,0,1,0.8968,375.22,382.54,143535.73
11621,baby,1,0,1,0.8816,386.16,387.5,149637.41
11622,baby,1,0,1,0.8554,365.73,383.12,140116.8
11623,baby,1,0,1,0.8665,356.19,396.08,141081.06
11624,baby,1,0,1,0.8345,358.47,383.48,137464.64
11625,baby,1,0,1,0.876,355.68,410.03,145838.42
11626,baby,1,0,1,0.8488,359.53,412.39,148264.96
11627,baby,1,0,1,0.8596,352.56,387.02,136447.46
11628,baby,1,0,1,0.8605,362.55,400.74,145290.07
11629,baby,1,0,1,0.7864,377.29,416.35,157082.92
11630,baby,1,0,1,0.7378,384.01,452.28,173683.48
11631,none,0,0,0,0,0,0,0
11632,none,0,0,0,0,0,0,0
11633,none,0,0,0,0,0,0,0
11634,none,0,0,0,0,0,0,0
11635,none,0,0,0,0,0,0,0
11636,none,0,0,0,0,0,0,0
11637,none,0,0,0,0,0,0,0
11638,baby,1,0,1,0.8642,407.41,395.17,160998.25
11639,baby,1,0,1,0.8611,408.09,533.02,217520.33
11640,none,0,0,0,0,0,0,0
11641,baby,1,0,1,0.6616,367.51,383.34,140881.39
11642,baby,1,0,1,0.7511,359.61,370.93,133390.09
11643,baby,1,0,1,0.6917,347.98,387.46,134827.37
11644,none,0,0,0,0,0,0,0
11645,none,0,0,0,0,0,0,0
11646,none,0,0,0,0,0,0,0
11647,none,0,0,0,0,0,0,0
11648,none,0,0,0,0,0,0,0
11649,none,0,0,0,0,0,0,0
11650,none,0,0,0,0,0,0,0
11651,none,0,0,0,0,0,0,0
11652,none,0,0,0,0,0,0,0
11653,baby,1,0,1,0.8738,379.05,564.88,214118.91
11654,baby,1,0,1,0.8308,372.88,510.51,190358.48
11655,baby,1,0,1,0.8164,338.02,472.42,159689.41
11656,baby,1,0,1,0.8892,356.04,515.23,183442.56
11657,baby,1,0,1,0.802,367.48,389.77,143231.25
11658,baby,1,0,1,0.8386,373.63,489.08,182735.18
11659,baby,1,0,1,0.8643,362.17,549.24,198915.7
11660,baby,1,0,1,0.8795,357,547.84,195577.98
11661,baby,1,0,1,0.9042,353,506.05,178637.32
11662,baby,1,0,1,0.8678,352.5,505.87,178317.88
11663,baby,1,0,1,0.8483,353.84,526.38,186253.59
11664,baby,1,0,1,0.8258,343.25,523.74,179771.16
11665,baby,1,0,1,0.6754,345.32,341.26,117844
11666,baby,1,0,1,0.8272,335.32,389.55,130623.96
11667,baby,1,0,1,0.8008,368,430.28,158343.25
11668,none,0,0,0,0,0,0,0
11669,baby,1,0,1,0.6572,349.54,360.55,126027.99
11670,baby,1,0,1,0.7519,322.39,356.6,114962.08
11671,baby,1,0,1,0.8256,324.56,400.91,130119.36
11672,baby,1,0,1,0.814,320.87,355.25,113989.03
11673,baby,1,0,1,0.8091,320.02,348.05,111383.04
11674,baby,1,0,1,0.8901,323.79,377.28,122158.24
11675,baby,1,0,1,0.8329,324.79,432.39,140434
11676,baby,1,0,1,0.8536,324.05,366.97,118914.44
11677,baby,1,0,1,0.8372,320.87,364.04,116810.69
11678,baby,1,0,1,0.7978,318.63,360.51,114870.31
11679,baby,1,0,1,0.8001,323.8,374.34,121210.5
11680,baby,1,0,1,0.7971,311.98,504.21,157305.81
11681,baby,1,0,1,0.7902,326.98,360.46,117865.58
11682,baby,1,0,1,0.8523,330.32,393.34,129925.45
11683,baby,1,0,1,0.7957,329.3,372.3,122598.31
11684,baby,1,0,1,0.753,343.75,396.28,136220.46
11685,baby,1,0,1,0.8305,340.16,489.18,166401.12
11686,baby,1,0,1,0.7414,324.48,357.38,115964.14
11687,baby,1,0,1,0.7022,329.02,356.43,117273.46
11688,baby,1,0,1,0.8124,329.49,432.32,142443.36
11689,baby,1,0,1,0.7469,334.35,364.03,121712.46
11690,baby,1,0,1,0.6468,329.51,350.9,115622.62
11691,baby,1,0,1,0.7614,334.72,427.03,142936.11
11692,baby,1,0,1,0.7271,312.44,459.44,143546.78
11693,baby,1,0,1,0.6506,325.33,357.82,116410.22
11694,baby,1,0,1,0.8371,329.86,358.57,118277.39
11695,baby,1,0,1,0.8568,328.59,361.82,118890.51
11696,baby,1,0,1,0.8039,327.29,358.56,117353.55
11697,baby,1,0,1,0.7887,318.33,497.62,158410.17
11698,none,0,0,0,0,0,0,0
11699,none,0,0,0,0,0,0,0
11700,none,0,0,0,0,0,0,0
11701,baby,1,0,1,0.8296,361.01,465.25,167957.61
11702,baby,1,0,1,0.8236,346.98,408.08,141598.4
11703,baby,1,0,1,0.8417,336.81,378.34,127429.44
11704,baby,1,0,1,0.874,349.61,386.75,135210.79
11705,baby,1,0,1,0.8443,361.14,414.36,149639.99
11706,baby,1,0,1,0.8756,360.35,437.08,157502.99
11707,baby,1,0,1,0.8581,348.34,396.46,138102.12
11708,baby,1,0,1,0.8572,363.79,518.73,188709.15
11709,baby,1,0,1,0.8688,358.73,460.43,165172.21
11710,baby,1,0,1,0.8879,362.65,475.05,172276.24
11711,baby,1,0,1,0.8811,361.54,476.2,172168.26
11712,baby,1,0,1,0.8923,366.78,511.02,187434.67
11713,baby,1,0,1,0.8198,349.45,456.51,159528.85
11714,baby,1,0,1,0.8892,368.35,507.13,186802.64
11715,baby,1,0,1,0.8998,371.71,511.07,189966.15
11716,baby,1,0,1,0.8763,362.68,513.46,186219.81
11717,baby,1,0,1,0.9208,353.18,522.25,184448.11
11718,baby,1,0,1,0.8995,388.92,446.32,173581.38
11719,baby,1,0,1,0.8646,326.57,379.3,123867.8
11720,baby,1,0,1,0.7488,308.14,340.44,104903.48
11721,baby,1,0,1,0.7975,300.93,330.37,99416.09
11722,baby,1,0,1,0.8178,305.9,345.01,105540.91
11723,baby,1,0,1,0.8355,301.87,353.2,106619.33
11724,baby,1,0,1,0.825,300.86,353.12,106240.13
11725,baby,1,0,1,0.768,312.61,356.36,111402.73
11726,baby,1,0,1,0.8317,309.67,358.5,111017.59
11727,baby,1,0,1,0.8149,313.17,356.4,111614.73
11728,baby,1,0,1,0.7793,309.26,352.25,108938.42
11729,baby,1,0,1,0.7808,312.76,363.24,113605.54
11730,baby,1,0,1,0.803,306.44,351.09,107588.92
11731,baby,1,0,1,0.8181,308.84,359.12,110911.9
11732,baby,1,0,1,0.6071,300.35,356.3,107014.14
11733,none,0,0,0,0,0,0,0
11734,baby,1,0,1,0.7642,311.16,360.64,112218.78
11735,baby,1,0,1,0.7234,306.24,333.93,102260.01
11736,baby,1,0,1,0.8236,313.1,345.15,108064.11
11737,baby,1,0,1,0.7606,319.54,335.1,107077.93
11738,baby,1,0,1,0.7839,313.38,334.48,104818.42
11739,baby,1,0,1,0.8064,307.52,331.34,101892.65
11740,baby,1,0,1,0.8031,315.71,334.58,105631.01
11741,baby,1,0,1,0.7887,297.54,328.67,97790.13
11742,none,0,0,0,0,0,0,0
11743,none,0,0,0,0,0,0,0
11744,baby,1,0,1,0.7987,279.01,329.73,91997.95
11745,baby,1,0,1,0.7976,275.1,319.31,87841.72
11746,baby,1,0,1,0.8233,272,317.24,86289.56
11747,baby,1,0,1,0.7549,311.88,333.71,104079.03
11748,baby,1,0,1,0.8271,292.2,349.86,102227.83
11749,baby,1,0,1,0.7794,293.74,350.44,102938.28
11750,baby,1,0,1,0.8068,291.54,347.32,101256.31
11751,baby,1,0,1,0.7677,307.56,334.71,102943.76
11752,baby,1,0,1,0.7821,311.8,339.74,105928.53
11753,baby,1,0,1,0.7659,316.1,334.51,105737.92
11754,baby,1,0,1,0.7796,307.13,339.74,104345.2
11755,baby,1,0,1,0.7978,316.27,340.59,107716.86
11756,none,0,0,0,0,0,0,0
11757,baby,1,0,1,0.794,299.6,327.9,98239.53
11758,baby,1,0,1,0.7808,298.93,323.04,96566.48
11759,baby,1,0,1,0.816,298.2,324.79,96852.57
11760,baby,1,0,1,0.7801,299.63,347.88,104234.95
11761,baby,1,0,1,0.7765,300.08,334.21,100288.61
11762,baby,1,0,1,0.7854,307.79,331.47,102023.58
11763,baby,1,0,1,0.7455,304.17,339.29,103201.83
11764,baby,1,0,1,0.779,298.3,326.92,97520.55
11765,baby,1,0,1,0.7939,300.03,329.97,98999.93
11766,baby,1,0,1,0.7905,297.37,333.35,99127.91
11767,baby,1,0,1,0.8012,300.31,350.5,105261.05
11768,baby,1,0,1,0.7919,302.66,364.22,110237.12
11769,baby,1,0,1,0.786,298.25,359.65,107265.93
11770,baby,1,0,1,0.8118,299.12,349.89,104660.67
11771,baby,1,0,1,0.6264,301.75,356.93,107702.01
11772,baby,1,0,1,0.6649,306.26,354.77,108652.42
11773,baby,1,0,1,0.7798,303.16,339.18,102828.32
11774,baby,1,0,1,0.8321,306.42,341.12,104525.18
11775,baby,1,0,1,0.8181,314.95,342.38,107832.1
11776,baby,1,0,1,0.7103,291.44,312.84,91175.13
11777,baby,1,0,1,0.6928,299.44,362,108397.29
11778,baby,1,0,1,0.7045,303.57,388.98,118085.04
11779,baby,1,0,1,0.7212,306.65,363.62,111505.92
11780,baby,1,0,1,0.7317,300.45,385.26,115751.64
11781,none,0,0,0,0,0,0,0
11782,none,0,0,0,0,0,0,0
11783,baby,1,0,1,0.6446,277.69,318.44,88428.72
11784,none,0,0,0,0,0,0,0
11785,none,0,0,0,0,0,0,0
11786,baby,1,0,1,0.6153,315.77,391.67,123677.57
11787,baby,1,0,1,0.6242,300.45,372.52,111923.79
11788,baby,1,0,1,0.7325,305.41,375.75,114758.47
11789,baby,1,0,1,0.7779,304.15,358.89,109157.71
11790,baby,1,0,1,0.7862,298.2,352.77,105195.82
11791,baby,1,0,1,0.8325,302.29,353.18,106762.95
11792,baby,1,0,1,0.7959,302.57,344.63,104274.94
11793,baby,1,0,1,0.7973,300.05,342.94,102899.37
11794,none,0,0,0,0,0,0,0
11795,none,0,0,0,0,0,0,0
11796,baby,1,0,1,0.8163,350.51,412.74,144672.06
11797,baby,1,0,1,0.7223,342.13,370.28,126687.11
11798,baby,1,0,1,0.683,363.26,364.91,132559.37
11799,baby,1,0,1,0.6317,362.5,366.35,132803.1
11800,baby,1,0,1,0.7614,347.2,369.91,128432.76
11801,baby,1,0,1,0.7843,349.88,363.57,127203.26
11802,baby,1,0,1,0.7642,349.16,375.44,131090.8
11803,baby,1,0,1,0.7714,345.41,374.36,129307.48
11804,baby,1,0,1,0.7437,340.52,370.74,126244.98
11805,baby,1,0,1,0.6631,336.56,366.58,123375.83
11806,baby,1,0,1,0.7712,342.06,369.33,126333.07
11807,baby,1,0,1,0.7576,338.07,379.46,128283.93
11808,baby,1,0,1,0.7637,342.85,373.28,127981.63
11809,baby,1,0,1,0.784,341.24,372.48,127105.91
11810,baby,1,0,1,0.7715,341.45,372.89,127322.72
11811,baby,1,0,1,0.7446,332.36,374.16,124356.62
11812,baby,1,0,1,0.7214,329.95,362.94,119751.15
11813,baby,1,0,1,0.8088,330.57,379.34,125397.32
11814,baby,1,0,1,0.8035,336.46,378.86,127471.55
11815,baby,1,0,1,0.6503,343.23,372.32,127793.86
11816,none,0,0,0,0,0,0,0
11817,baby,1,0,1,0.7405,333.56,380.35,126871.43
11818,baby,1,0,1,0.6644,342.89,380.14,130348.16
11819,baby,1,0,1,0.7419,328.14,376.4,123511.03
11820,baby,1,0,1,0.7531,334.94,381.82,127887.98
11821,baby,1,0,1,0.7129,340.08,373.36,126975.06
11822,baby,1,0,1,0.7441,347.7,376.65,130960.29
11823,baby,1,0,1,0.6768,333.44,378.03,126048.41
11824,baby,1,0,1,0.7129,343.79,377.89,129917.97
11825,baby,1,0,1,0.6625,345.23,366.61,126562.89
11826,none,0,0,0,0,0,0,0
11827,baby,1,0,1,0.8506,332.31,373.81,124222.49
11828,baby,1,0,1,0.8023,328.82,369.2,121398.51
11829,baby,1,0,1,0.8233,333.25,383.94,127948.32
11830,baby,1,0,1,0.7639,333.57,377.04,125771.49
11831,baby,1,0,1,0.8454,328.66,375.81,123511.58
11832,baby,1,0,1,0.8752,348.77,396.76,138377.18
11833,baby,1,0,1,0.8839,353.92,392.52,138920.68
11834,baby,1,0,1,0.8874,349.21,399.33,139451.71
11835,baby,1,0,1,0.7197,331.27,377.85,125172.03
11836,baby,1,0,1,0.8266,345.71,381.97,132050.61
11837,baby,1,0,1,0.7979,319.47,390.81,124850
11838,baby,1,0,1,0.8229,334.85,420.84,140919.01
11839,baby,1,0,1,0.8028,343.6,424.15,145737.93
11840,baby,1,0,1,0.8695,365.72,415.09,151806.56
11841,none,0,0,0,0,0,0,0
11842,none,0,0,0,0,0,0,0
11843,none,0,0,0,0,0,0,0
11844,none,0,0,0,0,0,0,0
11845,none,0,0,0,0,0,0,0
11846,none,0,0,0,0,0,0,0
11847,none,0,0,0,0,0,0,0
11848,none,0,0,0,0,0,0,0
11849,baby,1,0,1,0.8676,329.84,441.19,145522.66
11850,baby,1,0,1,0.7382,290.48,455.87,132421.69
11851,none,0,0,0,0,0,0,0
11852,baby,1,0,1,0.6911,294.27,300.24,88351.15
11853,none,0,0,0,0,0,0,0
11854,none,0,0,0,0,0,0,0
11855,baby,1,0,1,0.743,337.83,394,133107.12
11856,none,0,0,0,0,0,0,0
11857,none,0,0,0,0,0,0,0
11858,none,0,0,0,0,0,0,0
11859,none,0,0,0,0,0,0,0
11860,none,0,0,0,0,0,0,0
11861,none,0,0,0,0,0,0,0
11862,baby,1,0,1,0.8817,359.25,390.56,140307.68
11863,none,0,0,0,0,0,0,0
11864,none,0,0,0,0,0,0,0
11865,none,0,0,0,0,0,0,0
11866,none,0,0,0,0,0,0,0
11867,none,0,0,0,0,0,0,0
11868,none,0,0,0,0,0,0,0
11869,none,0,0,0,0,0,0,0
11870,none,0,0,0,0,0,0,0
11871,none,0,0,0,0,0,0,0
11872,none,0,0,0,0,0,0,0
11873,none,0,0,0,0,0,0,0
11874,none,0,0,0,0,0,0,0
11875,none,0,0,0,0,0,0,0
11876,none,0,0,0,0,0,0,0
11877,baby,1,0,1,0.6778,222.03,210.07,46641.72
11878,baby,1,0,1,0.8377,214.23,345.2,73952.36
11879,baby,1,0,2,0.7988,215.71,311.27,67143.67
11880,baby,1,0,1,0.8171,218.09,308.3,67237.36
11881,baby,1,0,2,0.8085,211.07,272.2,57454.04
11882,baby,1,0,2,0.8104,213.35,298.77,63743.07
11883,baby,1,0,1,0.8075,223.55,279.34,62445.24
11884,baby,1,0,1,0.7927,187.04,293.37,54873.27
11885,baby,1,0,1,0.7816,188.64,265.68,50119.67
11886,baby,1,0,1,0.8086,202.25,335.08,67771.32
11887,baby,1,0,1,0.7261,187.59,291.78,54736.45
11888,baby,1,0,1,0.776,195.37,348.71,68125.58
11889,baby,1,0,1,0.7255,194.29,309.49,60131.11
11890,baby,1,0,1,0.7884,189.91,306.71,58246.01
11891,baby,1,0,1,0.781,191.51,335.87,64321.18
11892,baby,1,0,1,0.8296,198.62,339.89,67508.25
11893,baby,1,0,1,0.8362,191.53,357.79,68528.45
11894,baby,1,0,1,0.7572,199.09,345.08,68703.61
11895,baby,1,0,1,0.7503,205.55,361.06,74217.1
11896,baby,1,0,2,0.7952,199.85,268.6,53679.77
11897,baby,1,0,1,0.8035,203.28,353.29,71818.07
11898,baby,1,0,1,0.7633,202.93,354.47,71931.84
11899,baby,1,0,1,0.8094,202.34,293.17,59319.71
11900,baby,1,0,2,0.7749,200.15,262.99,52637.23
11901,baby,1,0,2,0.702,191.92,422.15,81016.62
11902,baby,1,0,1,0.7939,200.07,354.51,70927.56
11903,baby,1,0,1,0.7917,206.76,337.64,69809.42
11904,baby,1,0,1,0.7977,198.7,366.84,72890.6
11905,baby,1,0,2,0.7902,199.45,272.81,54410.22
11906,baby,1,0,1,0.8015,197.16,355.47,70084.58
11907,baby,1,0,1,0.7944,195.76,355.79,69649.18
11908,baby,1,0,1,0.7685,197.09,364.66,71872.76
11909,baby,1,0,1,0.7812,194.51,359.08,69844.96
11910,baby,1,0,1,0.7924,202.03,366.48,74037.99
11911,baby,1,0,1,0.8018,197.51,374.09,73884.68
11912,baby,1,0,1,0.8018,201.77,253.11,51069.52
11913,baby,1,0,1,0.7782,243.01,300.59,73047.51
11914,baby,1,0,1,0.7414,216.82,279.16,60527.98
11915,baby,1,0,1,0.7795,216.73,293.85,63688.2
11916,baby,1,0,1,0.7807,215.32,288.56,62134.6
11917,baby,1,0,1,0.7804,213.08,302.55,64467.05
11918,baby,1,0,1,0.7749,207.32,294.63,61081.77
11919,baby,1,0,1,0.8074,210.79,288.07,60721.78
11920,baby,1,0,1,0.7854,209.88,294.68,61848.27
11921,baby,1,0,1,0.7805,274.2,284.43,77989.83
11922,baby,1,0,1,0.7232,279.13,328.71,91753.37
11923,baby,1,0,1,0.8585,283.23,392.63,111206.32
11924,baby,1,0,1,0.8596,342.72,383.88,131564.39
11925,baby,1,0,1,0.8015,307.04,360.86,110798.94
11926,baby,1,0,1,0.9115,301.13,430.04,129497.14
11927,baby,1,0,1,0.9186,301.73,417.09,125846.3
11928,baby,1,0,1,0.8895,303.02,418.94,126947.62
11929,baby,1,0,1,0.8969,319.9,425.41,136089.18
11930,baby,1,0,1,0.9163,320.96,427.07,137073.98
11931,baby,1,0,1,0.9001,306.31,423.17,129623.24
11932,baby,1,0,1,0.8263,303.59,339.51,103071.86
11933,baby,1,0,1,0.827,326.3,406.54,132653.05
11934,baby,1,0,1,0.8821,325.34,417.12,135703.98
11935,baby,1,0,1,0.8471,334.49,406.22,135875.38
11936,baby,1,0,1,0.8576,326.62,411.8,134503.82
11937,baby,1,0,1,0.836,303.02,415.07,125773.84
11938,baby,1,0,1,0.8477,318.07,478.06,152055.32
11939,baby,1,0,1,0.8577,331.08,414.38,137193.58
11940,baby,1,0,1,0.854,338.76,420.18,142338.87
11941,baby,1,0,1,0.6309,409.79,447.38,183332.18
11942,none,0,0,0,0,0,0,0
11943,none,0,0,0,0,0,0,0
11944,none,0,0,0,0,0,0,0
11945,none,0,0,0,0,0,0,0
11946,empty_seat,0,1,0,0.6996,319.38,330.6,105585.46
11947,empty_seat,0,1,0,0.67,321.08,324.18,104086.89
11948,empty_seat,0,1,0,0.6988,316.87,326.53,103469.16
11949,empty_seat,0,1,0,0.6853,320.92,327.77,105187.76
11950,empty_seat,0,1,0,0.7239,317.91,325.49,103477.77
11951,empty_seat,0,1,0,0.6885,319.33,327.13,104460.19
11952,empty_seat,0,1,0,0.6874,319.35,328.26,104829.27
11953,empty_seat,0,1,0,0.6947,319.03,323.5,103204.31
11954,empty_seat,0,1,0,0.7059,320.25,325.6,104275.64
11955,empty_seat,0,1,0,0.7198,319.89,329.1,105276.18
11956,empty_seat,0,1,0,0.6922,322.77,325.52,105067.89
11957,empty_seat,0,1,0,0.734,314.47,321.83,101204.71
11958,empty_seat,0,1,0,0.7183,321.38,331.22,106447.07
11959,empty_seat,0,1,0,0.6829,321,325.95,104629.51
11960,empty_seat,0,1,0,0.7088,321.34,316.96,101853.83
11961,empty_seat,0,1,0,0.7198,324.47,325.85,105727.71
11962,empty_seat,0,1,0,0.7008,318.86,325.05,103644.46
11963,empty_seat,0,1,0,0.7471,324.78,331.57,107684.47
11964,empty_seat,0,1,0,0.7056,316.1,329.77,104240.42
11965,empty_seat,0,1,0,0.7273,320.88,333.59,107043.77
11966,empty_seat,0,1,0,0.6735,320.73,328.29,105293.47
11967,empty_seat,0,1,0,0.6982,321.39,324.5,104291.7
11968,empty_seat,0,1,0,0.6824,316.96,327.27,103732.47
11969,empty_seat,0,1,0,0.7264,322.97,321.92,103969.06
11970,empty_seat,0,1,0,0.6842,319.56,326.54,104349.38
11971,empty_seat,0,1,0,0.692,320.6,329.82,105740.52
11972,empty_seat,0,1,0,0.6989,321.62,328.53,105661.75
11973,empty_seat,0,1,0,0.7063,318.75,330.41,105318.86
11974,empty_seat,0,1,0,0.7208,319.6,330.03,105480.11
11975,empty_seat,0,1,0,0.687,317.65,325.08,103260.69
11976,empty_seat,0,1,0,0.6806,318.33,325.79,103708.93
11977,empty_seat,0,1,0,0.6977,318.83,327.09,104284.21
11978,empty_seat,0,1,0,0.6932,322.04,323.69,104239.68
11979,empty_seat,0,1,0,0.7289,321.49,328.74,105688.2
11980,empty_seat,0,1,0,0.7061,318.78,329.88,105161.28
11981,empty_seat,0,1,0,0.6308,320.04,323.72,103603.84
11982,empty_seat,0,1,0,0.7215,323.2,327.05,105700.47
11983,empty_seat,0,1,0,0.7165,321.72,323.7,104140.57
11984,empty_seat,0,1,0,0.6782,320.39,330.85,106001.35
11985,empty_seat,0,1,0,0.709,320.97,322.68,103569.94
11986,empty_seat,0,1,0,0.6641,317.56,325.55,103380.49
11987,empty_seat,0,1,0,0.6819,323.1,326.28,105420.11
11988,empty_seat,0,1,0,0.7024,321.71,327.71,105427.55
11989,empty_seat,0,1,0,0.6901,322.3,326.51,105233.33
11990,empty_seat,0,1,0,0.6929,324.79,324.94,105536.64
11991,empty_seat,0,1,0,0.7312,316.96,323.99,102692.28
11992,empty_seat,0,1,0,0.6655,318.39,329.34,104858.52
11993,empty_seat,0,1,0,0.727,319.99,326.52,104483.32
11994,empty_seat,0,1,0,0.6935,322.3,320.67,103354.56
11995,empty_seat,0,1,0,0.7099,318.5,326.83,104093.27
11996,empty_seat,0,1,0,0.6572,322.09,325.19,104742.24
11997,empty_seat,0,1,0,0.7271,317.66,325.12,103276.42
11998,empty_seat,0,1,0,0.7038,318.23,323.8,103044.14
11999,empty_seat,0,1,0,0.7083,320.55,321.96,103205.93
12000,empty_seat,0,1,0,0.7186,323.25,322.01,104088.04
12001,empty_seat,0,1,0,0.7093,318.74,324.42,103407.03
12002,empty_seat,0,1,0,0.6711,315.24,322.94,101805.92
12003,empty_seat,0,1,0,0.7149,321.44,325.94,104769.44
12004,empty_seat,0,1,0,0.7204,317.63,325.87,103506.04
12005,empty_seat,0,1,0,0.7387,322.08,328.07,105665.64
12006,empty_seat,0,1,0,0.6896,320.53,325.74,104409.59
12007,empty_seat,0,1,0,0.6966,319.42,326.14,104177.48
12008,empty_seat,0,1,0,0.6732,317.69,323.73,102844.26
12009,empty_seat,0,1,0,0.6904,319.66,324.35,103679.75
12010,empty_seat,0,1,0,0.6992,319.88,322.84,103269.01
12011,empty_seat,0,1,0,0.7203,318.62,329.04,104836.91
12012,empty_seat,0,1,0,0.7282,318.37,323.76,103077.37
12013,empty_seat,0,1,0,0.6961,320.63,327.51,105010.07
12014,empty_seat,0,1,0,0.728,319.66,330.24,105565.16
12015,empty_seat,0,1,0,0.6656,324.9,326.95,106226.01
12016,empty_seat,0,1,0,0.7001,321.15,327.28,105104.75
12017,empty_seat,0,1,0,0.6968,318.58,330.6,105323.39
12018,empty_seat,0,1,0,0.7423,317.49,326.78,103748.81
12019,empty_seat,0,1,0,0.7263,320.95,324.68,104205.74
12020,empty_seat,0,1,0,0.693,319.57,321.66,102795.25
12021,empty_seat,0,1,0,0.7265,318.41,326.83,104064.4
12022,empty_seat,0,1,0,0.7217,320.29,327.09,104762.38
12023,empty_seat,0,1,0,0.6856,319.83,327.68,104802.5
12024,empty_seat,0,1,0,0.6864,321.87,332.36,106974.63
12025,empty_seat,0,1,0,0.7203,320.65,320.97,102919.97
12026,empty_seat,0,1,0,0.6895,320.09,327.73,104902.38
12027,empty_seat,0,1,0,0.6395,320.55,327.33,104924.87
12028,empty_seat,0,1,0,0.7188,315.57,325.23,102631.86
12029,empty_seat,0,1,0,0.7174,319.94,324.72,103892.52
12030,empty_seat,0,1,0,0.663,315.69,325.86,102869.89
12031,empty_seat,0,1,0,0.7296,318.89,326.94,104260.51
12032,empty_seat,0,1,0,0.7187,321.22,323.84,104025.77
12033,empty_seat,0,1,0,0.7137,322.91,328.89,106203.08
12034,empty_seat,0,1,0,0.6937,318.95,327.45,104438.82
12035,empty_seat,0,1,0,0.7328,321.88,323.86,104244.1
12036,empty_seat,0,1,0,0.7319,318.08,327.77,104258.69
12037,empty_seat,0,1,0,0.6537,319.81,322.01,102984.94
12038,empty_seat,0,1,0,0.6635,322.71,321.34,103696.97
12039,empty_seat,0,1,0,0.7252,315.35,323.4,101985.1
12040,empty_seat,0,1,0,0.719,318.72,323.76,103188.82
12041,empty_seat,0,1,0,0.6827,319.5,322.73,103114.01
12042,empty_seat,0,1,0,0.7123,319.88,325.56,104141.99
12043,empty_seat,0,1,0,0.7253,321.64,331.87,106742.84
12044,empty_seat,0,1,0,0.7309,320.47,322.57,103374.81
12045,empty_seat,0,1,0,0.7039,321.24,322,103440.63
12046,empty_seat,0,1,0,0.6696,321.45,323.99,104147.06
12047,empty_seat,0,1,0,0.6826,321.11,323.34,103826.34
12048,empty_seat,0,1,0,0.6811,323.37,324.62,104972.15
12049,empty_seat,0,1,0,0.6923,317.33,325.11,103167
12050,empty_seat,0,1,0,0.7174,315.29,324.48,102303.96
12051,empty_seat,0,1,0,0.7176,317.01,325.44,103166.49
12052,empty_seat,0,1,0,0.6762,320.49,321.64,103082.51
12053,empty_seat,0,1,0,0.7284,323.14,328.02,105996.52
12054,empty_seat,0,1,0,0.7082,318.46,316.96,100940
12055,empty_seat,0,1,0,0.706,321.44,325.78,104719.07
12056,empty_seat,0,1,0,0.735,321.93,328.42,105729.52
12057,empty_seat,0,1,0,0.7136,321.14,320.67,102980.78
12058,empty_seat,0,1,0,0.7593,324.28,325.78,105642.53
12059,empty_seat,0,1,0,0.6623,321.59,319.2,102650.26
12060,empty_seat,0,1,0,0.7061,319.23,325.72,103977.98
12061,empty_seat,0,1,0,0.7096,320.45,329.3,105525.18
12062,empty_seat,0,1,0,0.6975,322.44,322.11,103860.28
12063,empty_seat,0,1,0,0.6933,313.76,320.2,100467.3
12064,empty_seat,0,1,0,0.6825,317.68,324.66,103138.29
12065,empty_seat,0,1,0,0.7324,327.71,322.74,105763.23
12066,empty_seat,0,1,0,0.7139,321.78,317.91,102297.29
12067,empty_seat,0,1,0,0.6551,318.55,326.65,104055
12068,empty_seat,0,1,0,0.6715,318.92,322.03,102703.51
12069,empty_seat,0,1,0,0.6881,318.17,324.1,103118.73
12070,empty_seat,0,1,0,0.682,322.16,326.35,105137.54
12071,empty_seat,0,1,0,0.7304,317.86,323.69,102891.05
12072,empty_seat,0,1,0,0.7377,322.89,324.47,104767.5
12073,empty_seat,0,1,0,0.6885,323.57,326.26,105568.45
12074,empty_seat,0,1,0,0.72,318.04,319.1,101487.62
12075,empty_seat,0,1,0,0.7146,324.75,330.09,107195.57
12076,empty_seat,0,1,0,0.6824,322.28,322.24,103851.34
12077,empty_seat,0,1,0,0.7191,321.45,322.93,103806.61
12078,empty_seat,0,1,0,0.6934,322.8,327.14,105601.36
12079,empty_seat,0,1,0,0.714,319.88,321,102680.79
12080,empty_seat,0,1,0,0.7137,321.7,324.91,104520.67
12081,empty_seat,0,1,0,0.6795,321.62,324.43,104342.59
12082,empty_seat,0,1,0,0.7033,322.58,323.98,104509.13
12083,empty_seat,0,1,0,0.7027,317.23,327.65,103940.14
12084,empty_seat,0,1,0,0.7388,321.25,327.99,105366.25
12085,empty_seat,0,1,0,0.6786,320.98,320.59,102904.97
12086,empty_seat,0,1,0,0.6764,318.62,322.14,102641.46
12087,empty_seat,0,1,0,0.6885,318.39,320.58,102071.58
12088,empty_seat,0,1,0,0.7239,319.38,326.53,104287.46
12089,empty_seat,0,1,0,0.7106,318.34,325.72,103689.7
12090,empty_seat,0,1,0,0.6907,318.42,323.96,103157.13
12091,empty_seat,0,1,0,0.6994,322.7,326.07,105222
12092,empty_seat,0,1,0,0.7179,322.82,328.13,105928.82
12093,empty_seat,0,1,0,0.7287,318.66,325.16,103616.06
12094,empty_seat,0,1,0,0.7128,322.22,327.47,105515.54
12095,empty_seat,0,1,0,0.6514,318.84,321.15,102394
12096,empty_seat,0,1,0,0.7015,319.27,327.68,104617.81
12097,empty_seat,0,1,0,0.715,318.37,320.46,102025.83
12098,empty_seat,0,1,0,0.7031,321.93,322.07,103685.83
12099,empty_seat,0,1,0,0.7166,320.08,333.35,106697.88
12100,empty_seat,0,1,0,0.6474,320.22,327.58,104900.04
12101,empty_seat,0,1,0,0.7119,319.91,330.7,105796.04
12102,empty_seat,0,1,0,0.716,321.97,324.89,104604.7
12103,empty_seat,0,1,0,0.7304,319.65,325.29,103976.83
12104,empty_seat,0,1,0,0.6896,321.36,325.8,104699.27
12105,empty_seat,0,1,0,0.7016,319.16,324.25,103488.93
12106,empty_seat,0,1,0,0.6423,321.03,321.86,103326.02
12107,empty_seat,0,1,0,0.7147,326.35,324.96,106052.01
12108,empty_seat,0,1,0,0.705,323.43,324.24,104870.2
12109,empty_seat,0,1,0,0.7312,320.08,323.57,103568.57
12110,empty_seat,0,1,0,0.6774,317.19,320.39,101623.56
12111,empty_seat,0,1,0,0.7313,315.99,326.31,103112.04
12112,empty_seat,0,1,0,0.7,318.6,329.7,105042.08
12113,empty_seat,0,1,0,0.6886,317.04,324.88,103001.76
12114,empty_seat,0,1,0,0.6957,315.28,325.92,102755.27
12115,empty_seat,0,1,0,0.6711,315.97,322.04,101757.37
12116,empty_seat,0,1,0,0.7158,319.61,327.63,104713.85
12117,empty_seat,0,1,0,0.6949,318.97,326,103985.54
12118,empty_seat,0,1,0,0.7018,323.95,326.29,105702.46
12119,empty_seat,0,1,0,0.7091,319.49,325.15,103883.32
12120,empty_seat,0,1,0,0.7183,318.49,325.56,103688.76
12121,empty_seat,0,1,0,0.7296,321.8,328.63,105753.68
12122,empty_seat,0,1,0,0.7243,323.09,332.44,107407.15
12123,empty_seat,0,1,0,0.6981,319.04,326.32,104109.56
12124,empty_seat,0,1,0,0.693,320.51,326.51,104647.29
12125,empty_seat,0,1,0,0.6747,321.63,321.94,103546.17
12126,empty_seat,0,1,0,0.701,315.59,323.07,101956.06
12127,empty_seat,0,1,0,0.6907,321.47,322.91,103804.07
12128,empty_seat,0,1,0,0.7249,320.88,329.79,105823.54
12129,empty_seat,0,1,0,0.706,319.36,326.25,104190.58
12130,empty_seat,0,1,0,0.6945,318.68,321.02,102301.82
12131,empty_seat,0,1,0,0.629,321.39,324.43,104270.56
12132,empty_seat,0,1,0,0.6958,315.89,321.06,101419.13
12133,empty_seat,0,1,0,0.7064,320.16,324.61,103928.45
12134,empty_seat,0,1,0,0.724,321.59,324.1,104226.67
12135,empty_seat,0,1,0,0.7231,318.64,323.13,102963.17
12136,empty_seat,0,1,0,0.6954,319.03,324.94,103667.7
12137,empty_seat,0,1,0,0.7024,324.61,329.01,106798.18
12138,empty_seat,0,1,0,0.7073,319.21,318.43,101647.31
12139,empty_seat,0,1,0,0.7165,319.44,321.97,102850.49
12140,empty_seat,0,1,0,0.6909,322.18,319.23,102847.56
12141,empty_seat,0,1,0,0.6991,321.17,330.28,106074.97
12142,empty_seat,0,1,0,0.6718,321.95,322.54,103844.31
12143,empty_seat,0,1,0,0.7067,319,326.69,104212.91
12144,empty_seat,0,1,0,0.6819,322.57,327.89,105770.36
12145,empty_seat,0,1,0,0.7194,321.34,324.13,104158.1
12146,empty_seat,0,1,0,0.7016,319.63,327.22,104590.25
12147,empty_seat,0,1,0,0.7051,320,318.7,101985.42
12148,empty_seat,0,1,0,0.7155,319.63,320.68,102499.65
12149,empty_seat,0,1,0,0.6997,316.97,328.5,104125.31
12150,empty_seat,0,1,0,0.6723,320.71,324.65,104120.64
12151,empty_seat,0,1,0,0.6547,321.25,328.09,105397.78
12152,empty_seat,0,1,0,0.717,318.08,323.16,102789.45
12153,empty_seat,0,1,0,0.7085,320.78,324.62,104132.79
12154,empty_seat,0,1,0,0.6951,317.53,324.36,102993.51
12155,empty_seat,0,1,0,0.687,320.26,328.5,105203.29
12156,empty_seat,0,1,0,0.6551,321.86,328.75,105813.8
12157,empty_seat,0,1,0,0.6721,318.96,325.33,103765.93
12158,empty_seat,0,1,0,0.7244,323.58,319.17,103274.47
12159,empty_seat,0,1,0,0.7011,322.13,328.04,105670.06
12160,empty_seat,0,1,0,0.7138,320.56,320.71,102805.71
12161,empty_seat,0,1,0,0.7159,322.25,328.07,105721.73
12162,empty_seat,0,1,0,0.7029,321.83,325.77,104841.96
12163,empty_seat,0,1,0,0.6908,320.05,328.4,105104.46
12164,empty_seat,0,1,0,0.6656,319,325.52,103838.79
12165,empty_seat,0,1,0,0.7031,325.02,333.37,108351.7
12166,empty_seat,0,1,0,0.6972,323.66,324.98,105183.06
12167,empty_seat,0,1,0,0.7026,320.01,324.65,103888.85
12168,empty_seat,0,1,0,0.6308,318.56,327.75,104410.1
12169,empty_seat,0,1,0,0.747,321.9,322.31,103751.55
12170,empty_seat,0,1,0,0.6991,320.52,322.89,103494.62
12171,empty_seat,0,1,0,0.7282,319.97,328.66,105161.66
12172,empty_seat,0,1,0,0.6918,319.91,326.07,104312.87
12173,empty_seat,0,1,0,0.6924,320.44,323.51,103663.62
12174,empty_seat,0,1,0,0.7256,318.27,324.62,103315.5
12175,empty_seat,0,1,0,0.7017,319.95,329.71,105492.11
12176,empty_seat,0,1,0,0.7314,322.83,327.05,105580.39
12177,empty_seat,0,1,0,0.7258,318.57,327.22,104242.46
12178,empty_seat,0,1,0,0.7146,320.01,327.59,104833.76
12179,empty_seat,0,1,0,0.7207,318.53,323.25,102964.18
12180,empty_seat,0,1,0,0.706,323.32,327.96,106037.19
12181,empty_seat,0,1,0,0.7182,315.87,323.24,102100.19
12182,empty_seat,0,1,0,0.6816,321.08,325.54,104523.88
12183,empty_seat,0,1,0,0.7253,321.84,325.01,104598.29
12184,empty_seat,0,1,0,0.6728,318.03,320.24,101847.07
12185,empty_seat,0,1,0,0.672,323.38,328.37,106189.34
12186,empty_seat,0,1,0,0.7391,324.33,327.35,106171.06
12187,empty_seat,0,1,0,0.7188,319.13,321.84,102708.69
12188,empty_seat,0,1,0,0.7132,322.09,321.61,103585.92
12189,empty_seat,0,1,0,0.6955,322.85,327.26,105656.69
12190,empty_seat,0,1,0,0.7028,323.09,330.11,106654.99
12191,empty_seat,0,1,0,0.6945,323.32,327.63,105928.87
12192,empty_seat,0,1,0,0.6867,321.45,319.89,102827.92
12193,empty_seat,0,1,0,0.7025,321.52,325.9,104780.98
12194,empty_seat,0,1,0,0.6941,315.5,325.46,102682.08
12195,empty_seat,0,1,0,0.7185,319.54,326.21,104238.81
12196,empty_seat,0,1,0,0.713,321.09,327.98,105308.31
12197,empty_seat,0,1,0,0.7345,320.87,323.24,103719.51
12198,empty_seat,0,1,0,0.7291,322.1,326.16,105057.78
12199,empty_seat,0,1,0,0.6595,322.25,322.51,103930.86
12200,empty_seat,0,1,0,0.7372,321.03,325.34,104444.63
12201,empty_seat,0,1,0,0.7202,323.22,328.62,106218.21
12202,empty_seat,0,1,0,0.7182,319.21,316.88,101148.95
12203,empty_seat,0,1,0,0.659,316.46,328.24,103877.12
12204,empty_seat,0,1,0,0.7059,321.98,328.13,105650.06
12205,empty_seat,0,1,0,0.7162,321.93,322.13,103705.01
12206,empty_seat,0,1,0,0.7117,320.36,325.59,104307.53
12207,empty_seat,0,1,0,0.7237,319.5,323.71,103426.52
12208,empty_seat,0,1,0,0.6844,319.29,325.53,103940.48
12209,empty_seat,0,1,0,0.6816,322.34,322.12,103831.19
12210,empty_seat,0,1,0,0.6917,317.32,326.63,103647.86
12211,empty_seat,0,1,0,0.7272,319.78,323.62,103486.04
12212,empty_seat,0,1,0,0.7217,321.65,324.98,104532.3
12213,empty_seat,0,1,0,0.7262,316.1,323.46,102248.34
12214,empty_seat,0,1,0,0.73,322.17,327.7,105572.51
12215,empty_seat,0,1,0,0.7004,321.13,327.68,105228.63
12216,empty_seat,0,1,0,0.6993,314.19,328.44,103193.6
12217,empty_seat,0,1,0,0.7112,323.44,329.6,106606.91
12218,empty_seat,0,1,0,0.7303,323.17,327.98,105992.08
12219,empty_seat,0,1,0,0.6729,319.97,323.3,103446.18
12220,empty_seat,0,1,0,0.6921,318.04,323.87,103003.68
12221,empty_seat,0,1,0,0.7215,321.84,325.74,104834.23
12222,empty_seat,0,1,0,0.7203,323.15,328.48,106147.86
12223,empty_seat,0,1,0,0.657,319.58,318.91,101918.06
12224,empty_seat,0,1,0,0.725,319.25,323.96,103421.96
12225,empty_seat,0,1,0,0.6881,317.61,330.62,105007.98
12226,empty_seat,0,1,0,0.7192,318.27,325.36,103553.32
12227,empty_seat,0,1,0,0.6807,320.86,323.39,103762.29
12228,empty_seat,0,1,0,0.7288,316.74,326.07,103277.37
12229,empty_seat,0,1,0,0.697,318.46,330.32,105193.99
12230,empty_seat,0,1,0,0.6565,318.02,319.21,101515.22
12231,empty_seat,0,1,0,0.6967,323.36,321.81,104058.02
12232,empty_seat,0,1,0,0.7182,321.33,323.96,104096.49
12233,empty_seat,0,1,0,0.7031,319.07,325.8,103952.3
12234,empty_seat,0,1,0,0.7221,320.08,324.29,103796.72
12235,empty_seat,0,1,0,0.7052,318.46,320.78,102154.43
12236,empty_seat,0,1,0,0.708,325.03,331.66,107800.12
12237,empty_seat,0,1,0,0.7318,322.37,321.63,103683.97
12238,empty_seat,0,1,0,0.7241,316.72,324.48,102768.73
12239,empty_seat,0,1,0,0.7326,320.08,328.32,105090.62
12240,empty_seat,0,1,0,0.6809,322.1,324.14,104406.12
12241,empty_seat,0,1,0,0.6891,319.49,321.34,102665.11
12242,empty_seat,0,1,0,0.6954,319.83,324.62,103821.37
12243,empty_seat,0,1,0,0.71,321,323.65,103892.18
12244,empty_seat,0,1,0,0.7038,323.14,327.74,105907.43
12245,empty_seat,0,1,0,0.7297,322.84,330.42,106674.08
12246,empty_seat,0,1,0,0.6815,318.74,324.02,103276.81
12247,empty_seat,0,1,0,0.6665,318.49,324.63,103391.76
12248,empty_seat,0,1,0,0.6566,324.22,327.28,106110.16
12249,empty_seat,0,1,0,0.7167,320.71,324.41,104043.2
12250,empty_seat,0,1,0,0.7132,321.14,327.79,105267.16
12251,empty_seat,0,1,0,0.7138,315.25,320.01,100883.87
12252,empty_seat,0,1,0,0.7202,318.17,323.6,102958.74
12253,empty_seat,0,1,0,0.695,321.87,324.08,104312.47
12254,empty_seat,0,1,0,0.6883,321.72,324.93,104539.09
12255,empty_seat,0,1,0,0.7235,321.28,326.63,104937.91
12256,empty_seat,0,1,0,0.73,322.14,332.92,107247.77
12257,empty_seat,0,1,0,0.6831,320.19,326.19,104443.03
12258,empty_seat,0,1,0,0.6793,314.14,326.17,102464.39
12259,empty_seat,0,1,0,0.6129,318.94,323.26,103103.54
12260,empty_seat,0,1,0,0.7177,321.91,325.33,104729.87
12261,empty_seat,0,1,0,0.71,320.47,322.93,103490.01
12262,empty_seat,0,1,0,0.6812,322.76,325.55,105075.57
12263,empty_seat,0,1,0,0.6978,321.22,327.29,105130.14
12264,empty_seat,0,1,0,0.6953,318.7,328.81,104792.31
12265,empty_seat,0,1,0,0.7081,325.13,332.31,108045
12266,empty_seat,0,1,0,0.7254,317.44,325.03,103177.2
12267,empty_seat,0,1,0,0.6972,319.66,325.71,104116.46
12268,empty_seat,0,1,0,0.6824,319.3,333.14,106372.97
12269,empty_seat,0,1,0,0.7069,322.28,320.63,103333.26
12270,empty_seat,0,1,0,0.7245,319.87,323.48,103474.34
12271,empty_seat,0,1,0,0.6893,319.91,327.63,104813.31
12272,empty_seat,0,1,0,0.6798,316.92,332.5,105374.01
12273,empty_seat,0,1,0,0.695,316.25,325.79,103028.95
12274,empty_seat,0,1,0,0.6835,322.29,325.39,104870.8
12275,empty_seat,0,1,0,0.7135,312.99,326.51,102192.84
12276,empty_seat,0,1,0,0.6905,319.58,324.65,103754.07
12277,empty_seat,0,1,0,0.6957,319.95,324.17,103718.87
12278,empty_seat,0,1,0,0.6959,318.41,328.03,104448.51
12279,empty_seat,0,1,0,0.722,319.64,323.87,103519.98
12280,empty_seat,0,1,0,0.7239,320.65,326.12,104569.11
12281,empty_seat,0,1,0,0.7223,318.32,324.06,103154.21
12282,empty_seat,0,1,0,0.7014,320.68,322.96,103566.21
12283,empty_seat,0,1,0,0.6996,319.14,320.68,102343.14
12284,empty_seat,0,1,0,0.703,320.24,325.37,104195.89
12285,empty_seat,0,1,0,0.7168,319.64,327.48,104673.37
12286,empty_seat,0,1,0,0.7061,321.02,319.78,102655.67
12287,empty_seat,0,1,0,0.6883,319.55,323.77,103459.32
12288,empty_seat,0,1,0,0.676,321.86,318.26,102435.84
12289,empty_seat,0,1,0,0.715,322.97,331.51,107067.4
12290,empty_seat,0,1,0,0.7069,323.19,326.54,105534.08
12291,empty_seat,0,1,0,0.6769,320.14,322.06,103107.01
12292,empty_seat,0,1,0,0.6967,323.09,323.77,104608
12293,empty_seat,0,1,0,0.707,321.17,324.85,104330.71
12294,empty_seat,0,1,0,0.7112,317.99,322.99,102705.48
12295,empty_seat,0,1,0,0.6939,323,327.43,105760.52
12296,empty_seat,0,1,0,0.706,319.37,326.81,104371.79
12297,empty_seat,0,1,0,0.7,323.59,329.91,106757.67
12298,empty_seat,0,1,0,0.709,318.95,323.09,103049.29
12299,empty_seat,0,1,0,0.6859,319.78,323.26,103371.87
12300,empty_seat,0,1,0,0.713,319.67,323.83,103518.91
12301,empty_seat,0,1,0,0.6813,320.38,322.69,103384.56
12302,empty_seat,0,1,0,0.6945,325.38,323.65,105309.51
12303,empty_seat,0,1,0,0.716,315.23,329.03,103717.22
12304,empty_seat,0,1,0,0.7152,320.71,325.59,104419.34
12305,empty_seat,0,1,0,0.7273,319.28,332.35,106113.46
12306,empty_seat,0,1,0,0.7086,318.58,326.9,104141.1
12307,empty_seat,0,1,0,0.6971,321.8,323.42,104078.16
12308,empty_seat,0,1,0,0.6998,320.81,325.28,104352.14
12309,empty_seat,0,1,0,0.6897,320.99,322.94,103658.63
12310,empty_seat,0,1,0,0.7088,315.48,323.91,102185.39
12311,empty_seat,0,1,0,0.6768,319.47,323.81,103447.53
12312,empty_seat,0,1,0,0.6675,322.52,326.65,105351.61
12313,empty_seat,0,1,0,0.7084,320.27,327.31,104829.04
12314,empty_seat,0,1,0,0.6754,319.55,324.52,103699.64
12315,empty_seat,0,1,0,0.6994,314.49,326.99,102833.88
12316,empty_seat,0,1,0,0.7161,321.33,326.87,105032.49
12317,empty_seat,0,1,0,0.7217,321.18,322.97,103730.69
12318,empty_seat,0,1,0,0.7113,319.02,323.54,103215.59
12319,empty_seat,0,1,0,0.7146,313.87,328.01,102952.38
12320,empty_seat,0,1,0,0.7027,323.71,328.29,106271.72
12321,empty_seat,0,1,0,0.6965,316.4,324.64,102717.05
12322,empty_seat,0,1,0,0.7141,322.91,329.06,106255.51
12323,empty_seat,0,1,0,0.6844,319.84,323.74,103545.6
12324,empty_seat,0,1,0,0.6824,317.59,320.62,101827.1
12325,empty_seat,0,1,0,0.6949,322.86,324.87,104886.75
12326,empty_seat,0,1,0,0.643,322.83,326.31,105342.7
12327,empty_seat,0,1,0,0.6912,322.56,322.86,104141.82
12328,empty_seat,0,1,0,0.675,321.86,326.93,105225.16
12329,empty_seat,0,1,0,0.7037,319.5,321.22,102628.2
12330,empty_seat,0,1,0,0.7128,319.47,325.38,103949.18
12331,empty_seat,0,1,0,0.7197,315.84,321.67,101595.09
12332,empty_seat,0,1,0,0.7089,322.04,319.73,102966.98
12333,empty_seat,0,1,0,0.7146,321.85,324.53,104448.68
12334,empty_seat,0,1,0,0.705,321.18,319.58,102641.84
12335,empty_seat,0,1,0,0.6778,321.01,324.87,104287.04
12336,empty_seat,0,1,0,0.683,318.23,320.62,102029.74
12337,empty_seat,0,1,0,0.7163,321.02,327.8,105231.05
12338,empty_seat,0,1,0,0.7194,316.16,323.63,102318.03
12339,empty_seat,0,1,0,0.6831,321.52,320.63,103087.13
12340,empty_seat,0,1,0,0.7176,318.83,328.98,104888.64
12341,empty_seat,0,1,0,0.6945,323.11,326.79,105590.09
12342,empty_seat,0,1,0,0.6748,321.73,323.76,104163.69
12343,empty_seat,0,1,0,0.7193,319.49,327.02,104478.27
12344,empty_seat,0,1,0,0.7188,317.85,327.06,103955.18
12345,empty_seat,0,1,0,0.6986,318.91,328.46,104749.67
12346,empty_seat,0,1,0,0.7005,324.41,325.33,105538.98
12347,empty_seat,0,1,0,0.7204,319.56,323.38,103337.89
12348,empty_seat,0,1,0,0.7128,323.6,322.05,104213.41
12349,empty_seat,0,1,0,0.6917,323.37,322.85,104400.47
12350,empty_seat,0,1,0,0.7128,318.74,326.83,104175.29
12351,empty_seat,0,1,0,0.6958,320,326.38,104439.27
12352,empty_seat,0,1,0,0.7155,320.54,328.62,105335.72
12353,empty_seat,0,1,0,0.6952,317.75,324.09,102980.61
12354,empty_seat,0,1,0,0.6564,317.59,324.57,103082.8
12355,empty_seat,0,1,0,0.7068,318.57,321.65,102465.98
12356,empty_seat,0,1,0,0.6907,319.87,322.15,103046.2
12357,empty_seat,0,1,0,0.6662,323.75,325.59,105408.95
12358,empty_seat,0,1,0,0.7202,319.05,329.04,104980.3
12359,empty_seat,0,1,0,0.6899,321.85,330.36,106326.61
12360,empty_seat,0,1,0,0.7093,321.35,323.3,103892.39
12361,empty_seat,0,1,0,0.6926,317.93,326.92,103937.95
12362,empty_seat,0,1,0,0.7093,320.03,322.04,103062.99
12363,empty_seat,0,1,0,0.6848,318.44,322.54,102711.67
12364,empty_seat,0,1,0,0.6913,321.52,326.61,105012.21
12365,empty_seat,0,1,0,0.7143,319.21,320.21,102213.55
12366,empty_seat,0,1,0,0.6715,321.04,324.45,104160.63
12367,empty_seat,0,1,0,0.6644,320.34,322.91,103439.18
12368,empty_seat,0,1,0,0.7003,318.26,330.45,105167.94
12369,empty_seat,0,1,0,0.6769,325.41,324.78,105686.38
12370,empty_seat,0,1,0,0.7227,321.62,327.09,105197.85
12371,empty_seat,0,1,0,0.6759,318.83,324.28,103392.22
12372,empty_seat,0,1,0,0.696,319.2,324.56,103599.85
12373,empty_seat,0,1,0,0.7414,320.91,324.64,104180.32
12374,empty_seat,0,1,0,0.6978,321.47,321.01,103194.57
12375,empty_seat,0,1,0,0.6686,322.72,322.78,104165.83
12376,empty_seat,0,1,0,0.6662,322.18,327.16,105403.12
12377,empty_seat,0,1,0,0.7164,322.81,321.23,103697.82
12378,empty_seat,0,1,0,0.6589,322.38,322.46,103952.18
12379,empty_seat,0,1,0,0.6476,320.98,318.23,102146.43
12380,empty_seat,0,1,0,0.7339,322.03,329.18,106006.17
12381,empty_seat,0,1,0,0.6814,319.32,327.05,104433.82
12382,empty_seat,0,1,0,0.6881,319.5,326.27,104243.46
12383,empty_seat,0,1,0,0.7253,320.25,325.79,104332.79
12384,empty_seat,0,1,0,0.7063,321.29,324.48,104253.5
12385,empty_seat,0,1,0,0.7151,319.92,327.5,104774.76
12386,empty_seat,0,1,0,0.6912,317.06,324.24,102804.1
12387,empty_seat,0,1,0,0.6771,315.18,321.09,101200.27
12388,none,0,0,0,0,0,0,0
12389,none,0,0,0,0,0,0,0
12390,none,0,0,0,0,0,0,0
12391,none,0,0,0,0,0,0,0
12392,none,0,0,0,0,0,0,0
12393,none,0,0,0,0,0,0,0
12394,none,0,0,0,0,0,0,0
12395,none,0,0,0,0,0,0,0
12396,none,0,0,0,0,0,0,0
12397,none,0,0,0,0,0,0,0
12398,none,0,0,0,0,0,0,0
12399,none,0,0,0,0,0,0,0
12400,none,0,0,0,0,0,0,0
12401,none,0,0,0,0,0,0,0
12402,none,0,0,0,0,0,0,0
12403,baby,1,0,1,0.6421,288.02,410.19,118141.7
12404,none,0,0,0,0,0,0,0
12405,none,0,0,0,0,0,0,0
12406,baby,1,0,1,0.6251,223.43,311.09,69505.85
12407,none,0,0,0,0,0,0,0
12408,baby,1,0,1,0.7638,204.25,339.58,69360.41
12409,baby,1,0,1,0.8163,206.75,343.02,70918.61
12410,baby,1,0,1,0.8446,314.33,480.36,150991.69
12411,baby,1,0,1,0.7631,242.13,400.39,96946.96
12412,baby,1,0,1,0.8026,281.25,385.35,108380.3
12413,baby,1,0,1,0.8508,323.69,455.19,147341.9
12414,baby,1,0,1,0.8403,285.57,445.33,127173.56
12415,baby,1,0,1,0.8698,284.41,415.06,118045.45
12416,baby,1,0,1,0.8298,284.6,456.38,129886.29
12417,baby,1,0,1,0.8671,299.05,435.85,130341.24
12418,baby,1,0,1,0.8952,319.64,469.01,149912.92
12419,baby,1,0,1,0.9094,353.92,488.23,172793.26
12420,baby,1,0,1,0.7181,316.93,398.5,126298.3
12421,baby,1,0,1,0.8751,326.58,492.74,160919.14
12422,baby,1,0,1,0.869,327.48,457.25,149738.53
12423,baby,1,0,1,0.8934,313.26,419.88,131532.34
12424,baby,1,0,1,0.8289,285.43,459.42,131131.72
12425,baby,1,0,1,0.8823,310.75,409.46,127238.05
12426,baby,1,0,1,0.8578,296.6,403.09,119556.91
12427,baby,1,0,1,0.8436,292.34,408.72,119485.03
12428,baby,1,0,1,0.9132,325.45,477.9,155534.57
12429,baby,1,0,1,0.723,299.18,413.5,123711.76
12430,baby,1,0,1,0.808,344.31,435.67,150004.74
12431,baby,1,0,2,0.8577,347.06,428.87,148845.34
12432,baby,1,0,1,0.8296,336.71,415.53,139913.16
12433,baby,1,0,1,0.7643,326.04,417.27,136045.79
12434,baby,1,0,1,0.8053,326.09,431.35,140657.91
12435,baby,1,0,1,0.8395,317.58,406.84,129205.13
12436,baby,1,0,1,0.8898,318.61,460.43,146697.68
12437,baby,1,0,1,0.8206,320.84,404.85,129895.08
12438,baby,1,0,1,0.834,300.61,471.79,141823.28
12439,baby,1,0,1,0.8845,322.7,446.79,144177.41
12440,baby,1,0,1,0.8226,310.57,394.82,122620.65
12441,baby,1,0,1,0.8653,295.49,410.12,121183.57
12442,baby,1,0,1,0.8617,301.21,403.88,121651.33
12443,baby,1,0,1,0.8025,299.42,394.74,118192.88
12444,baby,1,0,1,0.8007,297.11,405.65,120520.53
12445,baby,1,0,1,0.8349,304.79,384.15,117084.72
12446,baby,1,0,1,0.9012,358.83,460.91,165388.43
12447,baby,1,0,1,0.9073,369.73,464.41,171708.2
12448,baby,1,0,1,0.9028,375.44,466.76,175241.64
12449,baby,1,0,1,0.8506,302.37,388.59,117496.88
12450,baby,1,0,1,0.8552,310.05,420.63,130416.15
12451,baby,1,0,1,0.8463,349.59,445.53,155752.68
12452,baby,1,0,1,0.7834,318.24,433.25,137875.92
12453,baby,1,0,1,0.8353,317.43,399.05,126667.97
12454,baby,1,0,1,0.8257,323.11,401.71,129794.56
12455,baby,1,0,1,0.8801,329.59,476.46,157034.42
12456,baby,1,0,1,0.8325,355.9,463.19,164847.66
12457,baby,1,0,1,0.8576,321.89,449.45,144674.48
12458,baby,1,0,1,0.8412,326.65,453.69,148199.51
12459,baby,1,0,1,0.9024,349.22,464.34,162156.75
12460,baby,1,0,1,0.8978,347.58,464.08,161307.42
12461,baby,1,0,1,0.8938,344.34,458.43,157852.66
12462,baby,1,0,1,0.9067,336.65,462.94,155852.63
12463,baby,1,0,1,0.8961,338.2,463.06,156607.58
12464,baby,1,0,1,0.8497,358.18,461.49,165299.49
12465,baby,1,0,1,0.8385,306.82,438.85,134645.83
12466,baby,1,0,1,0.8057,314.78,429.12,135080.22
12467,baby,1,0,1,0.8503,404.57,603.84,244295.52
12468,baby,1,0,1,0.8413,348.87,389.71,135958.73
12469,baby,1,0,1,0.8865,358.24,429.31,153796.54
12470,baby,1,0,1,0.8937,358.97,419.8,150695.47
12471,baby,1,0,1,0.8423,531.07,592.99,314918.69
12472,baby,1,0,1,0.8722,371.76,493.8,183573.8
12473,baby,1,0,1,0.8274,353.5,460.37,162741.7
12474,baby,1,0,1,0.8892,346.57,437.74,151710.87
12475,baby,1,0,1,0.8902,346.78,455.2,157854.77
12476,baby,1,0,1,0.8819,347.77,461.2,160388.65
12477,baby,1,0,1,0.8471,375.72,441.79,165991.09
12478,baby,1,0,1,0.8611,363.83,484.09,176125.7
12479,baby,1,0,1,0.8646,369.82,497.59,184018.48
12480,baby,1,0,1,0.9058,360.92,483.65,174559.88
12481,none,0,0,0,0,0,0,0
12482,none,0,0,0,0,0,0,0
12483,none,0,0,0,0,0,0,0
12484,none,0,0,0,0,0,0,0
12485,baby,1,0,1,0.9047,381.24,551.52,210262.81
12486,baby,1,0,1,0.9127,387.36,515.72,199766.15
12487,baby,1,0,1,0.879,371.47,502.08,186508.81
12488,baby,1,0,1,0.673,333.1,384.75,128161.41
12489,baby,1,0,1,0.8905,417.97,548.54,229272.84
12490,baby,1,0,1,0.8825,421.19,547.85,230747.83
12491,baby,1,0,1,0.8769,414.07,523.36,216706.3
12492,baby,1,0,1,0.8215,407.05,570.21,232102.88
12493,baby,1,0,1,0.902,418.29,573.12,239728.49
12494,baby,1,0,1,0.9001,411.51,549.72,226217.67
12495,baby,1,0,1,0.8801,404.92,514.34,208270.19
12496,baby,1,0,1,0.8985,407.34,521.2,212306.7
12497,baby,1,0,1,0.871,372.76,498.1,185669.58
12498,baby,1,0,1,0.8703,368.43,501.49,184767.65
12499,baby,1,0,1,0.8968,353.57,486.63,172055.16
12500,baby,1,0,1,0.8839,367.13,525.81,193040.17
12501,baby,1,0,1,0.9166,368.84,557.21,205518.66
12502,baby,1,0,1,0.8898,391.21,559.79,218997.27
12503,baby,1,0,1,0.7899,399.71,449.67,179741.19
12504,baby,1,0,1,0.8577,396.23,517.27,204957.3
12505,baby,1,0,1,0.908,395.39,516.21,204105.22
12506,baby,1,0,1,0.894,397.59,579.96,230587.46
12507,baby,1,0,1,0.9048,380.18,568.25,216039.44
12508,baby,1,0,1,0.8897,381.95,493.55,188509.28
12509,baby,1,0,1,0.8769,400.95,570.86,228886.62
12510,baby,1,0,1,0.9251,382.23,576.96,220534.25
12511,baby,1,0,1,0.8218,415.4,544.41,226144.47
12512,baby,1,0,1,0.8815,382.56,547.79,209560.59
12513,baby,1,0,1,0.9202,387.92,591.76,229551.78
12514,baby,1,0,1,0.9327,391.55,581.27,227597.55
12515,baby,1,0,1,0.9309,400.16,613.25,245398.33
12516,baby,1,0,1,0.7145,536.59,657.95,353048.02
12517,baby,1,0,1,0.9212,389.99,572.44,223247.81
12518,baby,1,0,1,0.8948,389.37,607.29,236462.27
12519,baby,1,0,1,0.9008,467.47,579.62,270954.03
12520,baby,1,0,1,0.7812,524.13,644.2,337647.71
12521,baby,1,0,1,0.8884,421.04,562.04,236640.58
12522,baby,1,0,1,0.9011,467.5,597.06,279126.14
12523,baby,1,0,1,0.8697,368.61,458.12,168868.03
12524,baby,1,0,1,0.8817,357.51,525.77,187970.58
12525,baby,1,0,1,0.9012,353.99,559.02,197888.56
12526,baby,1,0,1,0.9048,355.65,559.89,199125.62
12527,baby,1,0,1,0.9037,362.45,559.57,202815.18
12528,baby,1,0,1,0.905,362.42,558.57,202436.01
12529,baby,1,0,1,0.8404,351.08,521.98,183257.84
12530,baby,1,0,1,0.8994,355.71,558.16,198545.9
12531,baby,1,0,1,0.9019,346.91,549.73,190706.67
12532,baby,1,0,1,0.8921,358.93,485.04,174094.28
12533,baby,1,0,1,0.8895,343.26,430.95,147927.91
12534,baby,1,0,1,0.8783,365.02,477.39,174255.22
12535,baby,1,0,1,0.8912,367.58,538.73,198025.86
12536,baby,1,0,1,0.89,371.51,515.39,191472.04
12537,baby,1,0,1,0.8919,376.36,545.27,205219.31
12538,baby,1,0,1,0.9018,366.11,534.92,195841.09
12539,baby,1,0,1,0.8721,364.86,415.26,151510.81
12540,baby,1,0,2,0.8185,362.74,404.24,146634.3
12541,baby,1,0,1,0.8894,347.16,448.71,155772.61
12542,baby,1,0,1,0.8408,380.73,470.84,179259.59
12543,baby,1,0,1,0.8516,405.74,537.78,218200.24
12544,baby,1,0,1,0.8559,417.3,546.99,228262.22
12545,none,0,0,0,0,0,0,0
12546,none,0,0,0,0,0,0,0
12547,baby,1,0,1,0.6436,564.12,521.38,294123.63
12548,none,0,0,0,0,0,0,0
12549,baby,1,0,2,0.7633,579.92,531.41,308174.1
12550,baby,1,0,1,0.7548,559.1,520.29,290896.71
12551,baby,1,0,1,0.7879,585.91,524.17,307114.16
12552,none,0,0,0,0,0,0,0
12553,none,0,0,0,0,0,0,0
12554,none,0,0,0,0,0,0,0
12555,none,0,0,0,0,0,0,0
12556,none,0,0,0,0,0,0,0
12557,none,0,0,0,0,0,0,0
12558,none,0,0,0,0,0,0,0
12559,baby,1,0,1,0.872,404.45,533.84,215911.08
12560,baby,1,0,1,0.8723,418.06,539.8,225669.27
12561,baby,1,0,1,0.8788,374.05,543.24,203196.39
12562,baby,1,0,1,0.6937,337.41,404.91,136622.72
12563,none,0,0,0,0,0,0,0
12564,baby,1,0,1,0.823,337.35,397.72,134172.73
12565,baby,1,0,1,0.8793,374.19,464.82,173932.33
12566,baby,1,0,1,0.8513,387.42,447.06,173202.43
12567,baby,1,0,1,0.8789,370.95,495.81,183919.83
12568,baby,1,0,1,0.8992,374.19,506.22,189418.76
12569,baby,1,0,1,0.8746,379.97,506.81,192571.6
12570,baby,1,0,1,0.8784,344.8,445.78,153708
12571,baby,1,0,1,0.6653,254.71,452.76,115319.83
12572,none,0,0,0,0,0,0,0
12573,baby,1,0,1,0.7962,227.24,335.25,76182.74
12574,baby,1,0,1,0.7185,214.5,321.51,68964.05
12575,baby,1,0,1,0.8296,223.94,353.61,79189.98
12576,baby,1,0,1,0.6838,228.33,387.69,88521.4
12577,baby,1,0,1,0.7449,226.4,366.6,82996.91
12578,baby,1,0,1,0.7916,219.17,306.45,67164.71
12579,baby,1,0,1,0.7646,222.23,353.05,78458.85
12580,baby,1,0,1,0.7455,228.38,308.94,70556.02
12581,baby,1,0,1,0.769,218.71,315.44,68990.11
12582,baby,1,0,1,0.8101,279.97,370.68,103776.44
12583,baby,1,0,1,0.8518,306.61,391.56,120057.63
12584,baby,1,0,1,0.7877,255.79,364.42,93214.37
12585,baby,1,0,1,0.6939,317.43,451.71,143386.5
12586,baby,1,0,1,0.6182,290.83,366.53,106597.35
12587,none,0,0,0,0,0,0,0
12588,baby,1,0,1,0.6185,354,368.1,130306.86
12589,baby,1,0,1,0.719,315.34,384.45,121231.78
12590,baby,1,0,1,0.8029,287.71,383.41,110311.22
12591,baby,1,0,1,0.8154,284.98,395.81,112800.79
12592,baby,1,0,1,0.7333,285.18,447.86,127721.41
12593,baby,1,0,1,0.827,314.71,371.52,116921.48
12594,none,0,0,0,0,0,0,0
12595,none,0,0,0,0,0,0,0
12596,none,0,0,0,0,0,0,0
12597,baby,1,0,1,0.7369,280.66,371.61,104294.87
12598,baby,1,0,1,0.7985,301.67,426.56,128679.3
12599,baby,1,0,1,0.6813,259.37,419.23,108734.81
12600,baby,1,0,1,0.7819,252.64,351.33,88759.05
12601,baby,1,0,1,0.7135,236.86,374.49,88704.53
12602,baby,1,0,1,0.7629,253.19,403.95,102278.06
12603,baby,1,0,1,0.7894,247.74,386.55,95764.12
12604,baby,1,0,1,0.7578,246.33,340.62,83904.32
12605,baby,1,0,1,0.7341,257.81,404.74,104346.94
12606,baby,1,0,1,0.7709,247.04,370.15,91442.15
12607,baby,1,0,1,0.808,239.84,359.73,86277.64
12608,baby,1,0,1,0.7973,246.94,384.7,94996.52
12609,baby,1,0,1,0.7765,239.64,340.65,81634.54
12610,baby,1,0,1,0.7534,236.09,368.09,86899.88
12611,baby,1,0,1,0.7573,245.4,377.64,92674.77
12612,baby,1,0,1,0.7504,247.02,391.19,96629.75
12613,baby,1,0,1,0.7661,246.25,339.02,83483.39
12614,baby,1,0,1,0.7372,252.48,379.03,95697.68
12615,baby,1,0,1,0.7888,241.46,312.68,75500.53
12616,baby,1,0,1,0.76,256.2,385.6,98791.48
12617,baby,1,0,1,0.764,252.31,341.96,86280.84
12618,baby,1,0,1,0.7174,245.68,405.18,99546.05
12619,baby,1,0,1,0.7689,254.82,388.18,98917.24
12620,baby,1,0,1,0.7811,258.18,390.93,100927.96
12621,baby,1,0,1,0.7467,246.72,395.97,97692.92
12622,baby,1,0,1,0.7608,248.16,395,98021.65
12623,baby,1,0,1,0.7797,250.44,407.89,102152.56
12624,baby,1,0,1,0.7655,246,339.19,83439.11
12625,baby,1,0,1,0.8229,240.43,376.88,90613.39
12626,baby,1,0,1,0.7976,257.22,409.54,105342.89
12627,baby,1,0,1,0.7653,237.75,396.92,94369.77
12628,baby,1,0,1,0.7624,243.48,409.86,99791.87
12629,baby,1,0,1,0.7096,243.74,390.58,95198.93
12630,baby,1,0,1,0.7463,238.14,371.39,88442.68
12631,none,0,0,0,0,0,0,0
12632,baby,1,0,1,0.7373,238.53,370.53,88385.42
12633,baby,1,0,1,0.7536,237.69,385.95,91737.63
12634,baby,1,0,1,0.7932,250.28,382.43,95712.71
12635,baby,1,0,1,0.6824,289.76,453.94,131531.45
12636,baby,1,0,1,0.7546,267.43,459.08,122771.64
12637,baby,1,0,1,0.7024,293.32,448.49,131551.93
12638,baby,1,0,1,0.6654,291.82,443.74,129494.17
12639,baby,1,0,1,0.7331,255.39,408.3,104276.62
12640,baby,1,0,1,0.8349,245.75,367.78,90382.44
12641,baby,1,0,1,0.7359,249.38,323.45,80662.29
12642,baby,1,0,1,0.6641,249.09,450.26,112155.16
12643,baby,1,0,1,0.6472,258.79,480.25,124284.07
12644,baby,1,0,1,0.7121,287.87,534.23,153789.09
12645,baby,1,0,1,0.7731,257.39,368.33,94805.62
12646,baby,1,0,1,0.805,274.46,381.23,104634.12
12647,baby,1,0,1,0.7805,267.5,405.61,108502.53
12648,baby,1,0,1,0.7558,262.01,411.77,107889.01
12649,baby,1,0,1,0.7046,282.22,481.44,135872.75
12650,baby,1,0,1,0.7331,257.66,386.13,99489.22
12651,baby,1,0,1,0.7594,260.66,392.08,102198.45
12652,baby,1,0,1,0.7571,272.02,435.86,118565.19
12653,baby,1,0,1,0.7922,278.73,448.06,124887.85
12654,baby,1,0,1,0.6748,265.17,427.78,113432.76
12655,baby,1,0,1,0.7321,269.68,382.73,103215.68
12656,baby,1,0,1,0.6794,265.36,410.87,109027.37
12657,baby,1,0,2,0.7567,279.75,362.57,101430.82
12658,baby,1,0,1,0.7217,276.73,419.06,115964.92
12659,baby,1,0,1,0.7298,271.84,398.17,108238.29
12660,baby,1,0,2,0.684,267.44,359.47,96136.95
12661,baby,1,0,1,0.7642,292.55,522.64,152901.23
12662,baby,1,0,1,0.7178,269.86,389.38,105079.04
12663,baby,1,0,1,0.7238,293.11,455.57,133530.21
12664,baby,1,0,2,0.7,264.86,376.19,99638.52
12665,baby,1,0,1,0.7859,265.46,407.65,108212.61
12666,baby,1,0,1,0.6708,257.2,299.39,77004.5
12667,baby,1,0,1,0.701,270.07,376.44,101664.01
12668,baby,1,0,1,0.773,254.04,373.05,94771.34
12669,baby,1,0,1,0.6859,258.76,394.96,102199.02
12670,baby,1,0,1,0.8066,263.89,326.27,86098.11
12671,baby,1,0,1,0.8031,265.54,390.61,103721.74
12672,baby,1,0,1,0.7671,269.41,398.66,107400.35
12673,baby,1,0,1,0.8367,281.54,373.08,105035.02
12674,baby,1,0,1,0.7905,257.53,381.85,98338.34
12675,baby,1,0,1,0.8069,269.39,391.23,105396.45
12676,baby,1,0,1,0.8046,270.86,390.3,105717.74
12677,baby,1,0,1,0.776,258.59,397.02,102665.37
12678,baby,1,0,1,0.8261,258.48,363.63,93992.15
12679,baby,1,0,1,0.669,250.08,356.94,89262.42
12680,baby,1,0,1,0.7733,254.01,339.74,86299.28
12681,baby,1,0,1,0.7645,248.73,356.5,88671.97
12682,baby,1,0,1,0.7318,252.04,367.58,92644.43
12683,baby,1,0,1,0.6277,350.41,465.36,163066
12684,baby,1,0,1,0.6393,334.22,448.66,149949.83
12685,baby,1,0,1,0.7717,353.31,448.19,158347.92
12686,baby,1,0,1,0.6812,246.3,364.44,89761.91
12687,baby,1,0,1,0.7205,259.4,465.85,120839.5
12688,baby,1,0,1,0.6863,260.21,386.82,100657.1
12689,baby,1,0,1,0.6935,253.38,381.08,96560.42
12690,baby,1,0,1,0.7448,246.14,344.29,84742.01
12691,baby,1,0,1,0.7777,257.54,395.32,101811.73
12692,baby,1,0,1,0.7792,243.17,342.92,83385.74
12693,baby,1,0,1,0.7826,249.17,392.38,97771.74
12694,baby,1,0,1,0.7289,256.57,473.19,121406.63
12695,baby,1,0,1,0.7402,253.42,404.03,102390.47
12696,none,0,0,0,0,0,0,0
12697,baby,1,0,1,0.6639,291.98,452.75,132195
12698,baby,1,0,1,0.6834,244.12,457.5,111682.45
12699,baby,1,0,1,0.7208,283.93,495.04,140556.09
12700,baby,1,0,1,0.7968,289.08,408.1,117974.22
12701,baby,1,0,1,0.834,300.99,401.57,120870.4
12702,baby,1,0,1,0.8271,296.54,378.74,112312.26
12703,baby,1,0,1,0.8599,307,401.29,123199.09
12704,baby,1,0,1,0.8355,295.75,398.93,117986.38
12705,baby,1,0,1,0.8257,304.06,379.26,115319
12706,baby,1,0,1,0.8332,299.12,379.76,113593.89
12707,baby,1,0,1,0.8204,311.51,380.24,118447.08
12708,baby,1,0,1,0.833,304.39,378.21,115124.85
12709,baby,1,0,1,0.8493,301.82,396.48,119663.9
12710,baby,1,0,1,0.857,295.31,385.54,113852.8
12711,baby,1,0,1,0.8212,292.33,400.3,117021.74
12712,baby,1,0,1,0.8543,310.52,403.73,125366.41
12713,baby,1,0,1,0.8463,298.91,394.64,117960.71
12714,baby,1,0,1,0.829,302.24,397.76,120220.14
12715,baby,1,0,1,0.8576,300.22,383.42,115109.01
12716,baby,1,0,1,0.8488,306.22,375.23,114904.06
12717,baby,1,0,1,0.8265,303.12,381.69,115700.69
12718,baby,1,0,1,0.8345,299.82,393.06,117848.47
12719,baby,1,0,1,0.8577,304.19,381.37,116009.79
12720,baby,1,0,1,0.8518,308.15,424.04,130669.54
12721,baby,1,0,1,0.8364,295.07,375.47,110788.83
12722,baby,1,0,1,0.8426,291.5,409.72,119432.69
12723,baby,1,0,1,0.8915,297.86,390.74,116384.83
12724,baby,1,0,1,0.8812,298.87,407.19,121696.73
12725,baby,1,0,1,0.8932,301.9,396.78,119789.26
12726,baby,1,0,1,0.8841,298.95,375.05,112120.86
12727,baby,1,0,1,0.7043,308.12,355.76,109615.45
12728,baby,1,0,1,0.6952,286.49,359.89,103105.89
12729,baby,1,0,1,0.6049,284.4,348.15,99013.68
12730,baby,1,0,1,0.7546,325.17,441.85,143678.04
12731,baby,1,0,1,0.8217,288.95,373.48,107915.9
12732,baby,1,0,1,0.8062,293.92,378.65,111293.01
12733,baby,1,0,1,0.837,317.54,373.18,118497
12734,baby,1,0,1,0.8602,294.8,382.17,112662.09
12735,baby,1,0,1,0.8294,296.53,385.91,114437.2
12736,baby,1,0,1,0.8247,300.23,381.85,114644.71
12737,baby,1,0,1,0.8182,292.41,371.72,108696.48
12738,baby,1,0,1,0.7915,303.22,383.28,116218.44
12739,baby,1,0,1,0.8735,293.05,381.36,111759.61
12740,baby,1,0,1,0.8644,305.73,401.1,122628.65
12741,baby,1,0,1,0.8571,295.13,381.58,112616.18
12742,baby,1,0,1,0.8494,294.44,378.66,111491.59
12743,baby,1,0,1,0.8849,296.65,367.37,108979.72
12744,baby,1,0,1,0.8686,297.28,388.72,115557.59
12745,baby,1,0,1,0.8755,302.1,388.46,117355.93
12746,baby,1,0,1,0.8809,290.39,393.73,114337.63
12747,baby,1,0,1,0.8843,289.58,380.57,110207.18
12748,baby,1,0,1,0.8982,295.52,396.14,117064.58
12749,baby,1,0,1,0.8984,304.92,408.96,124701.55
12750,baby,1,0,1,0.8777,316.17,437.21,138234.8
12751,baby,1,0,1,0.8694,329,445.54,146584.51
12752,baby,1,0,1,0.6807,320.03,413.35,132284.55
12753,baby,1,0,1,0.8415,313.06,429.6,134493.29
12754,baby,1,0,1,0.7603,301.24,383.09,115402.12
12755,baby,1,0,1,0.6854,318.37,368.01,117163.44
12756,baby,1,0,1,0.7591,309.75,406.31,125854.44
12757,baby,1,0,1,0.7672,311.25,384.45,119660.33
12758,baby,1,0,1,0.8178,311.71,383.45,119525.84
12759,baby,1,0,1,0.8452,304.58,392.24,119466.17
12760,baby,1,0,1,0.8373,308.06,390.83,120401.79
12761,baby,1,0,1,0.8121,316.93,398.36,126251.92
12762,baby,1,0,1,0.739,313.01,392.44,122839.35
12763,baby,1,0,1,0.6917,322.63,394.6,127309.74
12764,baby,1,0,1,0.7957,324.07,401.62,130155.26
12765,baby,1,0,1,0.8557,302.28,399.7,120821.67
12766,baby,1,0,1,0.8458,312.16,402.7,125706.44
12767,baby,1,0,1,0.8369,307.87,403.29,124158.72
12768,baby,1,0,1,0.8276,333.1,408.98,136231.68
12769,baby,1,0,1,0.8562,315.29,401.01,126432.22
12770,baby,1,0,1,0.8132,315.61,408.31,128867.04
12771,baby,1,0,1,0.8485,317.11,397.51,126056.76
12772,baby,1,0,1,0.84,302.55,418.45,126603.18
12773,baby,1,0,1,0.8274,307.82,400.84,123386.63
12774,baby,1,0,1,0.8342,311.24,403.45,125570.96
12775,baby,1,0,1,0.8357,309.42,404.89,125284.11
12776,baby,1,0,1,0.7991,296.58,395.54,117307.59
12777,baby,1,0,1,0.8404,291.98,415.64,121361.18
12778,baby,1,0,1,0.8373,308.67,402.29,124174.56
12779,baby,1,0,1,0.8556,311.61,403.54,125746.66
12780,baby,1,0,1,0.8494,308.58,398.28,122901.64
12781,baby,1,0,1,0.8384,295.38,413.42,122113.02
12782,baby,1,0,1,0.8516,308.59,399.01,123132.76
12783,baby,1,0,1,0.8098,309.61,405.5,125545.32
12784,baby,1,0,1,0.8528,308.81,403.17,124502.07
12785,baby,1,0,1,0.833,312.75,405.04,126675.56
12786,baby,1,0,1,0.8467,315.72,407.97,128803.84
12787,baby,1,0,1,0.8409,295.69,381.36,112766.5
12788,baby,1,0,1,0.6962,311.57,486.17,151477.68
12789,baby,1,0,1,0.7552,297.17,358.29,106473.85
12790,baby,1,0,1,0.7149,306.75,393.36,120664.18
12791,baby,1,0,1,0.7495,288.86,355.96,102822.79
12792,baby,1,0,1,0.7656,293.58,369.52,108483.07
12793,baby,1,0,1,0.8392,321.21,414.29,133075.15
12794,none,0,0,0,0,0,0,0
12795,none,0,0,0,0,0,0,0
12796,baby,1,0,1,0.6164,277.27,408.44,113245.06
12797,baby,1,0,1,0.6053,272.5,336.21,91616.78
12798,none,0,0,0,0,0,0,0
12799,baby,1,0,1,0.6796,303.12,454.03,137624.09
12800,baby,1,0,1,0.7237,295.29,430.54,127133.56
12801,baby,1,0,1,0.6709,305.08,415.79,126849.16
12802,baby,1,0,1,0.6106,299.69,398.63,119463.48
12803,baby,1,0,1,0.6099,294.06,356.04,104697.9
12804,baby,1,0,1,0.7803,292.07,397.58,116119.29
12805,baby,1,0,1,0.6547,291.3,367.76,107130.37
12806,none,0,0,0,0,0,0,0
12807,baby,1,0,1,0.747,282.5,392.07,110760.12
12808,baby,1,0,1,0.8127,302.19,402.34,121583.61
12809,baby,1,0,1,0.7756,291.75,438.18,127837.14
12810,baby,1,0,1,0.7437,293.58,402.14,118063.2
12811,baby,1,0,1,0.7228,291.93,396.86,115854.25
12812,baby,1,0,1,0.757,295.49,394.3,116514.15
12813,baby,1,0,1,0.7858,287,445.72,127923.81
12814,baby,1,0,1,0.7504,290.1,479.95,139232.83
12815,baby,1,0,1,0.6341,293.7,386.36,113473.19
12816,baby,1,0,1,0.7378,280.68,380.4,106772.25
12817,baby,1,0,1,0.7278,288.74,428.06,123598.11
12818,baby,1,0,1,0.7767,295.35,404.09,119349.85
12819,baby,1,0,1,0.7219,287.66,369.18,106197.72
12820,baby,1,0,1,0.7574,297.75,424.05,126258.67
12821,baby,1,0,1,0.6218,313.18,408.46,127919.89
12822,baby,1,0,1,0.7235,317.2,440.52,139732.75
12823,baby,1,0,1,0.8026,326.44,508.55,166013.15
12824,baby,1,0,1,0.7573,352.5,600.73,211760.41
12825,none,0,0,0,0,0,0,0
12826,baby,1,0,1,0.6402,281.61,352.52,99274.82
12827,baby,1,0,1,0.7102,292.52,384.73,112540.04
12828,baby,1,0,1,0.7382,286.22,414.94,118764.14
12829,baby,1,0,1,0.7189,289.21,393.78,113886.9
12830,baby,1,0,1,0.7528,286.12,394.24,112800.49
12831,none,0,0,0,0,0,0,0
12832,none,0,0,0,0,0,0,0
12833,none,0,0,0,0,0,0,0
12834,none,0,0,0,0,0,0,0
12835,none,0,0,0,0,0,0,0
12836,baby,1,0,1,0.7002,297,389.5,115682.43
12837,baby,1,0,1,0.7814,315.68,474.27,149719.34
12838,baby,1,0,1,0.6427,297.39,381.3,113394.86
12839,baby,1,0,1,0.6551,288.24,370.5,106791.57
12840,none,0,0,0,0,0,0,0
12841,baby,1,0,1,0.7835,291.16,420.38,122399.5
12842,baby,1,0,1,0.7474,286.42,428.85,122831.72
12843,baby,1,0,1,0.7343,292.47,429.77,125696.59
12844,baby,1,0,1,0.7952,289.04,429.91,124260.31
12845,baby,1,0,1,0.6882,294.33,372.34,109590.71
12846,baby,1,0,1,0.7791,294.66,452.1,133213.53
12847,baby,1,0,1,0.7276,281,364.44,102405.32
12848,baby,1,0,1,0.7239,288.82,371.24,107219.76
12849,baby,1,0,1,0.7217,287.77,371.01,106766.96
12850,baby,1,0,1,0.6771,294.73,369.42,108877.86
12851,baby,1,0,1,0.6907,296.04,369.14,109281.73
12852,baby,1,0,1,0.6937,278.81,356.11,99287.67
12853,baby,1,0,1,0.7539,304.51,401.7,122321.29
12854,baby,1,0,1,0.7481,287.88,374.54,107824.08
12855,baby,1,0,1,0.778,279.83,389.61,109026.67
12856,baby,1,0,1,0.819,293.63,417.9,122707.74
12857,none,0,0,0,0,0,0,0
12858,baby,1,0,1,0.6693,275.95,384.58,106123.74
12859,baby,1,0,1,0.8357,279.32,407.14,113723.94
12860,baby,1,0,1,0.8539,281.12,392.48,110333.85
12861,baby,1,0,1,0.8492,290.57,394.47,114621.31
12862,baby,1,0,1,0.7468,285.23,380.27,108463.33
12863,baby,1,0,1,0.8352,286.26,380.44,108905.03
12864,baby,1,0,1,0.8576,290.59,397.16,115410.13
12865,baby,1,0,1,0.793,282.55,383.47,108349.05
12866,baby,1,0,1,0.7903,286.07,421.74,120648.86
12867,baby,1,0,1,0.7698,275.86,400.29,110426.08
12868,baby,1,0,1,0.7151,302.38,433.67,131133.76
12869,baby,1,0,1,0.7862,285.97,456.01,130407.44
12870,none,0,0,0,0,0,0,0
12871,baby,1,0,1,0.7867,300.36,425.59,127827.99
12872,baby,1,0,1,0.8222,303.56,486.66,147730.96
12873,baby,1,0,1,0.8152,295.19,485.86,143420.31
12874,baby,1,0,1,0.7606,287.64,383.85,110413.52
12875,baby,1,0,1,0.6611,287.68,352.37,101369.01
12876,baby,1,0,1,0.7261,287.19,381.33,109514.58
12877,baby,1,0,1,0.8005,300.6,403.78,121378.45
12878,baby,1,0,1,0.7584,296.85,372.69,110632.15
12879,baby,1,0,1,0.7849,287.1,368.29,105734.74
12880,baby,1,0,1,0.7736,303.31,400.18,121376.63
12881,baby,1,0,1,0.8192,296.04,426.29,126197.2
12882,baby,1,0,1,0.6362,290,356.98,103524.26
12883,baby,1,0,1,0.7761,288.55,365.65,105508.3
12884,baby,1,0,1,0.7644,295.09,422.9,124795.24
12885,baby,1,0,1,0.775,293.15,379.3,111191.52
12886,baby,1,0,1,0.6163,301.85,380.05,114720.23
12887,baby,1,0,1,0.735,288.31,371.28,107043.19
12888,baby,1,0,1,0.7466,291.63,453.96,132387.82
12889,baby,1,0,1,0.706,290.07,393.94,114269.27
12890,baby,1,0,1,0.785,290.04,369.64,107212.93
12891,baby,1,0,1,0.7176,291.27,455.16,132575.84
12892,baby,1,0,1,0.7858,285.53,372.13,106254.27
12893,baby,1,0,1,0.7179,298.1,392.11,116886.66
12894,baby,1,0,1,0.7529,293.3,429.02,125832.73
12895,baby,1,0,1,0.6949,285.75,368.43,105277.59
12896,baby,1,0,1,0.7453,289.45,413.9,119804.21
12897,baby,1,0,1,0.7063,290.71,366.45,106530.48
12898,baby,1,0,1,0.684,295.23,382.87,113035.92
12899,baby,1,0,1,0.7644,291.66,392.73,114540.67
12900,baby,1,0,1,0.744,295.01,391.34,115448.5
12901,baby,1,0,1,0.7547,294.71,402.34,118574.86
12902,baby,1,0,1,0.7469,292.81,370.2,108398.26
12903,baby,1,0,1,0.7542,294.14,382.81,112600.1
12904,baby,1,0,1,0.7848,291.54,387.9,113086.21
12905,baby,1,0,1,0.6869,286.92,348.7,100051
12906,baby,1,0,1,0.7078,303.93,365.56,111103.91
12907,baby,1,0,1,0.6922,295.82,419.82,124189.74
12908,baby,1,0,1,0.663,300.43,365.51,109811.55
12909,baby,1,0,1,0.7662,304.92,424.5,129441.75
12910,baby,1,0,1,0.7888,310.05,475.24,147347.09
12911,baby,1,0,1,0.7834,288.26,422.17,121694.02
12912,baby,1,0,1,0.8223,292.53,473.36,138473.5
12913,baby,1,0,1,0.7002,290.06,397.99,115441.99
12914,baby,1,0,1,0.7644,290.22,376.79,109354.53
12915,baby,1,0,1,0.7863,290.22,365.02,105938.37
12916,baby,1,0,1,0.7875,291.68,378.44,110383.98
12917,baby,1,0,1,0.7784,301.63,372.43,112335.12
12918,baby,1,0,1,0.777,291.12,372.82,108535.96
12919,baby,1,0,1,0.76,293.69,364.76,107127.37
12920,baby,1,0,1,0.8295,294.14,479.6,141067.77
12921,baby,1,0,1,0.7415,300.73,370.59,111448.48
12922,baby,1,0,1,0.7739,298.16,376.46,112246.64
12923,baby,1,0,1,0.7528,297.2,370.12,110000.29
12924,baby,1,0,1,0.7989,298.98,376.06,112434.98
12925,baby,1,0,1,0.7937,293.55,443.9,130308.14
12926,baby,1,0,1,0.8028,298.85,435.37,130111.11
12927,baby,1,0,1,0.7838,293.18,412.17,120837.34
12928,baby,1,0,1,0.7775,302.77,399.73,121025.09
12929,baby,1,0,1,0.8266,285.9,470.47,134508.98
12930,baby,1,0,1,0.8195,288.67,402.36,116147.62
12931,baby,1,0,1,0.797,284.28,383.09,108903.76
12932,baby,1,0,1,0.7665,289.89,385.07,111627.37
12933,baby,1,0,1,0.7603,283.98,369.21,104849.37
12934,baby,1,0,1,0.7523,297.77,393.5,117170.31
12935,baby,1,0,1,0.7628,288.17,371.47,107045.92
12936,baby,1,0,1,0.7013,288.68,365.75,105585.13
12937,baby,1,0,1,0.746,286.05,455.83,130389.1
12938,baby,1,0,1,0.834,292.06,557.88,162932.47
12939,baby,1,0,1,0.823,277.99,396.24,110150.29
12940,baby,1,0,1,0.7748,287.33,409.5,117662.42
12941,none,0,0,0,0,0,0,0
12942,baby,1,0,1,0.7499,282.4,358.23,101165.28
12943,baby,1,0,1,0.7356,297.51,423.92,126121.53
12944,baby,1,0,1,0.6922,295.78,366.4,108375.75
12945,baby,1,0,1,0.6804,285.77,344.92,98568.06
12946,baby,1,0,1,0.7221,299.37,391.8,117293.99
12947,baby,1,0,1,0.6316,296.11,360.51,106750.74
12948,baby,1,0,1,0.7281,293.59,369.22,108400.28
12949,baby,1,0,1,0.6921,291.97,361.01,105404.73
12950,baby,1,0,1,0.7054,295.21,372.49,109961.84
12951,baby,1,0,1,0.7192,296.8,375.65,111493.44
12952,baby,1,0,1,0.783,301.26,480.86,144861.4
12953,baby,1,0,1,0.7351,284.25,380.39,108124.87
12954,baby,1,0,1,0.7458,280.32,375.52,105267.86
12955,baby,1,0,1,0.7568,293.24,367.93,107892.75
12956,baby,1,0,1,0.8178,290.93,377.98,109965.27
12957,baby,1,0,1,0.7075,285.1,357.5,101923.07
12958,baby,1,0,1,0.8334,291.61,416.45,121441.13
12959,baby,1,0,1,0.7464,296.86,386.18,114641.75
12960,baby,1,0,1,0.7508,296.46,385.71,114347.16
12961,baby,1,0,1,0.7449,283.67,381.56,108237.17
12962,baby,1,0,1,0.7267,292.97,367.54,107679.58
12963,baby,1,0,1,0.7755,292.41,426.08,124592.37
12964,baby,1,0,1,0.7981,290.16,468.28,135876.77
12965,baby,1,0,1,0.8716,295.98,453.22,134142.12
12966,baby,1,0,1,0.7002,361.35,446.31,161274.48
12967,baby,1,0,1,0.7841,378.1,567.21,214462.49
12968,baby,1,0,1,0.8202,297.62,367.72,109442.96
12969,baby,1,0,1,0.8314,287.68,370.64,106627.67
12970,baby,1,0,1,0.8311,284.3,413.48,117551.43
12971,baby,1,0,1,0.7989,284.78,403.81,114994.9
12972,baby,1,0,1,0.8319,281.03,386.66,108661.82
12973,baby,1,0,1,0.8254,297,376.78,111903.41
12974,baby,1,0,1,0.8585,287.5,392.5,112843.24
12975,baby,1,0,1,0.8345,292.82,395.97,115950.85
12976,baby,1,0,1,0.8728,289.66,405.1,117341.61
12977,baby,1,0,1,0.8734,288.65,411.75,118851.29
12978,baby,1,0,1,0.8513,289,411.33,118873.73
12979,baby,1,0,1,0.8036,293.94,468.19,137617.38
12980,baby,1,0,1,0.8714,286.51,434.1,124375.14
12981,baby,1,0,1,0.8171,289.11,426.4,123275.12
12982,baby,1,0,1,0.8129,295.21,436.98,129000.13
12983,baby,1,0,1,0.8588,283.4,431.9,122402.06
12984,baby,1,0,1,0.8045,287.3,425.51,122247.02
12985,baby,1,0,1,0.8261,294.79,408.46,120408.83
12986,baby,1,0,1,0.8496,298.74,413.96,123666.82
12987,baby,1,0,1,0.8454,294.89,444.23,130999.42
12988,baby,1,0,1,0.7688,297.05,405.37,120414.01
12989,baby,1,0,1,0.8098,294.75,372.41,109767.46
12990,baby,1,0,1,0.7837,282.83,376.9,106597.81
12991,baby,1,0,1,0.7051,292.95,379.08,111052.37
12992,baby,1,0,1,0.7089,296.04,371.08,109853.51
12993,baby,1,0,1,0.7686,314.21,482.65,151654.14
12994,baby,1,0,1,0.7312,287.58,368.17,105876.95
12995,baby,1,0,1,0.7309,305.83,366.54,112098.77
12996,baby,1,0,1,0.7649,279.78,359.58,100604.39
12997,baby,1,0,1,0.7928,303.1,391.71,118725.89
12998,baby,1,0,1,0.7732,295.75,371.65,109915.53
12999,baby,1,0,1,0.8263,293.45,444.78,130520.36
13000,baby,1,0,1,0.8172,295.83,465.78,137791.58
13001,baby,1,0,1,0.8315,302.82,450.67,136471.22
13002,baby,1,0,1,0.8101,299.31,475.91,142444.05
13003,baby,1,0,1,0.8315,298.7,417.5,124708.31
13004,baby,1,0,1,0.852,292.27,436.08,127452.13
13005,baby,1,0,1,0.8653,291.13,404.14,117658.2
13006,baby,1,0,1,0.8667,293.72,432.55,127050.56
13007,baby,1,0,1,0.8784,291.59,405.82,118334.14
13008,baby,1,0,1,0.8723,288.42,461.76,133182.55
13009,baby,1,0,1,0.8461,284.53,411.77,117160.81
13010,baby,1,0,1,0.8531,305.79,477.64,146056.62
13011,baby,1,0,1,0.8181,292.98,383.76,112431.98
13012,baby,1,0,1,0.8364,295.3,380.01,112214.88
13013,baby,1,0,1,0.8148,299.4,398.9,119430.01
13014,baby,1,0,1,0.8367,294.33,458.14,134843.42
13015,baby,1,0,1,0.8197,287.89,440.17,126721.38
13016,baby,1,0,1,0.8403,299.93,437.14,131112.16
13017,baby,1,0,1,0.8408,296.41,443.36,131416
13018,baby,1,0,1,0.848,300.1,398.84,119694.37
13019,baby,1,0,1,0.8334,292.48,445.29,130241.58
13020,baby,1,0,1,0.8617,300.34,399.95,120118.41
13021,baby,1,0,1,0.8313,294.72,431.93,127297.55
13022,baby,1,0,1,0.817,294.79,420.43,123938.82
13023,baby,1,0,1,0.8501,294.23,413.23,121582.08
13024,baby,1,0,1,0.7767,292.87,397.08,116293.91
13025,baby,1,0,1,0.8425,298.78,383.2,114490.63
13026,baby,1,0,1,0.8287,298.25,386.29,115213.35
13027,baby,1,0,1,0.8318,295.67,402.63,119043.58
13028,baby,1,0,1,0.8512,295.86,398.7,117959.38
13029,baby,1,0,1,0.8104,296.64,415.27,123187.16
13030,baby,1,0,1,0.8258,295.49,431.28,127437.9
13031,baby,1,0,1,0.8322,300.83,409.52,123195.79
13032,baby,1,0,1,0.8471,297.97,388.8,115850.09
13033,baby,1,0,1,0.8199,299.86,391.2,117307.47
13034,baby,1,0,1,0.8309,296.31,401.48,118963.79
13035,baby,1,0,1,0.8475,307.69,411.63,126656.46
13036,baby,1,0,1,0.8351,296.37,439.07,130124.25
13037,baby,1,0,1,0.829,293.03,381.11,111676.22
13038,baby,1,0,1,0.8305,295.91,375.66,111161.77
13039,baby,1,0,1,0.8019,290.7,370.68,107756.02
13040,baby,1,0,1,0.812,295.06,390.47,115210.84
13041,baby,1,0,1,0.8331,295.41,446.2,131811.85
13042,baby,1,0,1,0.8248,286.93,448.24,128613.43
13043,baby,1,0,1,0.8705,289.03,403.11,116513
13044,baby,1,0,1,0.8364,300.18,439.93,132060.39
13045,baby,1,0,1,0.8651,293.78,428.41,125858.66
13046,baby,1,0,1,0.846,291.21,423.68,123381.57
13047,baby,1,0,1,0.8558,296.02,425.27,125885.49
13048,baby,1,0,1,0.8622,297.28,416.99,123965.73
13049,baby,1,0,1,0.8897,296.68,432.24,128236.09
13050,baby,1,0,1,0.8644,300.54,433.72,130350.8
13051,baby,1,0,1,0.8102,287.48,426.7,122667.27
13052,baby,1,0,1,0.7974,288.29,366.34,105611.1
13053,baby,1,0,1,0.793,285.46,384.78,109840.52
13054,baby,1,0,1,0.8232,278.06,377.98,105099.71
13055,baby,1,0,1,0.8056,301.19,372.56,112211.24
13056,baby,1,0,1,0.8045,301.31,371.1,111816.86
13057,baby,1,0,1,0.8185,299.01,379.48,113467.38
13058,baby,1,0,1,0.7959,294.23,368.46,108412.39
13059,baby,1,0,1,0.7644,290.95,369.98,107648.32
13060,baby,1,0,1,0.7961,285.67,380.38,108664.51
13061,baby,1,0,1,0.8344,294.7,407.76,120164.37
13062,baby,1,0,1,0.8332,300.81,408.89,123000.78
13063,baby,1,0,1,0.8125,302.01,410.74,124046.9
13064,baby,1,0,1,0.8111,304.28,379.91,115601.22
13065,baby,1,0,1,0.8061,298.77,370.31,110635.87
13066,baby,1,0,1,0.8319,299.23,403.8,120829.22
13067,baby,1,0,1,0.7887,302.22,392.75,118697.21
13068,baby,1,0,1,0.8433,292.23,447.54,130785.36
13069,baby,1,0,1,0.8021,297.1,374.58,111286.33
13070,baby,1,0,1,0.8379,297.42,384.22,114273.15
13071,baby,1,0,1,0.8305,291.8,397.09,115874.08
13072,baby,1,0,1,0.8576,306.39,440,134811.26
13073,baby,1,0,1,0.8663,289.86,397.61,115249.81
13074,baby,1,0,1,0.7944,298.16,413.89,123404.38
13075,baby,1,0,1,0.7931,290.77,363.94,105823.2
13076,baby,1,0,1,0.7969,299.24,369.77,110650.83
13077,baby,1,0,1,0.7471,296.62,368.14,109196.15
13078,baby,1,0,1,0.8272,295.13,372.44,109918.77
13079,baby,1,0,1,0.8062,299.04,380.62,113822.24
13080,baby,1,0,1,0.8056,290.09,383.46,111237.46
13081,baby,1,0,1,0.8313,302.02,393.87,118958.57
13082,baby,1,0,1,0.8023,293.88,388.66,114221.31
13083,baby,1,0,1,0.7988,300.86,398.85,119994.94
13084,baby,1,0,1,0.7874,301.17,384.76,115880.95
13085,baby,1,0,1,0.8003,297.39,372.89,110893.69
13086,baby,1,0,1,0.8528,300.37,383.76,115270.32
13087,baby,1,0,1,0.8477,281.46,378.36,106491.93
13088,baby,1,0,1,0.8379,292.37,418.45,122342.28
13089,baby,1,0,1,0.8479,295.53,378.05,111726.42
13090,baby,1,0,1,0.8395,294.03,380.58,111902.41
13091,baby,1,0,1,0.8334,298.31,405.45,120950.02
13092,baby,1,0,1,0.8123,287.65,368.72,106063.2
13093,baby,1,0,1,0.8118,292.12,379.01,110719.51
13094,baby,1,0,1,0.8203,275.29,393.52,108334.08
13095,baby,1,0,1,0.8085,291.06,371.53,108136.97
13096,baby,1,0,1,0.813,282.99,438.25,124017.16
13097,baby,1,0,1,0.8286,286.33,375.41,107493.2
13098,baby,1,0,1,0.8326,291.48,376.02,109603.67
13099,baby,1,0,1,0.8125,294.03,376.66,110748.8
13100,baby,1,0,1,0.7953,285.11,389.47,111040.67
13101,baby,1,0,1,0.8453,278.58,416.66,116075.03
13102,baby,1,0,1,0.8154,282.73,376.66,106493.89
13103,baby,1,0,1,0.8109,290.85,379.45,110363.71
13104,baby,1,0,1,0.7762,284.35,376.84,107154.63
13105,baby,1,0,1,0.8409,287.2,370.12,106298.1
13106,baby,1,0,1,0.8019,287.55,367.03,105538.66
13107,baby,1,0,1,0.744,294.42,373.34,109918.84
13108,baby,1,0,1,0.8378,289.08,376.57,108859.1
13109,baby,1,0,1,0.8285,279.37,372.17,103974.26
13110,baby,1,0,1,0.8074,286.4,378.68,108453.83
13111,baby,1,0,1,0.8513,280.8,373.95,105006.45
13112,baby,1,0,1,0.8433,284.24,375.43,106713.37
13113,baby,1,0,1,0.8601,283.16,388.4,109979.18
13114,baby,1,0,1,0.7401,292.73,371.1,108633.04
13115,baby,1,0,1,0.789,284.87,378.99,107965.24
13116,baby,1,0,1,0.8539,285.03,372.67,106222.15
13117,baby,1,0,1,0.7928,288.61,397.78,114804.13
13118,baby,1,0,1,0.8429,282.56,446.28,126098.79
13119,baby,1,0,1,0.8101,284.95,374.11,106601.73
13120,baby,1,0,1,0.7937,283.62,368.24,104438.35
13121,baby,1,0,1,0.7444,281.29,436.24,122709.85
13122,baby,1,0,1,0.6865,317.12,595,188689.74
13123,baby,1,0,1,0.6208,346.93,533.54,185099.74
13124,baby,1,0,1,0.7745,388.51,529.02,205530.91
13125,baby,1,0,1,0.6689,481.44,451.36,217301.65
13126,baby,1,0,1,0.8529,346.65,505.94,175382.89
13127,baby,1,0,2,0.8003,301.51,584.61,176261.87
13128,baby,1,0,1,0.8109,290.65,536.96,156068.39
13129,baby,1,0,1,0.6312,295.15,371.21,109563
13130,none,0,0,0,0,0,0,0
13131,baby,1,0,1,0.695,325.27,536.88,174631.55
13132,none,0,0,0,0,0,0,0
13133,baby,1,0,1,0.6194,309.31,375.03,115997.8
13134,none,0,0,0,0,0,0,0
13135,none,0,0,0,0,0,0,0
13136,none,0,0,0,0,0,0,0
13137,none,0,0,0,0,0,0,0
13138,none,0,0,0,0,0,0,0
13139,none,0,0,0,0,0,0,0
13140,none,0,0,0,0,0,0,0
13141,none,0,0,0,0,0,0,0
13142,none,0,0,0,0,0,0,0
13143,none,0,0,0,0,0,0,0
13144,baby,1,0,1,0.6389,344.03,574.27,197567.2
13145,baby,1,0,1,0.6759,320.95,398.69,127959.58
13146,baby,1,0,1,0.6771,312.84,377.35,118048.64
13147,none,0,0,0,0,0,0,0
13148,baby,1,0,1,0.7432,276.31,330.15,91222.35
13149,baby,1,0,1,0.7163,261.64,338.18,88481.43
13150,baby,1,0,1,0.7599,272.72,348.84,95134.34
13151,baby,1,0,1,0.751,265.15,346.58,91897.48
13152,baby,1,0,1,0.7536,267.38,344.28,92055.52
13153,baby,1,0,1,0.7378,265.24,340.93,90430.34
13154,baby,1,0,1,0.7282,268.04,343.79,92152.06
13155,baby,1,0,1,0.6909,263.06,340.66,89613.73
13156,baby,1,0,1,0.6656,262.78,342.44,89987.14
13157,baby,1,0,1,0.6883,266.51,337.39,89917.92
13158,baby,1,0,1,0.7058,267.74,338.85,90722.42
13159,baby,1,0,1,0.7548,275.15,344.03,94660.31
13160,baby,1,0,1,0.6847,270.98,345.72,93684.34
13161,baby,1,0,1,0.6157,282.61,335.7,94872.25
13162,baby,1,0,1,0.6192,284.24,346.65,98531.33
13163,baby,1,0,1,0.7759,275.07,353.88,97339.72
13164,baby,1,0,1,0.7251,273.64,348.83,95453.51
13165,baby,1,0,1,0.6595,278.75,350.55,97717.18
13166,baby,1,0,1,0.7196,277.22,348.94,96732.24
13167,baby,1,0,1,0.6661,294.95,360.82,106425.12
13168,baby,1,0,1,0.6871,268.37,350.81,94148.18
13169,none,0,0,0,0,0,0,0
13170,none,0,0,0,0,0,0,0
13171,none,0,0,0,0,0,0,0
13172,baby,1,0,1,0.6364,276.15,342.29,94523.76
13173,baby,1,0,1,0.6088,271.26,331.67,89968.85
13174,none,0,0,0,0,0,0,0
13175,baby,1,0,1,0.7054,271.97,368.66,100266.14
13176,baby,1,0,1,0.8077,277.53,371.31,103051.73
13177,baby,1,0,1,0.6495,260.49,331.49,86348.01
13178,baby,1,0,1,0.7166,295.38,475.65,140496.04
13179,baby,1,0,1,0.6614,270.22,330.86,89405.25
13180,baby,1,0,1,0.7625,289.62,357.5,103542.03
13181,baby,1,0,1,0.6766,273.38,348.24,95199.67
13182,baby,1,0,1,0.7201,277.24,356.36,98797.74
13183,baby,1,0,1,0.7547,287.81,359.65,103511.42
13184,baby,1,0,1,0.6988,265.87,326.68,86854.17
13185,baby,1,0,1,0.615,337.43,574.3,193786.83
13186,baby,1,0,1,0.7485,310.28,589.77,182992.45
13187,baby,1,0,1,0.6992,290.01,419.17,121561.91
13188,baby,1,0,1,0.714,311.81,589.43,183790.36
13189,baby,1,0,1,0.6221,307,469.13,144024.99
13190,none,0,0,0,0,0,0,0
13191,baby,1,0,1,0.6625,298.59,541.81,161777.66
13192,none,0,0,0,0,0,0,0
13193,baby,1,0,1,0.6564,309.99,430.99,133603.39
13194,none,0,0,0,0,0,0,0
13195,baby,1,0,1,0.6543,289.1,351.23,101541.55
13196,none,0,0,0,0,0,0,0
13197,none,0,0,0,0,0,0,0
13198,none,0,0,0,0,0,0,0
13199,baby,1,0,1,0.6148,279.77,354.68,99227.01
13200,baby,1,0,1,0.7276,317.94,572.82,182124.76
13201,none,0,0,0,0,0,0,0
13202,baby,1,0,1,0.6203,288.63,341.59,98594.72
13203,none,0,0,0,0,0,0,0
13204,none,0,0,0,0,0,0,0
13205,none,0,0,0,0,0,0,0
13206,baby,1,0,1,0.6147,267.95,378.85,101513.37
13207,baby,1,0,1,0.7259,287.96,375.57,108149
13208,baby,1,0,1,0.624,292.27,379.94,111046.22
13209,baby,1,0,1,0.672,283.34,385.11,109116.2
13210,baby,1,0,1,0.6716,294.86,363.09,107060.12
13211,baby,1,0,1,0.716,286.55,370.67,106213.47
13212,baby,1,0,1,0.683,277.49,416.87,115676.42
13213,baby,1,0,1,0.6933,301.35,371.73,112020.02
13214,baby,1,0,1,0.6965,303.21,442.62,134205.49
13215,baby,1,0,1,0.7332,285.96,372.35,106477.62
13216,baby,1,0,1,0.7815,296.67,386.5,114666.14
13217,baby,1,0,1,0.6708,296.74,387.73,115055.05
13218,baby,1,0,1,0.6854,298.52,392.75,117240.48
13219,none,0,0,0,0,0,0,0
13220,none,0,0,0,0,0,0,0
13221,none,0,0,0,0,0,0,0
13222,baby,1,0,1,0.6831,344.72,591.28,203825.35
13223,baby,1,0,1,0.6367,296.2,391.19,115872.1
13224,baby,1,0,1,0.8007,298.95,409.33,122369.82
13225,baby,1,0,1,0.7599,303.33,371.75,112761.45
13226,baby,1,0,1,0.754,309.91,382.13,118428.8
13227,baby,1,0,1,0.7497,301.36,358.02,107894.88
13228,baby,1,0,1,0.7454,303.02,456.77,138411.37
13229,baby,1,0,1,0.8271,304.31,445.96,135711.12
13230,baby,1,0,1,0.7546,306.58,440.02,134900.31
13231,baby,1,0,1,0.7907,308.28,456.52,140733.16
13232,baby,1,0,1,0.8006,307.48,441.52,135760.99
13233,baby,1,0,1,0.8281,310.25,437.99,135887.35
13234,baby,1,0,1,0.7722,306.28,438.56,134321.6
13235,baby,1,0,1,0.7579,301.43,460.79,138895.08
13236,baby,1,0,1,0.8147,311.05,441.41,137301.37
13237,baby,1,0,1,0.7067,310.09,398.21,123483.78
13238,baby,1,0,1,0.7546,304.8,395.72,120616.19
13239,baby,1,0,1,0.8184,312.64,465.51,145536.88
13240,baby,1,0,1,0.7181,305.59,422.5,129112.61
13241,baby,1,0,1,0.8211,307.05,458.87,140895.33
13242,baby,1,0,1,0.8136,304.72,459.41,139989.72
13243,baby,1,0,1,0.8176,313.7,477.23,149709.28
13244,baby,1,0,1,0.78,300.71,372.6,112045
13245,baby,1,0,1,0.7837,304.45,388.7,118338.05
13246,baby,1,0,1,0.7242,311.08,406.62,126492.06
13247,baby,1,0,1,0.7839,300.42,391.4,117584.06
13248,baby,1,0,1,0.7847,300.09,418.27,125518.62
13249,baby,1,0,1,0.726,311.41,382.48,119109.43
13250,baby,1,0,1,0.7257,314.36,393.96,123847.4
13251,baby,1,0,1,0.705,309.35,490.69,151796.32
13252,baby,1,0,1,0.7889,306.94,458.57,140752.82
13253,baby,1,0,1,0.7212,305.47,422.31,129001.34
13254,baby,1,0,1,0.7034,299.96,396.41,118910.13
13255,baby,1,0,1,0.6708,309.65,480.68,148841.21
13256,baby,1,0,1,0.7334,304.27,378.45,115148.65
13257,baby,1,0,1,0.7577,308.67,391.15,120737.04
13258,baby,1,0,1,0.7499,313.52,523.56,164146
13259,baby,1,0,1,0.7841,312.73,393.16,122954.16
13260,baby,1,0,1,0.8025,304.87,424.23,129333.71
13261,baby,1,0,1,0.7681,311.5,499.02,155445.72
13262,baby,1,0,1,0.815,314.29,377.31,118585.9
13263,baby,1,0,1,0.7791,316.09,528.37,167009.78
13264,baby,1,0,1,0.8085,314.45,383.24,120511.74
13265,baby,1,0,1,0.8319,315.41,421.6,132977.87
13266,baby,1,0,1,0.7991,313.28,437.07,136924.1
13267,baby,1,0,1,0.7234,316.83,368.12,116629.15
13268,baby,1,0,1,0.607,292.26,370.87,108389.73
13269,baby,1,0,1,0.6898,305.59,366.41,111971.85
13270,baby,1,0,1,0.6384,294.48,384.25,113155.3
13271,baby,1,0,1,0.6862,304.58,368.15,112130.79
13272,baby,1,0,1,0.7034,293.57,361.71,106187.4
13273,baby,1,0,1,0.7198,300.11,365.92,109815.86
13274,baby,1,0,1,0.7003,289.48,373.84,108218.6
13275,baby,1,0,1,0.6201,302.38,357.52,108108.62
13276,baby,1,0,1,0.7737,280.23,381.78,106989.02
13277,baby,1,0,1,0.7084,279.39,380.13,106204.25
13278,baby,1,0,1,0.7471,292.92,361.41,105862.81
13279,baby,1,0,1,0.75,279.47,360.6,100775.86
13280,baby,1,0,1,0.6932,298.03,358.57,106862.6
13281,baby,1,0,1,0.7645,287.46,356.11,102366.43
13282,baby,1,0,1,0.6884,287.1,360.61,103531.98
13283,baby,1,0,1,0.6957,297.4,363.03,107967.12
13284,baby,1,0,1,0.7302,292.99,366.42,107360.09
13285,baby,1,0,1,0.6976,294.32,361.15,106291.94
13286,baby,1,0,1,0.7701,283.07,361.6,102360.22
13287,baby,1,0,1,0.7199,297.36,368.24,109499.61
13288,baby,1,0,1,0.7705,299.02,379.7,113538.25
13289,baby,1,0,1,0.7235,298.96,372.93,111491.05
13290,baby,1,0,1,0.7551,291.61,390.17,113775.27
13291,baby,1,0,1,0.6395,290.47,368.85,107139.72
13292,baby,1,0,1,0.6997,300.55,372.18,111859.67
13293,baby,1,0,1,0.7789,289.51,372.82,107932.3
13294,baby,1,0,1,0.7221,295.67,368.79,109042.15
13295,baby,1,0,1,0.7324,282.97,395.67,111963.56
13296,baby,1,0,1,0.714,287.33,408.63,117414.29
13297,baby,1,0,1,0.7352,297.24,362.95,107883.09
13298,baby,1,0,1,0.6673,291.26,427,124371.1
13299,baby,1,0,1,0.7473,299.53,369.54,110688.52
13300,baby,1,0,1,0.7857,299.46,372.75,111623.17
13301,baby,1,0,1,0.6906,303.15,376.82,114235.64
13302,baby,1,0,1,0.7656,299.78,397.3,119102.8
13303,baby,1,0,1,0.6892,300.19,381.13,114410.88
13304,baby,1,0,1,0.8052,283.88,419.23,119010.67
13305,baby,1,0,1,0.8255,300.56,381.94,114795.06
13306,baby,1,0,1,0.8407,301.1,401.38,120855.53
13307,baby,1,0,1,0.795,298.88,381.95,114158.12
13308,baby,1,0,1,0.7984,288.69,439.74,126947.44
13309,baby,1,0,1,0.7948,292.32,408.71,119474.36
13310,baby,1,0,1,0.8116,289.53,386.5,111902.67
13311,baby,1,0,1,0.804,302.53,385.78,116709.72
13312,baby,1,0,1,0.8133,290.54,375.03,108960.94
13313,baby,1,0,1,0.7996,297.39,381.03,113316.45
13314,baby,1,0,1,0.8188,289.01,418.04,120815.36
13315,baby,1,0,1,0.825,297.09,391.98,116452.31
13316,baby,1,0,1,0.8218,287.43,422.98,121575.69
13317,baby,1,0,1,0.8296,294.83,382.71,112835.88
13318,baby,1,0,1,0.816,300.59,380.06,114243.26
13319,baby,1,0,1,0.8346,284.83,384.75,109587.04
13320,baby,1,0,1,0.8292,299.78,387.05,116028.93
13321,baby,1,0,1,0.8736,303.6,414.72,125909.5
13322,baby,1,0,1,0.8717,302.72,416.08,125957.71
13323,baby,1,0,1,0.8422,293.43,411.68,120797.74
13324,baby,1,0,1,0.8456,296.24,414.32,122737.46
13325,baby,1,0,1,0.8286,299.05,394.59,118001.51
13326,baby,1,0,1,0.8237,294.52,408.28,120247.59
13327,baby,1,0,1,0.8525,297.04,415.3,123359.95
13328,baby,1,0,1,0.8592,296.57,420.63,124745.45
13329,baby,1,0,1,0.8106,291.34,431.91,125835.62
13330,baby,1,0,1,0.8523,297.21,411.87,122414.2
13331,baby,1,0,1,0.7967,295.78,414.41,122576.41
13332,baby,1,0,1,0.8003,299.93,408.97,122663.52
13333,baby,1,0,1,0.8129,294.16,403.75,118769.22
13334,baby,1,0,1,0.785,289.66,401.75,116368.32
13335,baby,1,0,1,0.8325,291.1,414.45,120646.21
13336,baby,1,0,1,0.8166,293.81,429.29,126130.19
13337,baby,1,0,1,0.8237,292.22,374.3,109380.28
13338,baby,1,0,1,0.8424,308.14,417.47,128638.39
13339,baby,1,0,1,0.7585,292.02,381.64,111444.9
13340,baby,1,0,1,0.8354,301.41,418.01,125993.61
13341,baby,1,0,1,0.8208,298.06,449.34,133930.55
13342,baby,1,0,1,0.8202,298.58,386.24,115324.36
13343,baby,1,0,1,0.8271,299.28,436.66,130685.67
13344,baby,1,0,1,0.8515,288.84,423.11,122211.09
13345,baby,1,0,1,0.827,294.27,433.14,127457.31
13346,baby,1,0,1,0.6118,301.47,406.5,122544.35
13347,baby,1,0,1,0.6225,310.48,375.44,116567.64
13348,baby,1,0,1,0.6874,290.27,358.95,104193.85
13349,baby,1,0,1,0.6991,294.15,375.95,110585.31
13350,baby,1,0,1,0.6412,296.54,366.08,108557.23
13351,baby,1,0,1,0.6728,293.74,368.26,108172.56
13352,baby,1,0,1,0.704,288.82,364.29,105214.85
13353,baby,1,0,1,0.7696,286.21,366.86,105001.6
13354,baby,1,0,1,0.854,328.66,573.95,188634.67
13355,baby,1,0,1,0.8326,317.43,582.44,184887.58
13356,baby,1,0,1,0.8548,322.44,579.98,187008.74
13357,baby,1,0,1,0.8207,325.49,579.63,188667.19
13358,baby,1,0,1,0.8328,310.63,564.9,175478.55
13359,baby,1,0,1,0.877,306,539.31,165031.01
13360,baby,1,0,1,0.8116,299.35,397.74,119063.61
13361,baby,1,0,1,0.8092,302.35,397.71,120248.35
13362,baby,1,0,1,0.8142,286.13,375.7,107499.49
13363,baby,1,0,1,0.8448,295.95,383.31,113440.63
13364,baby,1,0,1,0.8563,302.64,392.48,118781.11
13365,baby,1,0,1,0.8806,288.31,386.45,111418.26
13366,baby,1,0,1,0.8615,289.41,385.2,111482.53
13367,baby,1,0,1,0.8544,302.95,403.41,122213.41
13368,baby,1,0,1,0.827,300.9,408.81,123007.61
13369,baby,1,0,1,0.8372,298.61,410.14,122470.81
13370,baby,1,0,1,0.7243,295.51,469.42,138715.68
13371,baby,1,0,1,0.7274,308.31,385.46,118842.11
13372,baby,1,0,1,0.7127,293.25,395.52,115986.6
13373,baby,1,0,1,0.6992,308.25,405.21,124905.37
13374,baby,1,0,1,0.6495,295.03,431.73,127372.43
13375,baby,1,0,1,0.7333,291.85,378.61,110495.43
13376,baby,1,0,1,0.6633,297.92,386.91,115265.72
13377,baby,1,0,1,0.7042,303.75,401.46,121944.76
13378,baby,1,0,1,0.8106,296.43,407.07,120668.52
13379,baby,1,0,1,0.7321,297.8,420.26,125152.53
13380,baby,1,0,1,0.7537,291.5,384.12,111971.42
13381,baby,1,0,1,0.6679,295.74,370.37,109530.83
13382,baby,1,0,1,0.7343,297.63,380.07,113117.74
13383,baby,1,0,1,0.7702,296.56,396.52,117594.75
13384,baby,1,0,1,0.7245,290.77,361.72,105175.83
13385,baby,1,0,1,0.7154,303.69,371.3,112758.63
13386,baby,1,0,1,0.7068,311.1,492.44,153196.65
13387,baby,1,0,1,0.6946,304.22,418.53,127326.21
13388,baby,1,0,1,0.6995,292.11,371.65,108563.47
13389,none,0,0,0,0,0,0,0
13390,baby,1,0,1,0.7678,306.32,437.68,134068.25
13391,baby,1,0,1,0.6499,292.42,363.63,106333.41
13392,baby,1,0,1,0.7207,280.37,363.59,101938.48
13393,baby,1,0,1,0.6506,281.51,372.33,104814.47
13394,baby,1,0,1,0.6464,281.24,391.98,110239.06
13395,baby,1,0,1,0.7428,293.7,384.41,112901.63
13396,baby,1,0,1,0.7109,301.54,394.12,118846.28
13397,baby,1,0,1,0.6905,306.55,410.59,125866.69
13398,baby,1,0,1,0.6982,299.53,386.27,115699.89
13399,baby,1,0,1,0.7511,298.6,387.47,115699.63
13400,baby,1,0,1,0.6874,299.34,395.26,118316.86
13401,baby,1,0,1,0.7151,286.03,409.05,117000.3
13402,baby,1,0,1,0.7444,297.14,398.48,118405.21
13403,baby,1,0,1,0.7076,302.86,423.89,128378.12
13404,baby,1,0,1,0.7074,297.04,406.44,120728.42
13405,baby,1,0,1,0.6832,297.12,399.44,118681.82
13406,baby,1,0,1,0.809,291.38,409.6,119348.43
13407,baby,1,0,1,0.7072,296.02,383.92,113647.87
13408,baby,1,0,1,0.7594,285.31,371.97,106127.5
13409,baby,1,0,1,0.7194,291.76,377.59,110164.18
13410,baby,1,0,1,0.7086,289.73,396.42,114855.07
13411,none,0,0,0,0,0,0,0
13412,baby,1,0,1,0.6592,289.84,371.43,107655.38
13413,baby,1,0,1,0.6944,318.32,399.73,127243.11
13414,baby,1,0,1,0.792,298.96,392.47,117330.39
13415,baby,1,0,1,0.7649,292.49,377.44,110396.68
13416,baby,1,0,1,0.6848,307.82,410.13,126246.94
13417,baby,1,0,1,0.714,284.98,401.45,114406.61
13418,baby,1,0,1,0.7073,296.3,401.98,119107.2
13419,baby,1,0,1,0.6596,303.03,412.27,124929.4
13420,baby,1,0,1,0.8014,288.94,373.56,107938.31
13421,baby,1,0,1,0.7539,297.46,403.84,120124.05
13422,baby,1,0,1,0.7812,289.79,380.69,110321.6
13423,baby,1,0,1,0.7956,297.71,403.72,120194.11
13424,baby,1,0,1,0.7505,286.89,362.94,104122.5
13425,baby,1,0,1,0.7827,293.37,376.37,110414.49
13426,baby,1,0,1,0.7154,294.61,392.94,115764.44
13427,baby,1,0,1,0.7705,293.95,376.76,110748.16
13428,baby,1,0,1,0.7274,292.82,392.9,115049.49
13429,baby,1,0,1,0.7616,296.84,367.02,108946.89
13430,baby,1,0,1,0.7795,298.17,377.64,112603.33
13431,baby,1,0,1,0.7588,297.79,406.49,121049.04
13432,baby,1,0,1,0.7405,293.69,372.05,109265
13433,baby,1,0,1,0.76,294.24,426,125345.19
13434,baby,1,0,1,0.7619,298.69,378.52,113059.93
13435,baby,1,0,1,0.7363,291,370.28,107750.41
13436,baby,1,0,1,0.7566,283.93,400.48,113711.46
13437,baby,1,0,1,0.7585,287.36,412.22,118455.11
13438,baby,1,0,1,0.7532,293.69,364.14,106945.69
13439,baby,1,0,1,0.7382,283.51,398.35,112936.36
13440,baby,1,0,1,0.7534,283.48,368.53,104472.7
13441,baby,1,0,1,0.773,292.19,363.29,106147.38
13442,baby,1,0,1,0.756,277.79,367.94,102209.54
13443,baby,1,0,1,0.7448,290.42,371.86,107995.42
13444,baby,1,0,1,0.7486,276.76,363.45,100588.63
13445,baby,1,0,1,0.7175,292.1,360.96,105437.77
13446,baby,1,0,1,0.7299,296.86,375.99,111615.27
13447,baby,1,0,1,0.7371,299.43,411.02,123071.42
13448,baby,1,0,1,0.7404,294.76,380.38,112121.86
13449,baby,1,0,1,0.7442,294.41,371.51,109375.15
13450,baby,1,0,1,0.7393,293.57,364.65,107050.5
13451,baby,1,0,1,0.7584,297.14,379.52,112770.75
13452,baby,1,0,1,0.7275,294.56,370.37,109097.97
13453,baby,1,0,1,0.6331,304.81,386.29,117745.13
13454,baby,1,0,1,0.6403,300.29,380.73,114329.36
13455,baby,1,0,1,0.7531,290.31,370.77,107637.84
13456,baby,1,0,1,0.6883,293.52,386.23,113366.86
13457,baby,1,0,1,0.667,317.1,481.1,152556.87
13458,baby,1,0,1,0.7662,298.21,370.71,110550.29
13459,baby,1,0,1,0.7595,294.38,372.39,109622.25
13460,baby,1,0,1,0.7134,305.25,376.43,114907.09
13461,baby,1,0,1,0.7426,290.13,374.59,108679.35
13462,baby,1,0,1,0.6408,288.44,386.26,111411.25
13463,baby,1,0,1,0.6906,293.96,453.74,133383.37
13464,none,0,0,0,0,0,0,0
13465,none,0,0,0,0,0,0,0
13466,baby,1,0,1,0.6646,540.05,464.28,250736.14
13467,baby,1,0,1,0.6136,436.81,534.94,233665.58
13468,baby,1,0,1,0.7643,299.04,333.03,99589.02
13469,baby,1,0,1,0.7395,285.06,372.9,106298.83
13470,baby,1,0,1,0.8232,325.34,406.85,132365.96
13471,baby,1,0,1,0.8511,332.72,402.89,134051.06
13472,baby,1,0,1,0.845,307.27,401.27,123295.51
13473,baby,1,0,1,0.8506,313.15,402.97,126190.3
13474,baby,1,0,1,0.8348,310.68,400.35,124381.81
13475,baby,1,0,1,0.8452,312.67,395.75,123736.86
13476,baby,1,0,1,0.8559,323.96,400.38,129706.21
13477,baby,1,0,1,0.8494,324.1,399.1,129346.84
13478,baby,1,0,1,0.8412,330.15,402.53,132892.32
13479,baby,1,0,1,0.8487,324.53,400.19,129873.36
13480,baby,1,0,1,0.8527,319.55,399.04,127513.33
13481,baby,1,0,1,0.8536,328.61,394.9,129767.29
13482,baby,1,0,1,0.8434,319.17,399.13,127391.04
13483,baby,1,0,1,0.8466,315.78,399.31,126094.74
13484,baby,1,0,1,0.8527,325.66,398.88,129901.18
13485,baby,1,0,1,0.8494,321.79,403.24,129758.55
13486,baby,1,0,1,0.7718,307.31,381.76,117317.86
13487,baby,1,0,1,0.6447,309.02,361.07,111575.34
13488,baby,1,0,1,0.7437,309.01,311.2,96165
13489,none,0,0,0,0,0,0,0
13490,baby,1,0,1,0.7762,337.14,358.87,120990.61
13491,none,0,0,0,0,0,0,0
13492,none,0,0,0,0,0,0,0
13493,none,0,0,0,0,0,0,0
13494,baby,1,0,1,0.7637,455.21,546.07,248574.27
13495,none,0,0,0,0,0,0,0
13496,baby,1,0,1,0.7784,406.52,601.96,244712.17
13497,baby,1,0,1,0.8699,386.51,538,207941.56
13498,none,0,0,0,0,0,0,0
13499,baby,1,0,1,0.7623,400.8,441.29,176871.73
13500,baby,1,0,1,0.8296,304.55,434.74,132398.94
13501,baby,1,0,1,0.7989,250.9,417.98,104870.89
13502,none,0,0,0,0,0,0,0
13503,baby,1,0,1,0.7784,260.7,345.21,89998.25
13504,baby,1,0,1,0.7672,243.8,352.79,86007.92
13505,baby,1,0,1,0.7562,276.91,346.75,96019.21
13506,baby,1,0,1,0.6793,270.12,396.28,107044.55
13507,baby,1,0,1,0.7975,255.01,357.48,91162.28
13508,baby,1,0,1,0.7655,252.04,409.6,103236.39
13509,baby,1,0,1,0.7544,267.52,473.16,126581.31
13510,baby,1,0,1,0.7486,297.63,409,121727.95
13511,baby,1,0,1,0.8009,280,439.83,123154.55
13512,baby,1,0,1,0.7753,298.24,383.03,114236.3
13513,baby,1,0,1,0.8146,300.95,411.95,123975.29
13514,baby,1,0,1,0.7679,288.94,388.81,112343.22
13515,baby,1,0,1,0.7954,303.09,424.73,128734.5
13516,baby,1,0,1,0.8275,295.94,404.78,119788.99
13517,baby,1,0,1,0.8202,298.31,411.98,122899.79
13518,baby,1,0,1,0.7931,291.37,445.73,129872.24
13519,baby,1,0,1,0.8199,289.62,390.27,113027.84
13520,baby,1,0,1,0.8281,291.63,389.13,113480.93
13521,baby,1,0,1,0.8375,294.59,431.79,127200.08
13522,baby,1,0,1,0.8113,284.35,418.45,118987.06
13523,baby,1,0,1,0.8623,281.61,451.43,127127.51
13524,baby,1,0,1,0.8532,280.93,437.78,122985.28
13525,baby,1,0,1,0.8786,287.17,458.58,131690.34
13526,baby,1,0,1,0.8628,281.11,444.37,124916.33
13527,baby,1,0,1,0.8549,288.15,434.28,125139.64
13528,baby,1,0,1,0.8279,270.06,436.06,117762.91
13529,baby,1,0,1,0.8842,299.64,420.74,126071.97
13530,baby,1,0,1,0.8518,286.12,421.77,120677.74
13531,baby,1,0,1,0.883,296.92,407.95,121130.54
13532,baby,1,0,1,0.8701,318.2,400.73,127511.11
13533,baby,1,0,1,0.8068,338.37,427.52,144661.87
13534,baby,1,0,1,0.808,345.69,397.57,137434.83
13535,baby,1,0,1,0.8308,376.05,407.5,153237.07
13536,baby,1,0,1,0.7631,473.46,468.9,222007.63
13537,none,0,0,0,0,0,0,0
13538,baby,1,0,1,0.7163,459.42,462.48,212471.78
13539,baby,1,0,1,0.7861,458.72,469.09,215184.01
13540,baby,1,0,1,0.7231,457,456.17,208471.55
13541,baby,1,0,1,0.748,449.95,457.34,205783.18
13542,baby,1,0,1,0.7871,463.08,471.39,218289.57
13543,baby,1,0,1,0.6317,429.53,424.58,182365.8
13544,baby,1,0,1,0.7844,364.93,433.59,158228.98
13545,baby,1,0,1,0.8169,390.83,431.7,168721.16
13546,baby,1,0,1,0.7755,383.51,435.44,166994.12
13547,none,0,0,0,0,0,0,0
13548,baby,1,0,1,0.79,353.61,427.38,151124.53
13549,none,0,0,0,0,0,0,0
13550,baby,1,0,1,0.7865,317.57,391.88,124448.74
13551,none,0,0,0,0,0,0,0
13552,baby,1,0,1,0.8089,268.3,448.53,120342.33
13553,baby,1,0,1,0.7483,264.81,408.58,108196.58
13554,baby,1,0,1,0.7901,233.78,330.27,77208.45
13555,baby,1,0,1,0.7747,246.08,336.63,82835.47
13556,baby,1,0,1,0.7804,245.1,419.35,102785.52
13557,baby,1,0,1,0.7958,268.99,446.86,120201.69
13558,baby,1,0,2,0.7986,289.03,395.18,114218.02
13559,baby,1,0,1,0.7891,283,383.45,108517.08
13560,baby,1,0,1,0.7895,245.96,327.99,80671.26
13561,baby,1,0,1,0.7686,240.35,322.32,77470.18
13562,baby,1,0,1,0.7676,231.51,342.17,79216.65
13563,baby,1,0,1,0.7668,261.52,386.48,101070.37
13564,baby,1,0,1,0.7415,256.39,336.71,86327.37
13565,baby,1,0,1,0.7668,284.81,368.26,104884.3
13566,baby,1,0,1,0.6675,224.51,291.61,65468.46
13567,baby,1,0,1,0.7637,250.65,340.92,85450.95
13568,baby,1,0,1,0.8012,223.61,340.73,76192.02
13569,baby,1,0,1,0.7013,237.39,390.09,92602.92
13570,baby,1,0,1,0.6065,278.33,304.15,84654.55
13571,none,0,0,0,0,0,0,0
13572,none,0,0,0,0,0,0,0
13573,none,0,0,0,0,0,0,0
13574,baby,1,0,1,0.7916,296.31,389.05,115280.29
13575,baby,1,0,1,0.7905,254.21,393.3,99982.21
13576,baby,1,0,1,0.7918,265.13,410.16,108746.94
13577,baby,1,0,1,0.801,259.72,422.92,109841.15
13578,baby,1,0,1,0.7498,240.03,444.5,106691.59
13579,baby,1,0,1,0.8495,287.8,445.61,128245.71
13580,baby,1,0,1,0.713,284.85,350.46,99830.07
13581,baby,1,0,1,0.6996,281.07,365.89,102842.64
13582,none,0,0,0,0,0,0,0
13583,none,0,0,0,0,0,0,0
13584,baby,1,0,2,0.6798,250.83,422.33,105931.65
13585,baby,1,0,1,0.6882,234.12,289.87,67864.85
13586,baby,1,0,1,0.7576,236.74,406.36,96203.21
13587,none,0,0,0,0,0,0,0
13588,baby,1,0,1,0.8158,262.55,354.52,93081.46
13589,none,0,0,0,0,0,0,0
13590,baby,1,0,1,0.8759,225.01,335.8,75558.07
13591,baby,1,0,1,0.757,240.66,292.3,70343.83
13592,baby,1,0,1,0.8191,252.56,358.24,90477.86
13593,baby,1,0,1,0.8567,275.56,392.54,108167.07
13594,baby,1,0,1,0.8216,263.15,400.61,105421.62
13595,baby,1,0,1,0.8401,256.36,391.78,100437.03
13596,baby,1,0,1,0.7935,251.82,401.24,101039.42
13597,baby,1,0,1,0.7927,265.4,395.24,104897.7
13598,baby,1,0,1,0.8203,258.34,401.44,103707.6
13599,baby,1,0,1,0.8118,264.78,406.36,107592.77
13600,baby,1,0,1,0.8308,259.15,401.25,103984.63
13601,baby,1,0,1,0.8122,253.23,396.98,100528.24
13602,baby,1,0,1,0.8269,250.22,395.93,99069.33
13603,baby,1,0,1,0.8027,256.31,410.77,105287.01
13604,baby,1,0,1,0.8382,248.3,405.05,100575.34
13605,baby,1,0,1,0.7861,236.57,382.1,90392.75
13606,baby,1,0,1,0.7503,242.13,389.04,94197.75
13607,baby,1,0,1,0.7435,254.72,393.9,100334.97
13608,baby,1,0,1,0.7624,245.83,374.13,91974.12
13609,baby,1,0,1,0.801,225.6,343.18,77421.28
13610,none,0,0,0,0,0,0,0
13611,baby,1,0,1,0.7295,255.31,355.85,90851.34
13612,baby,1,0,1,0.8026,311.55,434.79,135458.05
13613,baby,1,0,1,0.7866,310.85,407,126514.37
13614,baby,1,0,1,0.7938,316.53,419.68,132843.95
13615,baby,1,0,1,0.7448,318.39,401.12,127711.04
13616,baby,1,0,1,0.7616,297.35,372.9,110881.62
13617,baby,1,0,1,0.8185,309.99,437.35,135574.8
13618,baby,1,0,1,0.8044,311.6,466.92,145493.02
13619,baby,1,0,1,0.8087,314.11,433.9,136291.27
13620,baby,1,0,1,0.8158,321.68,364.66,117304.57
13621,baby,1,0,1,0.8298,311.09,358.33,111471.64
13622,baby,1,0,1,0.8407,310.34,369.03,114525.03
13623,baby,1,0,1,0.8005,318.26,386.96,123153.14
13624,baby,1,0,1,0.8606,325.65,437.91,142603.23
13625,baby,1,0,1,0.8284,308.29,436.47,134560.45
13626,baby,1,0,1,0.8152,262.61,443.1,116363.74
13627,baby,1,0,1,0.813,270.29,454.39,122814.48
13628,baby,1,0,1,0.7742,278.45,449.84,125260.44
13629,baby,1,0,1,0.7876,273.01,447.31,122120.11
13630,baby,1,0,1,0.8105,299.39,421.3,126133.97
13631,baby,1,0,1,0.7936,273.12,446.76,122019.25
13632,baby,1,0,1,0.8357,290.4,455.93,132402.19
13633,baby,1,0,1,0.852,289.24,443.87,128385.98
13634,baby,1,0,1,0.8482,296.67,453.85,134641.58
13635,baby,1,0,1,0.8559,293.19,451.94,132500.9
13636,baby,1,0,1,0.8649,298.67,451.03,134707.91
13637,baby,1,0,1,0.8526,313.43,422.77,132510.58
13638,baby,1,0,1,0.8605,290.03,459.88,133381.05
13639,baby,1,0,1,0.8462,290.12,455.15,132049.39
13640,baby,1,0,1,0.8621,293.77,444.67,130630.36
13641,baby,1,0,1,0.8689,285.62,441.05,125975.57
13642,baby,1,0,1,0.8466,295.19,399.86,118033.27
13643,baby,1,0,1,0.8207,310.83,413.44,128509.98
13644,baby,1,0,1,0.8371,362.14,384.51,139249.32
13645,baby,1,0,1,0.8685,304.45,445.27,135560.59
13646,baby,1,0,1,0.8563,301.74,455.43,137421.36
13647,baby,1,0,1,0.8716,299.78,449.27,134683.97
13648,baby,1,0,1,0.8505,287.7,437.92,125989.89
13649,baby,1,0,1,0.8399,292.58,445.4,130315.81
13650,baby,1,0,1,0.7895,302.86,429.97,130221.4
13651,baby,1,0,1,0.8224,283.53,443.87,125851.79
13652,baby,1,0,1,0.8432,294.59,440.26,129698.46
13653,baby,1,0,1,0.8609,283.38,479.6,135908.29
13654,baby,1,0,1,0.8657,288.21,461.9,133127.32
13655,baby,1,0,1,0.8287,289.13,448.8,129764.53
13656,baby,1,0,1,0.8418,309.45,431.64,133573.81
13657,baby,1,0,1,0.8249,308.05,446.44,137527.18
13658,baby,1,0,1,0.8509,310.27,439.45,136347.28
13659,baby,1,0,1,0.8102,301.7,426.85,128781.76
13660,baby,1,0,1,0.841,303.23,436,132210.25
13661,baby,1,0,1,0.7586,298,419.92,125134.11
13662,baby,1,0,1,0.8582,312.7,398.21,124519.07
13663,baby,1,0,1,0.8286,317.16,410.52,130197.28
13664,baby,1,0,1,0.8173,323.48,448.19,144980.22
13665,baby,1,0,1,0.7841,318.38,436.73,139045.8
13666,baby,1,0,1,0.747,317.25,390.98,124041
13667,baby,1,0,1,0.8241,342.46,382.34,130934.89
13668,baby,1,0,1,0.7943,350.07,371.29,129976.73
13669,baby,1,0,1,0.7537,343.96,367.38,126362.37
13670,baby,1,0,1,0.8053,357.76,391.47,140051.88
13671,baby,1,0,1,0.8177,346.25,393.59,136281.54
13672,baby,1,0,1,0.8223,348.15,386.43,134537.26
13673,baby,1,0,1,0.7938,341.16,506.34,172741.65
13674,baby,1,0,1,0.8266,323.27,371.94,120238.03
13675,baby,1,0,1,0.8017,326.77,368.04,120264.39
13676,baby,1,0,1,0.7881,320.64,368.06,118012.06
13677,baby,1,0,1,0.8335,331.56,375.62,124543.91
13678,baby,1,0,1,0.8219,302.18,366.43,110726.97
13679,baby,1,0,1,0.8525,315.76,366.76,115808.43
13680,baby,1,0,1,0.8338,319.86,373.92,119600.23
13681,baby,1,0,1,0.8589,309.86,403.43,125007.08
13682,baby,1,0,1,0.8697,310.2,403.76,125246.92
13683,baby,1,0,1,0.8916,319.52,395.89,126493.2
13684,baby,1,0,1,0.8908,317.99,397.11,126276.7
13685,baby,1,0,1,0.8951,318.59,400.85,127708.13
13686,baby,1,0,1,0.8829,304.82,430.26,131152.94
13687,baby,1,0,1,0.8142,308.54,407.28,125659.7
13688,baby,1,0,1,0.7663,365.19,421.52,153934.38
13689,baby,1,0,1,0.6685,372.26,391.78,145843.98
13690,baby,1,0,1,0.7031,410.37,469.49,192664.1
13691,baby,1,0,1,0.6293,407.07,454.6,185057.3
13692,baby,1,0,1,0.7316,432.57,447.76,193686
13693,baby,1,0,1,0.7173,445.71,441.59,196817.04
13694,baby,1,0,1,0.7405,507.77,433.95,220345.48
13695,baby,1,0,1,0.7261,422.45,414.84,175248.89
13696,none,0,0,0,0,0,0,0
13697,baby,1,0,1,0.6282,458.98,435.56,199912.74
13698,none,0,0,0,0,0,0,0
13699,baby,1,0,1,0.7291,403.96,404.49,163397.36
13700,baby,1,0,1,0.736,466.96,402.45,187929.83
13701,baby,1,0,1,0.7451,432.15,407.89,176270.2
13702,baby,1,0,1,0.726,401.1,406.63,163099.84
13703,baby,1,0,1,0.7447,410.1,408.36,167468.15
13704,baby,1,0,1,0.7879,464.16,411.76,191121.43
13705,baby,1,0,1,0.8097,494.41,432.84,213997.78
13706,baby,1,0,1,0.8268,478.24,434.88,207973.83
13707,baby,1,0,1,0.8344,479.9,457.46,219531.74
13708,baby,1,0,1,0.8336,471.05,479.42,225829.31
13709,baby,1,0,1,0.8526,429.35,468.64,201207.07
13710,baby,1,0,1,0.8528,424.46,459.56,195067.56
13711,baby,1,0,1,0.8472,431.43,460.55,198696.31
13712,baby,1,0,1,0.8445,426.25,464.08,197814.64
13713,baby,1,0,1,0.84,427.21,479.13,204689.69
13714,baby,1,0,1,0.7576,344.76,535.13,184494.45
13715,baby,1,0,1,0.7281,311.8,449.39,140121.18
13716,baby,1,0,1,0.6392,266.95,343.11,91591.73
13717,baby,1,0,1,0.6175,289.97,420.49,121927.78
13718,none,0,0,0,0,0,0,0
13719,none,0,0,0,0,0,0,0
13720,baby,1,0,1,0.6013,278.54,415.93,115853.21
13721,none,0,0,0,0,0,0,0
13722,baby,1,0,1,0.6525,271.27,357.3,96925.37
13723,baby,1,0,1,0.6318,272.73,349.85,95415.43
13724,baby,1,0,1,0.6989,265.2,344.74,91426.62
13725,baby,1,0,1,0.6765,274.44,343.81,94354.65
13726,baby,1,0,1,0.6384,277.01,355.28,98417.17
13727,baby,1,0,1,0.7092,271.71,353.05,95926.06
13728,baby,1,0,1,0.6421,270.77,354.72,96048.26
13729,baby,1,0,1,0.6241,285.42,386.43,110292.52
13730,baby,1,0,1,0.6913,279.56,361.5,101061.44
13731,baby,1,0,1,0.6995,276.68,351.35,97213.73
13732,baby,1,0,1,0.723,290.5,364.69,105941.33
13733,baby,1,0,1,0.64,287.52,379.36,109072.92
13734,baby,1,0,1,0.6784,275.48,350.73,96620.98
13735,baby,1,0,1,0.6768,283.53,336.84,95504.74
13736,baby,1,0,1,0.7058,273.21,350.48,95753.03
13737,baby,1,0,1,0.7227,268.78,355.24,95481.7
13738,baby,1,0,1,0.7217,271.06,359.67,97490.26
13739,baby,1,0,1,0.6909,273.3,334.22,91342.43
13740,baby,1,0,1,0.6378,268.52,338.82,90979.61
13741,baby,1,0,1,0.6448,278.35,369.04,102720.44
13742,baby,1,0,1,0.6463,276,364.96,100729.1
13743,baby,1,0,1,0.7037,276.29,325.03,89802.34
13744,baby,1,0,1,0.7249,306.49,354.79,108740.6
13745,baby,1,0,1,0.7867,285.57,387.34,110612.49
13746,baby,1,0,1,0.717,291.79,384.01,112050.14
13747,baby,1,0,1,0.6293,291.72,358.69,104635.79
13748,baby,1,0,1,0.679,283.59,349.89,99225.25
13749,baby,1,0,1,0.7294,280.93,365.81,102769.07
13750,none,0,0,0,0,0,0,0
13751,baby,1,0,1,0.6639,302.89,348.38,105521.03
13752,baby,1,0,1,0.7415,286.92,362.61,104039.97
13753,none,0,0,0,0,0,0,0
13754,baby,1,0,1,0.6189,296.96,356.53,105876.52
13755,baby,1,0,1,0.6852,295.47,370.07,109345.86
13756,none,0,0,0,0,0,0,0
13757,none,0,0,0,0,0,0,0
13758,baby,1,0,1,0.6832,280.66,371,104126.16
13759,none,0,0,0,0,0,0,0
13760,baby,1,0,1,0.6735,295.62,355.6,105123.77
13761,baby,1,0,1,0.714,288.67,362.23,104562.97
13762,none,0,0,0,0,0,0,0
13763,baby,1,0,1,0.6131,311.55,346.34,107904.38
13764,baby,1,0,1,0.6517,294.38,362.99,106856.98
13765,baby,1,0,1,0.6497,303.14,345.21,104647
13766,baby,1,0,1,0.7086,312.41,339.93,106196.24
13767,baby,1,0,1,0.6856,297.79,351.48,104664.61
13768,none,0,0,0,0,0,0,0
13769,baby,1,0,1,0.617,299.09,349.48,104524.34
13770,baby,1,0,1,0.6302,303.65,356.49,108245.96
13771,baby,1,0,1,0.7057,310.68,340.19,105690.07
13772,baby,1,0,1,0.6095,301.65,335.37,101165.41
13773,none,0,0,0,0,0,0,0
13774,baby,1,0,1,0.662,299.83,345.82,103685.71
13775,baby,1,0,1,0.6225,299.36,342.19,102437.29
13776,baby,1,0,1,0.6967,303.66,328.37,99713.15
13777,baby,1,0,1,0.6761,299.44,342.4,102527.02
13778,baby,1,0,1,0.6139,296.34,337.41,99989.91
13779,baby,1,0,1,0.6225,297.73,340.41,101351.91
13780,baby,1,0,1,0.6415,298.05,343.82,102474.87
13781,baby,1,0,1,0.6572,298.02,340.48,101471.44
13782,baby,1,0,1,0.635,304.85,329.4,100418.66
13783,baby,1,0,1,0.6438,297.31,335.65,99792.25
13784,baby,1,0,1,0.6185,297.01,347.79,103295.45
13785,baby,1,0,1,0.6832,296.91,338.97,100641.79
13786,baby,1,0,1,0.6942,303.09,337.55,102307.7
13787,baby,1,0,1,0.7211,296.52,342.97,101698.74
13788,baby,1,0,1,0.6159,299.27,348.8,104386.74
13789,baby,1,0,1,0.7321,303.82,351.8,106884.21
13790,baby,1,0,1,0.7078,301.1,350.38,105501.06
13791,baby,1,0,1,0.695,292.79,344.28,100801.93
13792,baby,1,0,1,0.702,302.16,352.51,106513.5
13793,baby,1,0,1,0.745,306.73,355.25,108965.18
13794,baby,1,0,1,0.7478,298.41,356.61,106416.34
13795,baby,1,0,1,0.8027,291.93,359.12,104837.93
13796,baby,1,0,1,0.7541,289.99,342.96,99454.48
13797,baby,1,0,1,0.697,288.52,347.89,100372.01
13798,baby,1,0,1,0.732,294.37,354.21,104268.41
13799,baby,1,0,1,0.7781,287.04,354.94,101883.45
13800,baby,1,0,1,0.6919,290.96,353.49,102851.19
13801,baby,1,0,1,0.7504,291.67,350.18,102137.3
13802,baby,1,0,1,0.7643,285.92,363.9,104047.21
13803,baby,1,0,1,0.7377,283.53,362.92,102898.26
13804,baby,1,0,1,0.7603,281.85,357.29,100700.29
13805,baby,1,0,1,0.7372,283.63,355.97,100964.97
13806,baby,1,0,1,0.7559,289.96,362.46,105095.86
13807,baby,1,0,1,0.7456,292.57,365.8,107021.42
13808,baby,1,0,1,0.7232,290.44,378.96,110066.85
13809,baby,1,0,1,0.7665,289.15,373.27,107929.35
13810,baby,1,0,1,0.7697,293.07,381.95,111936.91
13811,baby,1,0,1,0.7657,293.28,384.58,112790.42
13812,baby,1,0,1,0.67,294.43,348.58,102631.2
13813,baby,1,0,1,0.7514,296.71,343.27,101852.79
13814,baby,1,0,1,0.7476,291.51,349.41,101857.23
13815,baby,1,0,1,0.7793,296.35,358.24,106166.1
13816,baby,1,0,1,0.7666,289.17,352.08,101810.22
13817,baby,1,0,1,0.7488,301.22,357.02,107543
13818,baby,1,0,1,0.7136,304.24,354.07,107723.15
13819,baby,1,0,1,0.6181,298.95,345.42,103262.78
13820,baby,1,0,1,0.6195,300.45,348.93,104835.69
13821,baby,1,0,1,0.7897,262.87,342.01,89905.14
13822,none,0,0,0,0,0,0,0
13823,baby,1,0,1,0.6681,280.39,303.54,85110.09
13824,baby,1,0,1,0.6805,259.57,319.46,82921.07
13825,baby,1,0,1,0.6061,261.43,313.63,81992.53
13826,baby,1,0,1,0.7732,248.49,322.5,80138.26
13827,baby,1,0,1,0.6998,255.62,336.6,86039.98
13828,none,0,0,0,0,0,0,0
13829,baby,1,0,1,0.7243,261.93,359.41,94138.44
13830,baby,1,0,1,0.6437,259.47,360.56,93555.75
13831,baby,1,0,1,0.7418,259.71,359.27,93304.39
13832,baby,1,0,1,0.6667,271.27,357.45,96965.56
13833,none,0,0,0,0,0,0,0
13834,none,0,0,0,0,0,0,0
13835,baby,1,0,1,0.6115,289.44,368.16,106561.26
13836,baby,1,0,1,0.6055,273.07,342.82,93612.29
13837,baby,1,0,1,0.6072,284.96,370.49,105574.59
13838,baby,1,0,1,0.6619,277.75,356.94,99142.17
13839,none,0,0,0,0,0,0,0
13840,baby,1,0,1,0.6526,267.51,361.93,96820.76
13841,baby,1,0,1,0.612,270.36,365.4,98788.05
13842,baby,1,0,1,0.7741,260.45,363.13,94575.79
13843,baby,1,0,1,0.6964,268.21,360.07,96573.33
13844,baby,1,0,1,0.7433,264.5,360.75,95420.32
13845,baby,1,0,1,0.7636,264.81,369.8,97926.91
13846,baby,1,0,1,0.7459,260.54,359.53,93671.9
13847,baby,1,0,1,0.7926,264.19,357.11,94344.5
13848,baby,1,0,1,0.7465,257.56,379.35,97705.71
13849,none,0,0,0,0,0,0,0
13850,none,0,0,0,0,0,0,0
13851,baby,1,0,1,0.6715,269.97,352.52,95170.22
13852,baby,1,0,1,0.7063,265.36,348.39,92447.32
13853,baby,1,0,1,0.7641,261.81,365.71,95746.76
13854,baby,1,0,1,0.7449,264.7,359.78,95232.79
13855,baby,1,0,1,0.7458,258.5,347.35,89791.62
13856,baby,1,0,1,0.7621,257.38,357.5,92015.99
13857,baby,1,0,1,0.7661,258.69,337.49,87305.91
13858,baby,1,0,1,0.7126,270.53,341.76,92454.95
13859,none,0,0,0,0,0,0,0
13860,baby,1,0,1,0.6218,266.51,363.59,96898.01
13861,none,0,0,0,0,0,0,0
13862,none,0,0,0,0,0,0,0
13863,baby,1,0,1,0.6005,270.54,363.09,98228.46
13864,baby,1,0,1,0.7034,266.74,366.69,97813.21
13865,baby,1,0,1,0.6673,261.67,367.72,96220.27
13866,none,0,0,0,0,0,0,0
13867,baby,1,0,1,0.6243,289.62,381.3,110431.21
13868,baby,1,0,1,0.6195,274.3,358.71,98391.4
13869,none,0,0,0,0,0,0,0
13870,none,0,0,0,0,0,0,0
13871,baby,1,0,1,0.69,263.19,362.14,95312.44
13872,none,0,0,0,0,0,0,0
13873,baby,1,0,1,0.6186,281.19,371.13,104358.31
13874,none,0,0,0,0,0,0,0
13875,baby,1,0,1,0.6451,281.39,357.82,100688.65
13876,baby,1,0,1,0.6453,261.15,360.93,94254.62
13877,baby,1,0,1,0.6454,279.71,354.97,99288.28
13878,none,0,0,0,0,0,0,0
13879,baby,1,0,1,0.7267,285.19,363.24,103590.05
13880,baby,1,0,1,0.6568,275.48,358.88,98862.16
13881,baby,1,0,1,0.7207,274.89,352.92,97013.4
13882,baby,1,0,1,0.6976,286.72,357.31,102445.51
13883,baby,1,0,1,0.7013,285,361.87,103131.66
13884,baby,1,0,1,0.7009,277.16,359.63,99677.93
13885,baby,1,0,1,0.7067,281.13,360.03,101216.74
13886,baby,1,0,1,0.6844,284.04,377.69,107278.98
13887,baby,1,0,1,0.6836,287.25,372.53,107008.25
13888,baby,1,0,1,0.7364,280.99,368.62,103579.6
13889,baby,1,0,1,0.7507,284.02,356.36,101214.57
13890,baby,1,0,1,0.696,283.79,356.58,101193.4
13891,baby,1,0,1,0.7473,282.72,359.5,101638.52
13892,baby,1,0,1,0.7304,287.98,351.48,101218.01
13893,baby,1,0,1,0.652,273.99,369.78,101316.46
13894,baby,1,0,1,0.7242,287.51,378.29,108760.23
13895,baby,1,0,1,0.7414,274.67,382.43,105040.78
13896,baby,1,0,1,0.7133,291.72,381.89,111404.61
13897,baby,1,0,1,0.6836,296.94,372.39,110577.73
13898,baby,1,0,1,0.7154,284.19,376.52,107005.39
13899,baby,1,0,1,0.7515,274.93,380.58,104633.72
13900,baby,1,0,1,0.7442,282.77,377.4,106718.46
13901,baby,1,0,1,0.7603,294.73,389.62,114834.59
13902,baby,1,0,1,0.6821,294.8,376.95,111126.31
13903,baby,1,0,1,0.7041,293.76,381.08,111946.76
13904,baby,1,0,1,0.7235,301.47,382.34,115266.06
13905,baby,1,0,1,0.7375,294.01,376.71,110755.83
13906,baby,1,0,1,0.7048,283.7,383.74,108865.85
13907,baby,1,0,1,0.739,298.54,385.13,114975.25
13908,baby,1,0,1,0.7033,294.02,372.99,109666.63
13909,baby,1,0,1,0.6716,296.11,371.6,110034.77
13910,baby,1,0,1,0.7061,297.43,384.19,114269.33
13911,baby,1,0,1,0.7415,292.69,378.85,110887.98
13912,baby,1,0,1,0.6867,275.84,369.84,102014.95
13913,baby,1,0,1,0.6868,278.41,361.03,100515.49
13914,baby,1,0,1,0.7062,287.17,376.74,108187.7
13915,baby,1,0,1,0.6787,288.83,369,106577.8
13916,baby,1,0,1,0.7017,291.22,358.97,104538.55
13917,baby,1,0,1,0.6992,279.74,363.21,101604.58
13918,baby,1,0,1,0.7128,285.91,362.75,103714.64
13919,baby,1,0,1,0.6958,290.13,352.1,102154.71
13920,baby,1,0,1,0.7187,286.6,358.58,102770.24
13921,baby,1,0,1,0.7134,285.73,360.02,102869.62
13922,baby,1,0,1,0.7387,281.29,365.78,102891.03
13923,baby,1,0,1,0.7323,289.92,358.49,103932.85
13924,baby,1,0,1,0.7281,286.09,363.23,103916.59
13925,baby,1,0,1,0.7165,292.35,369.59,108048.54
13926,baby,1,0,1,0.7425,287.23,361.3,103775.15
13927,baby,1,0,1,0.7288,289.13,366.61,105997.93
13928,baby,1,0,1,0.7028,285.53,363.86,103891.68
13929,baby,1,0,1,0.7344,289.89,365.39,105921.91
13930,baby,1,0,1,0.7319,289.09,364.86,105476.36
13931,baby,1,0,1,0.7342,292.58,364.03,106507.37
13932,baby,1,0,1,0.7153,281.76,357.21,100647.07
13933,baby,1,0,1,0.7318,287.57,357.28,102743.19
13934,baby,1,0,1,0.7312,287.57,365.77,105182.26
13935,baby,1,0,1,0.7174,287.01,362.82,104133.62
13936,baby,1,0,1,0.7117,292.06,366.47,107031.42
13937,baby,1,0,1,0.7081,281.97,369.68,104239.44
13938,baby,1,0,1,0.7173,285.27,371.71,106038.88
13939,baby,1,0,1,0.7024,283.88,364.39,103443.12
13940,baby,1,0,1,0.7164,287.61,365.4,105091.23
13941,baby,1,0,1,0.7406,287.33,363.68,104497.17
13942,baby,1,0,1,0.7586,283.39,359.52,101884.52
13943,baby,1,0,1,0.7361,290.03,369.56,107183.41
13944,baby,1,0,1,0.7479,287.9,369.54,106390.46
13945,baby,1,0,1,0.7302,282.62,365.81,103386.86
13946,baby,1,0,1,0.7286,285.44,367.93,105023.67
13947,baby,1,0,1,0.7468,286.26,355.01,101625.31
13948,baby,1,0,1,0.7334,284.09,368.37,104650.19
13949,baby,1,0,1,0.7206,288.03,357.45,102956.61
13950,baby,1,0,1,0.7155,280.82,372.67,104655.21
13951,baby,1,0,1,0.7522,286.04,362.17,103595.55
13952,baby,1,0,1,0.7433,283.18,369.52,104639.95
13953,baby,1,0,1,0.7488,282.67,365,103172.2
13954,baby,1,0,1,0.7284,285.72,371.17,106048.96
13955,baby,1,0,1,0.7511,291.6,365.62,106615.03
13956,baby,1,0,1,0.7548,286.36,366.51,104953.57
13957,baby,1,0,1,0.6882,287.4,361.02,103756.6
13958,baby,1,0,1,0.7361,288.16,359.88,103703.3
13959,baby,1,0,1,0.7188,278.88,369.6,103074.42
13960,baby,1,0,1,0.7376,287.92,373.08,107416.35
13961,baby,1,0,1,0.7349,287.34,361.26,103803.45
13962,baby,1,0,1,0.7187,289.31,367.03,106187.18
13963,baby,1,0,1,0.7459,286.99,364.57,104625.5
13964,baby,1,0,1,0.7525,283.65,364.51,103393.47
13965,baby,1,0,1,0.7362,283.59,367.72,104280.5
13966,baby,1,0,1,0.744,290.94,368.62,107246.05
13967,baby,1,0,1,0.7247,284.7,367.28,104565.46
13968,baby,1,0,1,0.7359,287.59,357.12,102704.65
13969,baby,1,0,1,0.7519,282.93,372.11,105278.32
13970,baby,1,0,1,0.7287,276.15,380.52,105079.83
13971,baby,1,0,1,0.7462,284.1,374.53,106406.44
13972,baby,1,0,1,0.7384,286.21,384.28,109984.91
13973,baby,1,0,1,0.7533,282.85,376.22,106412.66
13974,baby,1,0,1,0.7332,282.35,367.79,103843.37
13975,baby,1,0,1,0.7246,283.99,376.35,106879.88
13976,baby,1,0,1,0.754,287.01,374.83,107581.78
13977,baby,1,0,1,0.7585,274.1,373.55,102392.22
13978,baby,1,0,1,0.7386,285.29,377.17,107603.74
13979,baby,1,0,1,0.756,281.37,381.03,107211
13980,baby,1,0,1,0.7549,275.33,373.74,102901.6
13981,baby,1,0,1,0.7345,278.94,380.98,106272.47
13982,baby,1,0,1,0.7549,281.55,377.42,106261.79
13983,baby,1,0,1,0.7449,283.42,375.04,106293.39
13984,baby,1,0,1,0.7339,282.09,365.69,103157.62
13985,baby,1,0,1,0.7408,288.84,376.81,108838.2
13986,baby,1,0,1,0.7389,285.75,373.32,106676.98
13987,baby,1,0,1,0.758,289.07,365.47,105647.2
13988,baby,1,0,1,0.7486,280.11,371.87,104164.2
13989,baby,1,0,1,0.7657,288.47,365.73,105501.21
13990,baby,1,0,1,0.7548,283.16,367.42,104037.93
13991,baby,1,0,1,0.7824,279.95,362.09,101368.31
13992,baby,1,0,1,0.7716,272.6,362.26,98752.01
13993,baby,1,0,1,0.759,287.37,376.28,108131.49
13994,baby,1,0,1,0.7533,279.3,366.41,102337.7
13995,baby,1,0,1,0.748,282.01,363.68,102560.67
13996,baby,1,0,1,0.7501,277.29,374.35,103802.35
13997,baby,1,0,1,0.7574,275.56,366.59,101016.61
13998,baby,1,0,1,0.7162,273.06,357.42,97598.66
13999,baby,1,0,1,0.7455,278.46,371.59,103474.51
14000,baby,1,0,1,0.7418,278.29,365.81,101801.04
14001,baby,1,0,1,0.7502,284.42,363.4,103355.85
14002,baby,1,0,1,0.7415,278.89,365.58,101956.31
14003,baby,1,0,1,0.7264,287.07,374.51,107511.14
14004,baby,1,0,1,0.7462,272.02,365.59,99446.74
14005,baby,1,0,1,0.7613,279.56,362.64,101379.75
14006,baby,1,0,1,0.7633,277.04,360.68,99923.89
14007,baby,1,0,1,0.7446,279.47,382.93,107019.09
14008,baby,1,0,1,0.7555,287.71,374.84,107842.06
14009,baby,1,0,1,0.7516,279.64,385.85,107902.07
14010,baby,1,0,1,0.7562,290.64,341.71,99316.13
14011,baby,1,0,1,0.6949,331.02,379.6,125656.56
14012,baby,1,0,1,0.6205,315.8,362.67,114530.16
14013,none,0,0,0,0,0,0,0
14014,baby,1,0,1,0.6651,308.71,364.45,112506.92
14015,baby,1,0,1,0.6759,319.63,419.22,133992.3
14016,none,0,0,0,0,0,0,0
14017,none,0,0,0,0,0,0,0
14018,baby,1,0,1,0.6228,304.55,343.49,104609.01
14019,none,0,0,0,0,0,0,0
14020,none,0,0,0,0,0,0,0
14021,baby,1,0,1,0.7003,316.93,337.02,106811.78
14022,none,0,0,0,0,0,0,0
14023,none,0,0,0,0,0,0,0
14024,baby,1,0,1,0.6573,296.97,318.37,94547.68
14025,baby,1,0,1,0.7148,253.56,326.06,82674.83
14026,baby,1,0,1,0.772,254.53,329.59,83889.09
14027,baby,1,0,1,0.7279,255.41,322.94,82483.28
14028,none,0,0,0,0,0,0,0
14029,none,0,0,0,0,0,0,0
14030,baby,1,0,1,0.716,258.08,315.01,81297.2
14031,baby,1,0,1,0.7513,258.54,316.82,81911.23
14032,baby,1,0,1,0.7004,261.66,320.39,83832.81
14033,baby,1,0,1,0.7181,260.76,320.07,83463.37
14034,baby,1,0,1,0.691,263.43,315.63,83146.23
14035,baby,1,0,1,0.7086,257.75,322.84,83213.12
14036,baby,1,0,1,0.7597,257.96,317.28,81846.21
14037,baby,1,0,1,0.7487,260.08,322.34,83833.04
14038,none,0,0,0,0,0,0,0
14039,baby,1,0,1,0.6969,257.69,330.95,85280.62
14040,baby,1,0,1,0.673,290.03,449.45,130351.63
14041,baby,1,0,1,0.6877,256.3,355.75,91180.47
14042,baby,1,0,1,0.726,259.93,355.05,92287.51
14043,baby,1,0,1,0.7884,253.74,339.26,86086.7
14044,baby,1,0,1,0.7244,251.97,354.74,89384.98
14045,baby,1,0,1,0.7083,248.91,345.82,86078.45
14046,none,0,0,0,0,0,0,0
14047,baby,1,0,1,0.6385,259.19,360.56,93454.56
14048,baby,1,0,1,0.6073,261.55,359.7,94078.08
14049,baby,1,0,1,0.6616,256.75,360.41,92536.52
14050,baby,1,0,1,0.6437,284.61,362.84,103268.51
14051,baby,1,0,1,0.6077,283.41,371.99,105428.29
14052,baby,1,0,1,0.6687,270.5,353.06,95502.23
14053,baby,1,0,1,0.6215,278.18,343.49,95551.34
14054,none,0,0,0,0,0,0,0
14055,baby,1,0,1,0.6478,268.5,361.69,97114.08
14056,baby,1,0,1,0.6372,263.08,363.23,95558.68
14057,baby,1,0,1,0.6912,261.35,357.76,93501.7
14058,baby,1,0,1,0.7117,259.57,335.03,86962.51
14059,baby,1,0,1,0.617,261.48,348.55,91138.93
14060,baby,1,0,1,0.6095,264.19,368.33,97310.43
14061,baby,1,0,1,0.6169,258.83,344.52,89172.94
14062,baby,1,0,1,0.6679,263.9,357.45,94330.89
14063,none,0,0,0,0,0,0,0
14064,baby,1,0,1,0.6517,264.76,362.51,95978.85
14065,baby,1,0,1,0.6595,266.37,360.48,96020.23
14066,baby,1,0,1,0.6221,273.13,360.58,98484.43
14067,baby,1,0,1,0.631,266.93,356.66,95205.65
14068,none,0,0,0,0,0,0,0
14069,baby,1,0,1,0.6514,272.03,361.72,98399.94
14070,baby,1,0,1,0.7049,257.16,360.87,92800.28
14071,baby,1,0,1,0.6826,261.05,356.82,93146.96
14072,baby,1,0,1,0.6324,257.86,355.59,91691.24
14073,none,0,0,0,0,0,0,0
14074,baby,1,0,1,0.726,259.26,352.41,91365.98
14075,baby,1,0,1,0.7413,266.52,349.09,93039.56
14076,baby,1,0,1,0.6433,260.88,353.23,92152.43
14077,baby,1,0,1,0.8811,273.69,467.72,128011.58
14078,baby,1,0,1,0.8112,269.73,425.54,114781.8
14079,baby,1,0,1,0.7854,235.51,298.19,70227.29
14080,none,0,0,0,0,0,0,0
14081,none,0,0,0,0,0,0,0
14082,none,0,0,0,0,0,0,0
14083,none,0,0,0,0,0,0,0
14084,none,0,0,0,0,0,0,0
14085,none,0,0,0,0,0,0,0
14086,none,0,0,0,0,0,0,0
14087,baby,1,0,1,0.6804,227.05,302.67,68720.91
14088,none,0,0,0,0,0,0,0
14089,none,0,0,0,0,0,0,0
14090,none,0,0,0,0,0,0,0
14091,baby,1,0,1,0.6778,236.62,320.75,75896.77
14092,baby,1,0,1,0.6172,257.42,310.63,79961.75
14093,none,0,0,0,0,0,0,0
14094,baby,1,0,1,0.6628,303.58,329,99880.48
14095,none,0,0,0,0,0,0,0
14096,baby,1,0,1,0.8492,247.96,346.65,85953.46
14097,baby,1,0,1,0.8189,259.42,338.1,87711.44
14098,none,0,0,0,0,0,0,0
14099,none,0,0,0,0,0,0,0
14100,baby,1,0,1,0.8001,221.45,360.14,79751.66
14101,none,0,0,0,0,0,0,0
14102,baby,1,0,1,0.7689,247.2,371.44,91819.15
14103,baby,1,0,1,0.7865,229.64,379.18,87074.5
14104,none,0,0,0,0,0,0,0
14105,baby,1,0,1,0.856,226.58,341.53,77383.39
14106,baby,1,0,1,0.7885,227.63,297.71,67769.58
14107,baby,1,0,1,0.7585,242.24,310.52,75220.25
14108,baby,1,0,1,0.7704,230.51,313.75,72322.73
14109,baby,1,0,1,0.7984,232.33,347.93,80834.8
14110,baby,1,0,1,0.8319,240.91,334.1,80489.11
14111,baby,1,0,1,0.8077,243.12,362.12,88038.58
14112,baby,1,0,1,0.788,245.64,334.65,82203.65
14113,baby,1,0,1,0.7675,262.17,326.82,85683.13
14114,baby,1,0,1,0.7801,301.1,366.52,110359.33
14115,none,0,0,0,0,0,0,0
14116,none,0,0,0,0,0,0,0
14117,none,0,0,0,0,0,0,0
14118,none,0,0,0,0,0,0,0
14119,baby,1,0,1,0.6744,291.39,351.71,102485.8
14120,baby,1,0,1,0.8158,257.43,325.07,83681.15
14121,baby,1,0,1,0.7464,262.74,321.33,84424.77
14122,baby,1,0,1,0.7472,252.11,351.95,88732.45
14123,baby,1,0,1,0.7914,236.72,342.52,81081.56
14124,baby,1,0,1,0.7991,231.23,318.98,73759.06
14125,none,0,0,0,0,0,0,0
14126,baby,1,0,1,0.7764,213.6,320.48,68455.53
14127,baby,1,0,1,0.6537,190.38,314.18,59813.58
14128,none,0,0,0,0,0,0,0
14129,none,0,0,0,0,0,0,0
14130,baby,1,0,1,0.7404,240.16,298.1,71591.72
14131,none,0,0,0,0,0,0,0
14132,baby,1,0,1,0.7821,232.24,345.82,80312.89
14133,baby,1,0,1,0.8397,252,344.31,86763.65
14134,baby,1,0,1,0.8041,262.65,362.94,95329.04
14135,baby,1,0,1,0.7946,241.23,329.44,79473.23
14136,baby,1,0,1,0.8009,244.66,330.55,80872.33
14137,baby,1,0,1,0.8313,228.72,350.3,80121.86
14138,baby,1,0,1,0.7727,293.84,348.64,102444.23
14139,baby,1,0,1,0.7573,267.1,357.18,95403.76
14140,none,0,0,0,0,0,0,0
14141,baby,1,0,2,0.7243,295.46,407.28,120333.02
14142,baby,1,0,1,0.8002,238.84,365.14,87211.48
14143,baby,1,0,1,0.675,230.49,323.51,74563.74
14144,baby,1,0,1,0.8337,236.32,366.67,86649.47
14145,baby,1,0,1,0.8214,243.54,349.9,85214.44
14146,baby,1,0,1,0.8671,259.1,382.83,99193.47
14147,baby,1,0,1,0.7953,264.26,414.59,109561.56
14148,baby,1,0,1,0.8289,254.6,370.58,94348.69
14149,baby,1,0,1,0.6407,263.78,391.85,103361.27
14150,baby,1,0,1,0.7125,249.17,352.52,87835.04
14151,none,0,0,0,0,0,0,0
14152,baby,1,0,1,0.8356,278.28,357.52,99489.35
14153,none,0,0,0,0,0,0,0
14154,baby,1,0,1,0.654,274.32,410.3,112554.89
14155,baby,1,0,1,0.8246,239.9,330.29,79236.53
14156,baby,1,0,1,0.8662,252.98,344.45,87137.76
14157,baby,1,0,1,0.8677,247.83,358.28,88791.95
14158,baby,1,0,1,0.8108,248.15,327.15,81184.44
14159,baby,1,0,1,0.7774,232.31,321.4,74666.39
14160,baby,1,0,1,0.8117,244.88,316.43,77488.82
14161,baby,1,0,1,0.8352,232.29,344.81,80097.25
14162,baby,1,0,1,0.8417,251.07,416.69,104617.21
14163,baby,1,0,1,0.8214,241.06,358.05,86311.3
14164,baby,1,0,1,0.8115,235.83,355.97,83945.62
14165,baby,1,0,1,0.8364,238.5,345.49,82398.27
14166,baby,1,0,1,0.8518,234.37,340.6,79826.39
14167,baby,1,0,1,0.852,246.78,356.97,88093.55
14168,baby,1,0,1,0.8539,238.82,339.04,80970.25
14169,baby,1,0,1,0.8322,238.37,316.33,75403.91
14170,baby,1,0,1,0.8497,227.33,312.35,71006.76
14171,baby,1,0,1,0.8498,251.25,380.12,95506.42
14172,baby,1,0,1,0.8866,301.68,551.88,166489.74
14173,baby,1,0,1,0.8464,298.18,444.54,132551.08
14174,baby,1,0,1,0.8344,302.01,391.83,118336.28
14175,baby,1,0,1,0.8908,310.55,573.04,177957.07
14176,baby,1,0,1,0.7822,310.43,366.14,113657.92
14177,baby,1,0,1,0.8755,303.84,577.56,175482.88
14178,baby,1,0,1,0.8517,306.16,559.66,171347.42
14179,baby,1,0,2,0.8527,305.43,567.38,173294.4
14180,baby,1,0,2,0.8823,309.37,589.49,182370.95
14181,baby,1,0,2,0.883,301.54,548.37,165353.68
14182,baby,1,0,1,0.8939,304.87,574.02,175005.44
14183,baby,1,0,2,0.8684,296.96,571.35,169670.32
14184,baby,1,0,1,0.8806,313.19,590.36,184895.4
14185,baby,1,0,1,0.7913,293.53,391.38,114884.39
14186,baby,1,0,1,0.847,305.48,437.9,133770.87
14187,baby,1,0,2,0.8533,302.44,568.48,171932.01
14188,baby,1,0,1,0.8785,306.5,569.11,174431.36
14189,baby,1,0,2,0.8916,309.1,553.12,170968.63
14190,baby,1,0,2,0.8723,303.19,574.21,174096.49
14191,baby,1,0,1,0.85,311.17,389.53,121208.91
14192,baby,1,0,1,0.8893,308.4,576.58,177819.85
14193,baby,1,0,1,0.8723,300.32,481.6,144632.25
14194,baby,1,0,1,0.8962,303.62,590.98,179432.45
14195,baby,1,0,1,0.8697,305.27,531.41,162221.72
14196,baby,1,0,1,0.8327,301.07,393.8,118562.01
14197,baby,1,0,1,0.8569,300.16,392.43,117791.93
14198,baby,1,0,1,0.8568,296.8,401.42,119141.27
14199,baby,1,0,1,0.8676,295.45,422.69,124882.12
14200,baby,1,0,1,0.8638,315.68,472.92,149291.92
14201,baby,1,0,1,0.8755,302.49,410.41,124144.07
14202,baby,1,0,1,0.8855,302.98,538.52,163159.14
14203,baby,1,0,1,0.8762,308.01,517.98,159542.75
14204,baby,1,0,1,0.888,300.68,544.97,163862.97
14205,baby,1,0,1,0.8664,302.57,566.17,171308.09
14206,baby,1,0,1,0.8804,301.97,560.49,169252.23
14207,baby,1,0,1,0.876,300.43,527.51,158480.42
14208,baby,1,0,1,0.857,302.9,556.43,168542.55
14209,baby,1,0,1,0.8635,303.81,425.34,129219.89
14210,baby,1,0,1,0.8737,312.66,465.12,145425.53
14211,baby,1,0,1,0.8586,310.49,460.25,142902.11
14212,baby,1,0,1,0.8816,303.48,556.8,168976.46
14213,baby,1,0,1,0.8599,308.5,573.59,176951.18
14214,baby,1,0,1,0.8854,305.96,572.17,175060.02
14215,baby,1,0,1,0.8736,305.57,518.86,158550.74
14216,baby,1,0,1,0.8652,306.46,463.79,142135.53
14217,baby,1,0,1,0.8582,302.85,579.06,175365.31
14218,baby,1,0,1,0.8772,310.42,582.58,180844.79
14219,baby,1,0,1,0.8983,310.41,453.82,140869.2
14220,baby,1,0,1,0.9214,317.68,588.16,186846.57
14221,baby,1,0,1,0.9113,314.61,555.04,174621
14222,baby,1,0,1,0.9134,313.42,435.44,136475.56
14223,baby,1,0,1,0.9092,314.84,484.43,152518.57
14224,baby,1,0,1,0.9043,315.2,530.83,167315.3
14225,baby,1,0,1,0.908,313.3,578.82,181345.64
14226,baby,1,0,1,0.912,314.1,559.97,175886.76
14227,baby,1,0,1,0.9177,314.16,499.76,157004.95
14228,baby,1,0,1,0.9171,317.09,543.08,172207.23
14229,baby,1,0,1,0.9115,312.53,584.12,182557.93
14230,baby,1,0,1,0.8977,313.94,410.59,128900.82
14231,baby,1,0,1,0.9115,322.45,589.06,189945.42
14232,baby,1,0,1,0.9276,313.01,425.44,133168.48
14233,baby,1,0,1,0.8944,315.32,570.72,179961.6
14234,baby,1,0,1,0.9105,317.11,455.13,144327.52
14235,baby,1,0,1,0.9238,322.08,555.05,178773.21
14236,baby,1,0,1,0.9197,324.74,540.32,175462.71
14237,baby,1,0,1,0.9399,328.05,536.34,175948.75
14238,baby,1,0,1,0.9293,330.09,541.47,178735.73
14239,baby,1,0,1,0.9258,335.68,535.6,179788.25
14240,baby,1,0,1,0.9213,333.71,550.13,183583.77
14241,baby,1,0,1,0.9253,331.98,545.49,181090.16
14242,baby,1,0,1,0.9162,336.29,525.78,176815.9
14243,baby,1,0,1,0.9337,323.23,581.89,188086.19
14244,baby,1,0,1,0.9265,328.13,545.6,179029.09
14245,baby,1,0,1,0.9323,334.27,522.91,174791.25
14246,baby,1,0,1,0.926,332.97,575.09,191485.71
14247,baby,1,0,1,0.9251,337.78,547.42,184909.93
14248,baby,1,0,1,0.9266,342.73,555.22,190289.95
14249,baby,1,0,1,0.8255,398.25,413.04,164492.27
14250,baby,1,0,1,0.8341,400.06,386.99,154818.94
14251,baby,1,0,1,0.8145,393.64,396.04,155897.82
14252,baby,1,0,1,0.8609,395.85,385.3,152520.65
14253,baby,1,0,1,0.8659,394.33,394.13,155417.94
14254,baby,1,0,1,0.8239,403.4,402.45,162348.76
14255,baby,1,0,1,0.8512,400.18,392.97,157261.38
14256,baby,1,0,1,0.8485,402.46,393.78,158480.96
14257,baby,1,0,1,0.7941,405.92,390.23,158401.96
14258,baby,1,0,1,0.8263,411.11,393.76,161877.29
14259,baby,1,0,1,0.8055,424.29,393.91,167132.22
14260,baby,1,0,1,0.8309,423.19,397.21,168097.31
14261,baby,1,0,1,0.8309,418.37,392.5,164211.36
14262,baby,1,0,1,0.7972,412.15,392,161563.77
14263,baby,1,0,1,0.7299,416.27,399.2,166171.33
14264,baby,1,0,1,0.7552,425.51,387.2,164754.47
14265,baby,1,0,1,0.7794,416.41,385.93,160704.37
14266,baby,1,0,1,0.6703,431.31,387.66,167202.03
14267,baby,1,0,1,0.8276,411.19,406.12,166991.32
14268,baby,1,0,1,0.7704,403.75,417.03,168379.4
14269,baby,1,0,1,0.7355,420.24,407.46,171231.21
14270,none,0,0,0,0,0,0,0
14271,baby,1,0,1,0.6532,403.8,388.17,156742.82
14272,baby,1,0,1,0.752,422.29,388.98,164262.28
14273,none,0,0,0,0,0,0,0
14274,none,0,0,0,0,0,0,0
14275,none,0,0,0,0,0,0,0
14276,none,0,0,0,0,0,0,0
14277,baby,1,0,1,0.6315,285.57,306.66,87570.64
14278,none,0,0,0,0,0,0,0
14279,baby,1,0,1,0.6577,401.06,380.43,152572.31
14280,none,0,0,0,0,0,0,0
14281,baby,1,0,1,0.669,412.52,387.98,160049.05
14282,baby,1,0,1,0.624,405.15,388.1,157238.93
14283,none,0,0,0,0,0,0,0
14284,none,0,0,0,0,0,0,0
14285,baby,1,0,1,0.6192,389.11,388.4,151130.59
14286,baby,1,0,1,0.6585,410.96,389.05,159882.04
14287,baby,1,0,1,0.6558,410.51,391.57,160743.66
14288,baby,1,0,1,0.6194,414.98,392.56,162905.94
14289,baby,1,0,1,0.8961,375.01,426.55,159961.27
14290,baby,1,0,1,0.8724,301.95,407.9,123164.37
14291,baby,1,0,1,0.8426,304.64,391.35,119222.27
14292,baby,1,0,1,0.8178,311.01,399.85,124357.37
14293,baby,1,0,1,0.8101,317.37,389.69,123675.38
14294,baby,1,0,1,0.9044,312.22,425.24,132766.96
14295,baby,1,0,1,0.8283,314.44,406.23,127736.08
14296,baby,1,0,1,0.8329,316.99,400.33,126903.2
14297,baby,1,0,1,0.8423,310.29,389.7,120918.89
14298,baby,1,0,1,0.7971,297.1,393.43,116887.54
14299,baby,1,0,1,0.7876,302.27,384.65,116267.28
14300,baby,1,0,1,0.8163,294.55,387.31,114083.22
14301,baby,1,0,1,0.8239,300.73,387.71,116594.87
14302,baby,1,0,1,0.824,300.02,385.79,115746.31
14303,baby,1,0,1,0.7941,301.63,392.47,118382.17
14304,baby,1,0,1,0.8263,309.26,394.31,121944.14
14305,baby,1,0,1,0.8503,306.11,389.82,119330.5
14306,baby,1,0,2,0.8521,316.7,379.68,120244.16
14307,baby,1,0,1,0.8766,312.36,392.16,122498.23
14308,baby,1,0,1,0.779,294.34,388.26,114277.43
14309,baby,1,0,1,0.8755,309.89,393.52,121949.56
14310,baby,1,0,1,0.8715,313.51,386,121013.16
14311,baby,1,0,1,0.863,301.7,513.7,154980.92
14312,baby,1,0,1,0.8399,308.24,385.5,118826
14313,baby,1,0,1,0.8756,309.97,388.06,120288.5
14314,baby,1,0,1,0.831,306.01,399.26,122177.63
14315,baby,1,0,1,0.8249,300.88,389.28,117126.91
14316,baby,1,0,1,0.8558,308.33,513.41,158297.96
14317,baby,1,0,1,0.8901,303.95,384.91,116991.81
14318,baby,1,0,1,0.867,302.54,457.62,138448.05
14319,baby,1,0,1,0.8691,298.69,428.67,128039.26
14320,baby,1,0,1,0.8578,305.62,387.74,118499.63
14321,baby,1,0,1,0.8674,305.18,562.26,171590.73
14322,baby,1,0,1,0.8604,326.27,406.95,132778.52
14323,baby,1,0,1,0.8537,320.24,400.13,128137.5
14324,baby,1,0,1,0.8451,312.9,579.63,181369.19
14325,baby,1,0,1,0.8808,315.84,399.38,126142.71
14326,baby,1,0,1,0.8698,308.67,418.8,129273.96
14327,baby,1,0,1,0.8778,314.78,510.07,160560.04
14328,baby,1,0,1,0.8034,302.61,398.93,120718.29
14329,baby,1,0,1,0.8715,311.58,455.57,141945.6
14330,baby,1,0,1,0.8481,377.02,397.93,150027.01
14331,baby,1,0,1,0.8879,358.53,581.84,208608.16
14332,baby,1,0,1,0.8568,334.32,544.29,181966.98
14333,baby,1,0,1,0.8659,347.59,560.62,194865.67
14334,baby,1,0,1,0.8687,330.28,527.53,174232.85
14335,baby,1,0,1,0.8785,337.49,454,153219.61
14336,baby,1,0,1,0.873,364.09,559.71,203783.07
14337,baby,1,0,1,0.8652,345.65,573.26,198148.87
14338,baby,1,0,1,0.881,352.26,473.13,166665.55
14339,baby,1,0,1,0.8588,347.28,548.54,190495.53
14340,baby,1,0,1,0.8333,377.83,412.46,155836.82
14341,baby,1,0,1,0.8519,339.31,420.07,142533.88
14342,baby,1,0,1,0.8196,298.63,563.88,168393.76
14343,baby,1,0,2,0.8688,316.71,407.84,129165.32
14344,baby,1,0,1,0.7831,317.06,389.67,123549.93
14345,baby,1,0,1,0.7653,312.75,389.76,121898.53
14346,baby,1,0,1,0.8028,318.34,391.8,124727.3
14347,baby,1,0,1,0.786,314.44,385.55,121234.32
14348,baby,1,0,1,0.7779,315.68,385.64,121739.82
14349,baby,1,0,1,0.7408,315.43,388.01,122389.92
14350,baby,1,0,1,0.7663,312.32,394.3,123145.44
14351,baby,1,0,1,0.7569,319.42,388.82,124199.6
14352,baby,1,0,1,0.7483,311.86,386.49,120529.94
14353,baby,1,0,1,0.7686,318.31,393.73,125328.32
14354,baby,1,0,1,0.8858,313.34,396.53,124247.4
14355,baby,1,0,1,0.8628,332.51,397.78,132265.64
14356,baby,1,0,1,0.839,333.62,406.03,135458.33
14357,baby,1,0,2,0.8619,334.95,389.38,130419.56
14358,baby,1,0,2,0.8741,326.67,398.56,130195.69
14359,baby,1,0,2,0.8892,326.86,391.65,128014.33
14360,baby,1,0,2,0.8856,324.89,404.88,131539.12
14361,baby,1,0,2,0.8824,327.85,395.97,129818.55
14362,baby,1,0,2,0.8825,329.49,395.84,130423.61
14363,baby,1,0,2,0.899,335.06,399.04,133702.47
14364,baby,1,0,2,0.8735,336.72,388.08,130677
14365,baby,1,0,2,0.8978,336.07,406.16,136498.32
14366,baby,1,0,2,0.9038,337.49,391.86,132248.61
14367,baby,1,0,2,0.8883,338.51,395.93,134024.99
14368,baby,1,0,2,0.8963,334.27,402.81,134648.73
14369,baby,1,0,2,0.8849,334.2,395.07,132034.64
14370,baby,1,0,2,0.8874,337.15,397.4,133983.74
14371,baby,1,0,2,0.8828,335.3,402.53,134968.94
14372,baby,1,0,2,0.8908,337.2,407.28,137334.76
14373,baby,1,0,2,0.9057,334.57,402.68,134725.83
14374,baby,1,0,2,0.8756,325.33,389.4,126684.2
14375,baby,1,0,1,0.8805,333.08,401.46,133716.77
14376,baby,1,0,1,0.8708,362.64,407.13,147642.86
14377,baby,1,0,2,0.8543,323.39,393.17,127148.76
14378,baby,1,0,1,0.8726,331,393.41,130218.25
14379,baby,1,0,1,0.8794,341.25,411.62,140465.59
14380,baby,1,0,2,0.8982,328.61,399.91,131411.48
14381,baby,1,0,2,0.8873,328.09,408.43,134000.49
14382,baby,1,0,1,0.9039,335.46,429.37,144033.72
14383,baby,1,0,2,0.9005,333.76,415.25,138595.71
14384,baby,1,0,2,0.8945,333.59,406.72,135678.12
14385,baby,1,0,2,0.8899,333.3,399.56,133171.24
14386,baby,1,0,1,0.8996,339.73,414.21,140721.33
14387,baby,1,0,2,0.9035,339.94,402.51,136827.16
14388,baby,1,0,2,0.8935,334.21,411,137362.55
14389,baby,1,0,2,0.8796,335.72,397.32,133385.82
14390,baby,1,0,2,0.8861,335.15,405.59,135933.44
14391,baby,1,0,2,0.9017,328.43,399.26,131129.11
14392,baby,1,0,1,0.8797,296.04,563.15,166713.05
14393,baby,1,0,1,0.7985,222.04,327.04,72615.38
14394,baby,1,0,1,0.8015,227.81,354.78,80822.65
14395,baby,1,0,1,0.7824,240.36,364.97,87724.02
14396,baby,1,0,1,0.7089,244.43,393.59,96206.33
14397,baby,1,0,1,0.7735,241.11,361.14,87074.31
14398,baby,1,0,1,0.7555,240.93,377.34,90910.02
14399,baby,1,0,1,0.7398,242.43,364.56,88381.28
14400,baby,1,0,1,0.7661,236.2,350.98,82901.89
14401,baby,1,0,1,0.7921,239.75,358.78,86017.96
14402,baby,1,0,1,0.7765,236.91,353.1,83651.15
14403,baby,1,0,1,0.6791,242.95,370.25,89954
14404,baby,1,0,1,0.6596,245.14,341.48,83712.51
14405,baby,1,0,1,0.7848,249.13,438.24,109179.83
14406,baby,1,0,1,0.8691,279.02,505.03,140914.23
14407,baby,1,0,1,0.8332,274.93,499.63,137359.74
14408,baby,1,0,1,0.8212,275.34,488.25,134437.09
14409,baby,1,0,1,0.7288,304.59,456.38,139007.42
14410,baby,1,0,1,0.7743,305.2,453.51,138412.38
14411,baby,1,0,1,0.7948,256.07,467.3,119661.23
14412,baby,1,0,1,0.7822,303.66,450.76,136879.37
14413,baby,1,0,1,0.815,300.86,458.77,138025.59
14414,baby,1,0,1,0.7861,300.29,456.69,137142.01
14415,baby,1,0,1,0.8059,300.38,452.33,135871.72
14416,baby,1,0,1,0.8013,248,473.94,117537.12
14417,baby,1,0,1,0.7785,297.57,456.14,135734.33
14418,baby,1,0,2,0.7621,312.28,446.8,139526.38
14419,baby,1,0,1,0.8116,307.72,431.03,132635.47
14420,baby,1,0,2,0.818,315.18,435.33,137207.37
14421,baby,1,0,1,0.8094,313.97,442.29,138865.52
14422,baby,1,0,1,0.7808,304.07,457.72,139177.27
14423,baby,1,0,1,0.8077,306.52,451.87,138507.57
14424,baby,1,0,1,0.7826,305.48,450.65,137662.97
14425,baby,1,0,1,0.7873,302.38,453.85,137236.6
14426,baby,1,0,1,0.7541,294.47,454.35,133791.26
14427,baby,1,0,1,0.7853,301.27,454.47,136916.88
14428,baby,1,0,1,0.7847,297.24,458.75,136361.04
14429,baby,1,0,1,0.8089,305.93,457.05,139825.37
14430,baby,1,0,1,0.7695,303.94,453.2,137743.78
14431,baby,1,0,1,0.7892,306.55,458.35,140506.64
14432,baby,1,0,1,0.7528,309.86,449.89,139402.24
14433,baby,1,0,1,0.7859,300.93,456.51,137378.94
14434,baby,1,0,1,0.7568,301.33,460.99,138911.53
14435,baby,1,0,1,0.7725,300.66,455.95,137086.15
14436,baby,1,0,1,0.7825,304.41,459.52,139884.83
14437,baby,1,0,1,0.7885,300.88,457.03,137509.95
14438,baby,1,0,1,0.7588,303.12,457.68,138734.48
14439,baby,1,0,1,0.7645,301.86,456.1,137680.14
14440,baby,1,0,1,0.7882,300.77,454.15,136594.9
14441,baby,1,0,1,0.7927,304.83,455.89,138968.09
14442,baby,1,0,1,0.7779,301.6,460.31,138827.5
14443,baby,1,0,1,0.794,305.09,455.61,139002.2
14444,baby,1,0,1,0.7568,298.66,451.9,134965.3
14445,baby,1,0,1,0.7768,299.23,453.99,135847.41
14446,baby,1,0,1,0.7722,300.4,454.34,136482.2
14447,baby,1,0,1,0.764,300.5,453.59,136304.36
14448,baby,1,0,1,0.7423,303.21,452.12,137088.12
14449,baby,1,0,1,0.746,297,453.89,134805.8
14450,baby,1,0,1,0.7451,300.05,452.07,135642.4
14451,baby,1,0,1,0.7578,300.97,448.89,135103.07
14452,baby,1,0,1,0.7612,296.51,454.19,134673.43
14453,baby,1,0,1,0.7495,299.2,458.56,137202.59
14454,baby,1,0,1,0.7597,294.97,460.38,135796.76
14455,baby,1,0,1,0.7643,299.77,454.6,136278.72
14456,baby,1,0,1,0.783,301.1,460.6,138689.38
14457,baby,1,0,1,0.7677,292.76,468.94,137286.18
14458,baby,1,0,1,0.7558,293.53,454.43,133389.83
14459,baby,1,0,1,0.7675,298.55,452.15,134990.38
14460,baby,1,0,1,0.7773,298.57,466.21,139195.39
14461,baby,1,0,1,0.7469,293.86,464.86,136605.52
14462,baby,1,0,1,0.7587,307.48,444.54,136684.33
14463,baby,1,0,1,0.7084,296.62,462.2,137095.1
14464,baby,1,0,2,0.736,307.96,438.03,134896.3
14465,baby,1,0,1,0.7186,295.22,450.16,132894.56
14466,baby,1,0,1,0.7387,289.5,467.14,135237.51
14467,baby,1,0,1,0.7897,307.33,435.29,133775.85
14468,baby,1,0,1,0.6948,293.52,453.39,133081.68
14469,baby,1,0,1,0.7697,309.33,443.42,137165.8
14470,baby,1,0,1,0.7376,309.8,445.61,138052.3
14471,baby,1,0,1,0.7382,298.59,450.99,134662.51
14472,baby,1,0,2,0.7872,307.34,436.9,134274.62
14473,baby,1,0,1,0.7769,308.92,436.21,134756.81
14474,baby,1,0,1,0.7637,302.81,439.32,133030.29
14475,baby,1,0,2,0.7415,315.56,439.46,138676.04
14476,baby,1,0,1,0.8105,306.48,443.09,135796.61
14477,baby,1,0,1,0.8023,305.14,447.73,136619.9
14478,baby,1,0,1,0.8212,230.09,361.85,83256.46
14479,baby,1,0,1,0.8299,208.49,285.52,59527.6
14480,baby,1,0,1,0.789,208.52,280.86,58566.1
14481,baby,1,0,1,0.7745,201.25,284.6,57274.97
14482,baby,1,0,1,0.7946,207.37,288.01,59725.97
14483,baby,1,0,1,0.7617,200.36,301.7,60448.44
14484,baby,1,0,1,0.7713,214.15,297.02,63607.47
14485,baby,1,0,1,0.8005,210.15,286.11,60126.45
14486,baby,1,0,1,0.7791,215.42,292.17,62939.2
14487,baby,1,0,2,0.7907,206.4,280.55,57903.72
14488,baby,1,0,1,0.755,215.76,348.94,75288.24
14489,baby,1,0,1,0.7545,215.96,397.94,85937.86
14490,baby,1,0,1,0.7694,219.02,396.82,86913.25
14491,baby,1,0,1,0.7925,214.19,374.16,80142.23
14492,baby,1,0,1,0.773,220.99,406.84,89907.18
14493,baby,1,0,1,0.7722,216.19,386.59,83574.77
14494,baby,1,0,1,0.7652,204.19,335.04,68411.52
14495,baby,1,0,1,0.741,210.14,357.09,75040.4
14496,baby,1,0,2,0.7584,210.3,410.25,86276.15
14497,baby,1,0,1,0.7541,212.41,296.12,62897.83
14498,baby,1,0,1,0.8442,215.48,316.11,68116.85
14499,baby,1,0,1,0.8466,225.8,363.75,82135.5
14500,baby,1,0,1,0.8611,222.17,332.37,73842.32
14501,baby,1,0,1,0.7771,212.13,346.52,73506.4
14502,baby,1,0,1,0.79,215.91,347.22,74966.33
14503,none,0,0,0,0,0,0,0
14504,baby,1,0,1,0.7089,234.84,248.64,58390.6
14505,baby,1,0,1,0.6466,227.21,253.25,57542.33
14506,baby,1,0,1,0.717,237.88,268.93,63972.83
14507,baby,1,0,1,0.7518,231.81,288.1,66782.75
14508,baby,1,0,1,0.7066,246.51,270.65,66716.51
14509,baby,1,0,1,0.7691,256.98,268.2,68922.51
14510,baby,1,0,1,0.647,238.15,272.21,64825.65
14511,baby,1,0,1,0.777,232.54,263.07,61176.18
14512,baby,1,0,1,0.7484,214.36,273.89,58712.86
14513,baby,1,0,1,0.8084,215.99,281.26,60749.54
14514,baby,1,0,1,0.7745,220.57,281.01,61982.64
14515,baby,1,0,1,0.727,201.1,270.93,54484.4
14516,baby,1,0,1,0.6407,205.11,262.14,53766.37
14517,baby,1,0,1,0.757,232.27,275.02,63880.25
14518,baby,1,0,1,0.7665,197.94,274.22,54280.1
14519,baby,1,0,1,0.6844,210.43,286.81,60354.83
14520,baby,1,0,1,0.7445,202.88,283.23,57462.41
14521,baby,1,0,1,0.788,213.21,273.41,58294.23
14522,baby,1,0,1,0.7078,203.76,267.86,54579.3
14523,baby,1,0,1,0.7599,200.91,275.55,55361.77
14524,baby,1,0,1,0.7612,217.24,286.05,62140.78
14525,baby,1,0,1,0.7402,206.77,280.67,58033.85
14526,baby,1,0,1,0.7377,213.19,278.05,59279.17
14527,baby,1,0,1,0.768,213.76,281.07,60080.67
14528,baby,1,0,1,0.8002,200.98,277.55,55783.67
14529,baby,1,0,1,0.7167,204.01,260.41,53126.21
14530,baby,1,0,1,0.813,200.6,300.04,60187.26
14531,baby,1,0,1,0.8578,208.17,330.36,68772.59
14532,baby,1,0,1,0.8624,205.17,342.5,70271.3
14533,baby,1,0,1,0.8283,206.56,359.74,74308.74
14534,baby,1,0,1,0.8026,219.04,357.88,78390.4
14535,baby,1,0,1,0.8292,213.85,355.92,76114.43
14536,baby,1,0,1,0.849,220.97,357.48,78989.62
14537,baby,1,0,1,0.8186,217.66,363.82,79191.17
14538,baby,1,0,1,0.8274,223.03,382.18,85239.37
14539,baby,1,0,1,0.8432,212.36,368.33,78217.27
14540,baby,1,0,1,0.8777,221.89,395.8,87826.05
14541,baby,1,0,1,0.8767,236.75,379.12,89755.9
14542,baby,1,0,1,0.602,252.56,389.71,98426.35
14543,baby,1,0,1,0.6169,263.79,393.9,103906.78
14544,baby,1,0,1,0.6848,245.82,438.44,107780.71
14545,baby,1,0,1,0.7936,247.46,411.77,101897.11
14546,baby,1,0,1,0.8027,247.24,402.4,99491.41
14547,baby,1,0,1,0.7967,250.8,410.17,102868.41
14548,baby,1,0,1,0.8592,232.17,357.4,82976.21
14549,baby,1,0,1,0.8556,232.91,355.86,82884.47
14550,baby,1,0,1,0.8551,227.52,358.54,81574.79
14551,baby,1,0,1,0.8438,230.32,349.96,80604.34
14552,baby,1,0,1,0.7953,244.2,390.68,95404.3
14553,baby,1,0,1,0.7935,239.1,292,69817.2
14554,baby,1,0,1,0.6142,257.27,419.85,108017.47
14555,baby,1,0,1,0.7397,249.13,431.49,107496.21
14556,baby,1,0,1,0.7605,244.25,423.08,103339.32
14557,baby,1,0,1,0.6092,244.28,422.03,103094.51
14558,none,0,0,0,0,0,0,0
14559,baby,1,0,1,0.7755,242.44,413.28,100197.1
14560,none,0,0,0,0,0,0,0
14561,baby,1,0,1,0.6911,242.98,381.33,92655.44
14562,baby,1,0,1,0.8542,233.37,364.43,85049.53
14563,baby,1,0,1,0.8327,214.05,343.38,73500.68
14564,baby,1,0,1,0.7566,210.75,288.52,60804.79
14565,baby,1,0,1,0.8177,215,317.1,68177.65
14566,baby,1,0,1,0.7748,216.25,316.33,68407.71
14567,baby,1,0,1,0.78,203.39,296.38,60280.87
14568,baby,1,0,1,0.7571,206.13,301.75,62201.17
14569,baby,1,0,1,0.77,208.83,313.21,65408.33
14570,baby,1,0,1,0.7623,204.26,299.08,61089.43
14571,baby,1,0,1,0.7365,208.45,294.85,61462.8
14572,baby,1,0,1,0.7489,206.89,297.94,61640.15
14573,baby,1,0,1,0.7378,206.7,292.23,60404.64
14574,baby,1,0,1,0.7566,204.96,296.26,60719.97
14575,baby,1,0,1,0.7661,205.21,301.14,61798.24
14576,baby,1,0,1,0.7425,209,299.96,62691.43
14577,baby,1,0,1,0.7509,209.68,326.7,68502.81
14578,baby,1,0,1,0.7361,214.09,308.63,66073
14579,baby,1,0,1,0.7212,213.4,330.07,70438.1
14580,baby,1,0,1,0.7301,214.88,304.25,65376.23
14581,baby,1,0,1,0.7137,217.88,307.19,66929.44
14582,baby,1,0,1,0.7593,217.47,332.61,72332.93
14583,baby,1,0,1,0.7432,214,324.22,69383.67
14584,baby,1,0,1,0.7776,211.93,321.53,68142.86
14585,baby,1,0,1,0.7539,218.83,334.66,73235.34
14586,baby,1,0,1,0.7313,218.3,311,67890.42
14587,baby,1,0,1,0.7971,213.62,322.09,68805.97
14588,baby,1,0,1,0.7523,212.55,306.44,65134.07
14589,baby,1,0,1,0.7715,215.83,307.32,66328.3
14590,baby,1,0,1,0.7413,215.35,332.32,71565.13
14591,baby,1,0,1,0.8203,248.22,385.29,95637.19
14592,baby,1,0,1,0.806,253.05,393.25,99509.56
14593,baby,1,0,1,0.8081,247.63,385.61,95488.69
14594,baby,1,0,1,0.827,248.47,387.2,96209.78
14595,baby,1,0,1,0.8016,219.53,313.41,68803.46
14596,baby,1,0,1,0.8022,234.55,341.25,80039.52
14597,baby,1,0,1,0.7973,227.28,322.93,73396.95
14598,baby,1,0,1,0.8094,229.6,400.84,92035.64
14599,baby,1,0,1,0.7942,225.84,318.08,71834.59
14600,baby,1,0,1,0.8124,225.62,326.22,73602.34
14601,baby,1,0,1,0.8054,225.91,353.54,79867.21
14602,baby,1,0,1,0.8233,228.43,355.64,81238.78
14603,baby,1,0,1,0.8186,230.17,341.25,78546.1
14604,baby,1,0,1,0.8173,226.29,393.6,89068.79
14605,baby,1,0,1,0.8126,225.06,323.71,72854.56
14606,baby,1,0,1,0.8344,226.2,317.31,71774.57
14607,baby,1,0,1,0.8232,223.44,318.01,71054.82
14608,baby,1,0,1,0.8294,229.27,326.35,74821.77
14609,baby,1,0,1,0.8318,225.42,320.21,72182.35
14610,baby,1,0,1,0.8391,221.36,318.62,70530.41
14611,baby,1,0,1,0.8498,224,313.67,70261.59
14612,baby,1,0,1,0.8277,225.5,308.21,69503.22
14613,baby,1,0,1,0.8407,223.01,309.04,68917.71
14614,baby,1,0,1,0.7946,212.09,300.21,63670.21
14615,baby,1,0,1,0.7672,222.57,313.98,69880.66
14616,baby,1,0,1,0.7596,213.36,294.2,62768.79
14617,baby,1,0,1,0.7973,215.92,301.98,65201.93
14618,baby,1,0,1,0.8135,209.93,310.06,65092.33
14619,baby,1,0,1,0.8091,219.35,335.29,73545.26
14620,baby,1,0,1,0.7806,220.29,340.31,74967.81
14621,baby,1,0,1,0.7625,215.46,334.23,72013.56
14622,baby,1,0,1,0.7098,216.43,331.12,71665.67
14623,baby,1,0,1,0.7368,226.3,419.69,94974.07
14624,baby,1,0,1,0.7132,214.7,312.28,67045.39
14625,baby,1,0,2,0.7497,223.11,424.13,94625.98
14626,baby,1,0,2,0.7261,224.86,433.81,97545.73
14627,baby,1,0,1,0.7618,214.85,305.16,65562.98
14628,baby,1,0,2,0.7358,226.45,429.75,97316.95
14629,baby,1,0,1,0.7428,222.51,392.3,87289.12
14630,baby,1,0,1,0.7483,220.49,368.77,81309.6
14631,baby,1,0,1,0.7412,217.68,312.42,68006.33
14632,baby,1,0,1,0.7489,214.73,307.93,66121.79
14633,baby,1,0,2,0.7607,233.62,445.38,104048.61
14634,baby,1,0,1,0.818,287.24,411.18,118108.49
14635,baby,1,0,1,0.8336,283.76,357.33,101395.52
14636,baby,1,0,1,0.837,277.46,341.39,94723.04
14637,baby,1,0,1,0.8468,223.37,311.2,69510.63
14638,baby,1,0,1,0.8593,241.87,313.45,75813.72
14639,baby,1,0,1,0.8476,215.68,321.81,69406.95
14640,baby,1,0,1,0.8153,205.11,316.94,65006.68
14641,baby,1,0,1,0.8485,224.45,333.29,74807.74
14642,baby,1,0,1,0.8305,224.58,329.02,73889.54
14643,baby,1,0,1,0.7094,258.09,427.56,110350.72
14644,baby,1,0,1,0.767,260.59,443.53,115578.12
14645,baby,1,0,1,0.7604,265.26,442.29,117321.29
14646,baby,1,0,1,0.7862,239.65,373.55,89521.01
14647,baby,1,0,1,0.7687,243.91,374.02,91226.4
14648,baby,1,0,1,0.8089,236.34,337.44,79749.97
14649,baby,1,0,1,0.7331,242.52,372.45,90327.23
14650,baby,1,0,1,0.7672,238.87,383.19,91533.53
14651,baby,1,0,1,0.7345,240.2,406.72,97695.59
14652,baby,1,0,1,0.7721,239.05,366.08,87513.24
14653,baby,1,0,1,0.7263,249.77,487.31,121717.19
14654,baby,1,0,1,0.7752,243.24,348.59,84788.98
14655,baby,1,0,1,0.7889,235.85,339.85,80155.13
14656,baby,1,0,1,0.7405,247.32,479.33,118546.96
14657,baby,1,0,1,0.7411,248.03,481.5,119425.96
14658,baby,1,0,1,0.7404,242.47,457.11,110835.23
14659,baby,1,0,1,0.7378,239.2,430.74,103033.95
14660,baby,1,0,1,0.7362,235.12,437.14,102779.74
14661,baby,1,0,1,0.7457,236.96,375.26,88921.15
14662,baby,1,0,1,0.7611,236.66,369.84,87524.86
14663,baby,1,0,1,0.7464,247.08,488.39,120671
14664,baby,1,0,1,0.7577,229.47,366.17,84025.69
14665,baby,1,0,1,0.7533,238.72,477.14,113900.9
14666,baby,1,0,2,0.7675,232.97,334.5,77927.48
14667,baby,1,0,1,0.7592,244.33,422.68,103272.41
14668,baby,1,0,1,0.8043,242.72,423.46,102784.21
14669,baby,1,0,1,0.7071,246.5,443.79,109395.09
14670,baby,1,0,1,0.7648,256.68,436.44,112026.53
14671,baby,1,0,1,0.7935,245.56,398.45,97842.31
14672,baby,1,0,1,0.8171,249.68,336.38,83986.36
14673,baby,1,0,1,0.8107,237.8,319.44,75962.81
14674,baby,1,0,1,0.8085,235.16,379.83,89321.46
14675,baby,1,0,1,0.7982,232.76,450.91,104953.57
14676,baby,1,0,1,0.7925,227.5,430.56,97949.35
14677,baby,1,0,1,0.7876,234.08,452.62,105951.32
14678,baby,1,0,1,0.7767,233.48,435.53,101689.16
14679,baby,1,0,1,0.8016,232.95,420.76,98017.85
14680,baby,1,0,1,0.8051,230.6,447.74,103246.58
14681,baby,1,0,1,0.7929,232.01,431.03,100003.89
14682,baby,1,0,1,0.7977,232.38,422.7,98229.27
14683,baby,1,0,1,0.7645,236.8,456.1,108006.93
14684,baby,1,0,1,0.7635,232.41,443.39,103049.71
14685,baby,1,0,1,0.7639,233.71,448.72,104868.34
14686,baby,1,0,1,0.7488,232.44,432.38,100502.86
14687,baby,1,0,1,0.7567,236.19,448.88,106022.09
14688,baby,1,0,1,0.753,240.36,456.8,109797.12
14689,baby,1,0,1,0.7619,240.64,461.32,111010.01
14690,baby,1,0,2,0.764,240.96,462.69,111489.8
14691,baby,1,0,1,0.7586,229.8,375.79,86358.76
14692,baby,1,0,1,0.7463,240.3,463.08,111279.34
14693,baby,1,0,1,0.7624,242.86,459.22,111525.36
14694,baby,1,0,2,0.7515,236.57,456.38,107966.56
14695,baby,1,0,2,0.7522,236.59,452.43,107041.25
14696,baby,1,0,1,0.7362,238.17,451.95,107643.64
14697,baby,1,0,1,0.8027,227.56,340.74,77538.51
14698,baby,1,0,1,0.8061,224.03,328.88,73679.94
14699,baby,1,0,1,0.8018,219.29,332.09,72824.38
14700,baby,1,0,1,0.7962,218.41,318.61,69588.94
14701,baby,1,0,1,0.8025,224.81,313.74,70534.27
14702,baby,1,0,1,0.7942,220.12,315.99,69557.79
14703,baby,1,0,1,0.8117,222.09,301.55,66970.21
14704,baby,1,0,1,0.8059,221.68,310.39,68806.12
14705,baby,1,0,1,0.7843,235.71,355.75,83852.65
14706,baby,1,0,1,0.8251,256.08,438.63,112324.23
14707,baby,1,0,2,0.795,251.13,442.61,111152.55
14708,baby,1,0,2,0.8176,244.69,437.15,106967.92
14709,baby,1,0,1,0.8173,249.41,418.22,104308.74
14710,baby,1,0,2,0.795,251.15,428.08,107513.15
14711,baby,1,0,1,0.782,243.39,388.71,94608.84
14712,baby,1,0,2,0.8111,241.13,430.25,103747.01
14713,baby,1,0,2,0.7849,242.55,442.23,107264.69
14714,baby,1,0,2,0.7917,233.75,309.22,72280.96
14715,baby,1,0,2,0.7886,238.68,432.49,103227.52
14716,baby,1,0,1,0.8159,230.59,312.97,72169.08
14717,baby,1,0,2,0.667,241.01,315.41,76015.43
14718,baby,1,0,1,0.7203,240.23,302.29,72618.39
14719,baby,1,0,1,0.7487,246.33,314.3,77420.43
14720,baby,1,0,1,0.7291,249.21,348.41,86829.39
14721,baby,1,0,1,0.711,259.87,407.91,106003.92
14722,baby,1,0,1,0.726,244.87,436.6,106912.45
14723,baby,1,0,1,0.7406,252.53,459.95,116149.14
14724,baby,1,0,1,0.7288,250.17,458.8,114779.33
14725,baby,1,0,1,0.7336,248.38,460.61,114405.85
14726,baby,1,0,1,0.7244,250.65,460.12,115328.57
14727,baby,1,0,1,0.737,249.5,468.13,116797.84
14728,baby,1,0,1,0.7395,240.27,357.85,85981.62
14729,baby,1,0,1,0.7493,235.26,367.37,86427.83
14730,baby,1,0,1,0.7206,238.29,439.89,104822.15
14731,baby,1,0,1,0.7446,242.09,460.74,111541.64
14732,baby,1,0,1,0.7316,238.81,459.46,109725.51
14733,baby,1,0,1,0.7188,232.81,385.5,89747.47
14734,baby,1,0,1,0.7345,228.03,373.43,85151.31
14735,baby,1,0,1,0.7476,231.71,437.31,101329.49
14736,baby,1,0,1,0.7461,232.65,426.51,99226.82
14737,baby,1,0,1,0.7405,230.05,407.7,93792.64
14738,baby,1,0,1,0.7319,239.84,455.46,109235.46
14739,baby,1,0,1,0.7393,240.88,463.17,111568.66
14740,baby,1,0,1,0.7486,227.58,367.36,83603.6
14741,baby,1,0,1,0.7462,239.19,449.31,107469
14742,baby,1,0,1,0.7367,238.44,458.19,109253.03
14743,baby,1,0,1,0.7455,237.13,457.35,108452.28
14744,baby,1,0,1,0.7528,234.81,436.58,102512.94
14745,baby,1,0,1,0.7636,236.64,457.15,108177.55
14746,baby,1,0,1,0.7532,234.48,435.06,102011.03
14747,baby,1,0,1,0.7484,235.59,429.58,101206.1
14748,baby,1,0,1,0.762,237.42,448.49,106481.47
14749,baby,1,0,1,0.7674,236.93,459.42,108849.73
14750,baby,1,0,1,0.7624,239.2,456.61,109221.73
14751,baby,1,0,1,0.7727,238.52,450.93,107554.71
14752,baby,1,0,1,0.7708,229.58,354.66,81424.32
14753,baby,1,0,1,0.7651,237.94,455.73,108433.87
14754,baby,1,0,1,0.7629,239.12,449.09,107383.14
14755,baby,1,0,1,0.7525,240.09,461.98,110916.53
14756,baby,1,0,1,0.7569,238.73,457.62,109248.02
14757,baby,1,0,1,0.7423,235.45,455.14,107162.36
14758,baby,1,0,1,0.7535,239.12,453.81,108514.53
14759,baby,1,0,1,0.7427,242.85,454.38,110346.68
14760,baby,1,0,1,0.748,236.01,456.64,107769.55
14761,baby,1,0,1,0.7488,228.05,374.02,85294.43
14762,baby,1,0,1,0.7424,236.36,449.84,106326.01
14763,baby,1,0,1,0.7426,234.31,439.43,102963.05
14764,baby,1,0,1,0.7553,234.69,436.03,102332.77
14765,baby,1,0,1,0.7482,241.47,464.69,112208.73
14766,baby,1,0,1,0.7631,239.09,459.21,109792.39
14767,baby,1,0,1,0.7561,237.57,456.24,108390.76
14768,baby,1,0,1,0.7361,237.24,451.38,107084.45
14769,baby,1,0,1,0.7668,235.46,459.8,108263.93
14770,baby,1,0,1,0.7618,238.66,455.82,108785.48
14771,baby,1,0,1,0.749,236.63,442.52,104714.84
14772,baby,1,0,1,0.7619,236.18,453.17,107032.14
14773,baby,1,0,1,0.7622,234.71,433.21,101678.82
14774,baby,1,0,1,0.748,235.24,451.06,106106.22
14775,baby,1,0,1,0.7501,227.39,367.01,83453.11
14776,baby,1,0,1,0.7518,235.51,448.44,105609.28
14777,baby,1,0,1,0.7369,233.63,420.5,98238.64
14778,baby,1,0,1,0.7798,233.3,439.51,102536.43
14779,baby,1,0,1,0.7726,236.53,461.05,109052.02
14780,baby,1,0,1,0.7788,233.5,439.99,102737.72
14781,baby,1,0,1,0.7726,237.65,443.79,105468.07
14782,baby,1,0,1,0.7723,234.33,332.46,77906.37
14783,baby,1,0,1,0.758,229.44,389.12,89278.28
14784,baby,1,0,1,0.7415,231.96,410.82,95293.89
14785,baby,1,0,1,0.7556,230.17,384.61,88523.61
14786,baby,1,0,1,0.7378,229.45,403.71,92632.5
14787,baby,1,0,1,0.739,229.41,389.61,89382.52
14788,baby,1,0,1,0.7784,234.36,360.02,84373.73
14789,baby,1,0,1,0.7306,228.62,405.05,92603.21
14790,baby,1,0,1,0.7663,229.81,372.57,85620.29
14791,baby,1,0,1,0.755,229.4,392.43,90024.94
14792,baby,1,0,1,0.765,223.47,361.05,80684.21
14793,baby,1,0,1,0.7276,236.82,462.23,109463.15
14794,baby,1,0,1,0.7518,237.02,464.14,110008.98
14795,baby,1,0,1,0.747,232.14,452.86,105126.98
14796,baby,1,0,1,0.7479,236.85,447.52,105995.86
14797,baby,1,0,1,0.7657,234.26,363.93,85256.41
14798,baby,1,0,1,0.7451,231.3,347.62,80403.31
14799,baby,1,0,1,0.7584,237.89,447.01,106338.7
14800,baby,1,0,1,0.7593,231.49,379.11,87762.36
14801,baby,1,0,1,0.7637,240.92,404.85,97536.45
14802,baby,1,0,1,0.7569,240.85,443.39,106789.22
14803,baby,1,0,1,0.7459,240.09,451.13,108309.28
14804,baby,1,0,1,0.7489,227.57,339.08,77164.88
14805,baby,1,0,1,0.7625,236.53,435.68,103051.88
14806,baby,1,0,1,0.7478,236.74,431.92,102252.54
14807,baby,1,0,1,0.7567,226.85,359.9,81643.72
14808,baby,1,0,1,0.75,229.17,387.82,88878.28
14809,baby,1,0,1,0.7608,235.83,438.4,103387.46
14810,baby,1,0,1,0.7532,243.24,443.14,107792.21
14811,baby,1,0,1,0.7652,239.9,451.02,108201.14
14812,baby,1,0,1,0.7792,239.72,437.3,104828.84
14813,baby,1,0,1,0.7573,234.13,456.68,106923.88
14814,baby,1,0,1,0.7633,232.69,365.16,84966.92
14815,baby,1,0,1,0.7704,230.7,357.72,82526.22
14816,baby,1,0,1,0.7538,237.42,445.16,105692.91
14817,baby,1,0,1,0.7529,235.97,449.5,106068.41
14818,baby,1,0,1,0.7747,234.72,442.65,103899.88
14819,baby,1,0,1,0.7558,227.69,361.63,82339.06
14820,baby,1,0,1,0.7239,238.09,456.98,108800.64
14821,baby,1,0,1,0.7408,229.07,393.11,90051.5
14822,baby,1,0,1,0.7394,236.8,457.61,108363.84
14823,baby,1,0,1,0.7698,233.92,444.36,103944.05
14824,baby,1,0,1,0.7741,232.27,446.81,103781.7
14825,baby,1,0,1,0.7761,232.34,425.85,98944.49
14826,baby,1,0,1,0.7846,231.52,446.61,103397.47
14827,baby,1,0,1,0.776,232.04,443.73,102963.24
14828,baby,1,0,1,0.7477,233.06,444.73,103651.65
14829,baby,1,0,1,0.7561,236.07,452.52,106827.77
14830,baby,1,0,1,0.7715,233.66,438.5,102458.47
14831,baby,1,0,1,0.7566,236.55,450.77,106629.31
14832,baby,1,0,1,0.7392,231.53,433.01,100255.41
14833,baby,1,0,1,0.738,237.1,435.06,103152.67
14834,baby,1,0,1,0.7467,234.06,440.6,103125.56
14835,baby,1,0,1,0.7427,232.59,392.56,91307.94
14836,baby,1,0,1,0.7514,238.74,440.57,105182.94
14837,baby,1,0,1,0.7461,228.92,342.73,78455.26
14838,baby,1,0,1,0.7518,236.11,451.08,106502.89
14839,baby,1,0,1,0.7799,227.04,343.1,77898.69
14840,baby,1,0,1,0.7729,235.18,450.42,105929.57
14841,baby,1,0,1,0.7622,234.09,442.35,103551.76
14842,baby,1,0,1,0.774,236.48,451.51,106774.9
14843,baby,1,0,1,0.7512,230.19,437.43,100693.79
14844,baby,1,0,1,0.7575,233.28,441.27,102939.22
14845,baby,1,0,1,0.7535,232.86,451.77,105197.78
14846,baby,1,0,1,0.7699,233.78,430.15,100560.58
14847,baby,1,0,1,0.7718,231.1,446.11,103097.64
14848,baby,1,0,1,0.7575,231.56,421.91,97695.77
14849,baby,1,0,1,0.7501,232.36,424.99,98750.05
14850,baby,1,0,1,0.7601,232.26,443.26,102949.44
14851,baby,1,0,1,0.747,234.98,456.08,107168.5
14852,baby,1,0,1,0.7361,230.7,416.73,96139.4
14853,baby,1,0,1,0.7557,232.15,448.85,104199.65
14854,baby,1,0,1,0.7456,232.9,442.36,103026.24
14855,baby,1,0,1,0.7475,234.12,454.03,106296.38
14856,baby,1,0,1,0.7555,232.88,448.61,104471.24
14857,baby,1,0,1,0.7408,232.65,447.6,104132.71
14858,baby,1,0,1,0.745,232.66,431.52,100398.22
14859,baby,1,0,1,0.77,233.24,447.99,104489.85
14860,baby,1,0,1,0.7487,234.44,442.94,103844.52
14861,baby,1,0,1,0.7601,233,439.31,102357.4
14862,baby,1,0,1,0.7459,234.14,441.92,103469.93
14863,baby,1,0,1,0.7529,234.47,440.12,103192.95
14864,baby,1,0,1,0.7354,226.14,364.41,82405.52
14865,baby,1,0,1,0.7473,234.56,445.29,104446.71
14866,baby,1,0,1,0.7671,229.96,391.38,90001.51
14867,baby,1,0,1,0.7518,229.08,380.7,87210.11
14868,baby,1,0,1,0.7435,230.5,395.86,91246.8
14869,baby,1,0,1,0.76,227.82,344.02,78374.58
14870,baby,1,0,1,0.7502,226.69,364.42,82611.63
14871,baby,1,0,1,0.7627,233.64,449.48,105018.28
14872,baby,1,0,1,0.7404,230.42,436.74,100633.76
14873,baby,1,0,1,0.7743,232.46,433.65,100807.57
14874,baby,1,0,1,0.7541,231.67,421.11,97557.77
14875,baby,1,0,1,0.755,231.82,445.93,103377.5
14876,baby,1,0,1,0.7527,232.27,425.81,98904.27
14877,baby,1,0,1,0.7564,233.16,453.5,105737.72
14878,baby,1,0,1,0.7735,233.2,452.43,105508.27
14879,baby,1,0,1,0.7483,233.32,437.85,102156.01
14880,baby,1,0,1,0.7705,231.09,451.42,104317.16
14881,baby,1,0,1,0.7772,230.11,413.47,95143.62
14882,baby,1,0,1,0.7859,231.55,412.62,95540.98
14883,baby,1,0,1,0.7737,235.79,447.19,105441
14884,baby,1,0,1,0.7689,230.83,423.64,97789.74
14885,baby,1,0,1,0.7621,236.01,435.02,102668.79
14886,baby,1,0,1,0.7654,233.18,448.85,104662.08
14887,baby,1,0,1,0.7684,234.36,436.07,102195.79
14888,baby,1,0,1,0.7451,230.97,414.22,95672.88
14889,baby,1,0,1,0.7728,230.86,441.14,101844.06
14890,baby,1,0,1,0.7538,231.62,441.3,102214.37
14891,baby,1,0,1,0.7679,234.25,446.13,104504.46
14892,baby,1,0,1,0.7441,234.03,446.25,104438.24
14893,baby,1,0,1,0.7637,232.87,436.93,101748.51
14894,baby,1,0,1,0.758,232.63,403.85,93945.72
14895,baby,1,0,1,0.7464,236.83,449.74,106510.69
14896,baby,1,0,1,0.7582,233.61,439.97,102780.4
14897,baby,1,0,1,0.7562,232.16,440.95,102370.28
14898,baby,1,0,1,0.7503,233.1,447.88,104400.67
14899,baby,1,0,1,0.7546,232.54,432.61,100598.25
14900,baby,1,0,1,0.7556,233.27,443.28,103403.54
14901,baby,1,0,1,0.7525,232.77,433.71,100953.27
14902,baby,1,0,1,0.7596,232.42,438.09,101818.48
14903,baby,1,0,1,0.7479,232.21,439.16,101977.09
14904,baby,1,0,1,0.7495,236.7,445.25,105391.61
14905,baby,1,0,1,0.7342,226.97,386.75,87781.35
14906,baby,1,0,1,0.7586,233.34,445.33,103911.07
14907,baby,1,0,1,0.757,231.7,406.14,94102.76
14908,baby,1,0,1,0.7637,236.34,444.19,104979.43
14909,baby,1,0,1,0.7477,235.04,441.33,103728.09
14910,baby,1,0,1,0.7551,227.56,399.32,90868.13
14911,baby,1,0,1,0.7524,236.42,448.13,105947.19
14912,baby,1,0,1,0.7508,230.29,373.97,86122.05
14913,baby,1,0,1,0.738,228.46,359.21,82064.71
14914,baby,1,0,1,0.7687,228.24,350.25,79940.53
14915,baby,1,0,1,0.734,231.1,405.51,93712.52
14916,baby,1,0,1,0.7494,230.55,363.56,83821.03
14917,baby,1,0,1,0.7501,231,411.61,95082.95
14918,baby,1,0,1,0.7476,228.78,355.35,81295.35
14919,baby,1,0,1,0.7584,233.8,437.75,102345.52
14920,baby,1,0,1,0.7421,231.86,426.27,98837.02
14921,baby,1,0,1,0.7481,227.12,365.02,82904.99
14922,baby,1,0,1,0.74,233.1,446.95,104182.94
14923,baby,1,0,1,0.7563,232.98,429.56,100078.45
14924,baby,1,0,1,0.7364,226.33,367.65,83208.34
14925,baby,1,0,1,0.7582,231.21,441.05,101973.73
14926,baby,1,0,1,0.7692,232.18,433.26,100596.25
14927,baby,1,0,1,0.7785,234.41,453.8,106375.31
14928,baby,1,0,1,0.7647,233.54,447.12,104419.41
14929,baby,1,0,1,0.7485,233.85,441.32,103202.88
14930,baby,1,0,1,0.7482,234.74,448.42,105261.59
14931,baby,1,0,1,0.7661,233.52,418.11,97638.74
14932,baby,1,0,1,0.7577,234.41,420.29,98518.95
14933,baby,1,0,1,0.7768,232.66,411.97,95849.18
14934,baby,1,0,1,0.7397,233.11,427.44,99642.72
14935,baby,1,0,1,0.7748,228.79,367.47,84075.52
14936,baby,1,0,1,0.7582,237.34,447.63,106239.45
14937,baby,1,0,1,0.7696,239.8,451.03,108157.08
14938,baby,1,0,1,0.7661,233.33,446.73,104236.18
14939,baby,1,0,1,0.7577,236.68,454.51,107573.93
14940,baby,1,0,1,0.7441,231.64,378.59,87696.01
14941,baby,1,0,1,0.7122,247.73,453.77,112409.65
14942,none,0,0,0,0,0,0,0
14943,none,0,0,0,0,0,0,0
14944,baby,1,0,1,0.6984,325.1,379.84,123483.17
14945,baby,1,0,1,0.6115,341.51,381.18,130175.7
14946,none,0,0,0,0,0,0,0
14947,none,0,0,0,0,0,0,0
14948,baby,1,0,1,0.7299,326.03,405.47,132194.52
14949,baby,1,0,1,0.7465,326.59,404.77,132194.07
14950,baby,1,0,1,0.7424,317.16,386.85,122693.38
14951,baby,1,0,1,0.7455,310.08,376.44,116727.43
14952,none,0,0,0,0,0,0,0
14953,baby,1,0,1,0.6166,300.63,370.19,111287.58
14954,baby,1,0,1,0.6638,293.63,366.18,107521.68
14955,baby,1,0,1,0.6361,289.25,360,104130.7
14956,baby,1,0,1,0.6329,260.46,366.85,95550.85
14957,baby,1,0,1,0.7125,293.33,358.9,105274.13
14958,baby,1,0,1,0.675,288.09,359.86,103672.82
14959,baby,1,0,1,0.6847,291.91,360.53,105240.75
14960,baby,1,0,1,0.6444,292.93,363.31,106425.54
14961,none,0,0,0,0,0,0,0
14962,none,0,0,0,0,0,0,0
14963,none,0,0,0,0,0,0,0
14964,none,0,0,0,0,0,0,0
14965,baby,1,0,1,0.6042,268.77,297.58,79978.78
14966,baby,1,0,1,0.8203,232.92,339.19,79005.51
14967,baby,1,0,1,0.7979,234.02,294.42,68899.69
14968,baby,1,0,1,0.8403,238.24,295.72,70452.94
14969,baby,1,0,1,0.8345,228.35,299.4,68368.05
14970,baby,1,0,1,0.8185,225.15,309.67,69723.28
14971,baby,1,0,1,0.7589,235.33,397.02,93430.51
14972,baby,1,0,1,0.7543,231.49,392.99,90972.99
14973,baby,1,0,1,0.7689,238.77,401.41,95845.96
14974,baby,1,0,1,0.7513,236.99,447.86,106138.44
14975,baby,1,0,1,0.7694,246.88,458.57,113211.68
14976,baby,1,0,1,0.7796,233.22,361.22,84245.76
14977,baby,1,0,1,0.7599,234.24,450.3,105475.75
14978,baby,1,0,1,0.7588,240.28,456.59,109708.7
14979,baby,1,0,1,0.7679,238.81,455.74,108836.07
14980,baby,1,0,1,0.7812,240.25,440.29,105780.2
14981,baby,1,0,1,0.7567,239.6,442.02,105906.35
14982,baby,1,0,1,0.7407,231.54,396.63,91834.76
14983,baby,1,0,1,0.7411,238.02,439.62,104637.14
14984,baby,1,0,1,0.7371,232.48,362.9,84365.15
14985,baby,1,0,1,0.7591,242.38,440.4,106742.47
14986,baby,1,0,1,0.7579,242.15,440.69,106712.54
14987,baby,1,0,1,0.7512,240.52,451.48,108587.95
14988,baby,1,0,1,0.7619,237.57,450.85,107107.82
14989,baby,1,0,1,0.7628,235.52,427.6,100706.57
14990,baby,1,0,1,0.7535,236.57,436.56,103277.57
14991,baby,1,0,1,0.7519,235.81,436.19,102857.08
14992,baby,1,0,1,0.7638,231.67,366.65,84940.97
14993,baby,1,0,1,0.7692,241.52,443.94,107219.55
14994,baby,1,0,1,0.7831,240.59,452.13,108778.29
14995,baby,1,0,1,0.767,234.21,355.76,83322.27
14996,baby,1,0,1,0.772,238.83,440.79,105272.46
14997,baby,1,0,1,0.7647,236.87,434.33,102878.9
14998,baby,1,0,1,0.7541,238.33,440.28,104933.14
14999,baby,1,0,1,0.7712,238.18,439.22,104614.33
15000,baby,1,0,1,0.7634,238.48,434.7,103665.15
15001,baby,1,0,1,0.7578,234.21,366.93,85938.54
15002,baby,1,0,1,0.7487,234.28,416.54,97588.16
15003,baby,1,0,1,0.774,237.83,437.53,104057.1
15004,baby,1,0,1,0.7534,230.37,337.75,77809.62
15005,baby,1,0,1,0.7725,234.94,424.79,99801
15006,baby,1,0,1,0.7652,235.47,346.43,81574.45
15007,baby,1,0,1,0.7522,234.4,329.49,77230.94
15008,baby,1,0,1,0.7522,228.49,318.26,72717.68
15009,baby,1,0,1,0.7764,217.75,342.57,74592.72
15010,baby,1,0,1,0.7751,215.4,306.93,66112.4
15011,baby,1,0,1,0.7793,220.87,335,73992.54
15012,baby,1,0,1,0.7771,219.13,316.95,69453.36
15013,baby,1,0,1,0.7999,219.7,334.94,73584.9
15014,baby,1,0,1,0.7801,225.76,325.92,73579.14
15015,baby,1,0,1,0.7611,224.17,334.5,74985.5
15016,baby,1,0,1,0.746,225.68,320.67,72370.32
15017,baby,1,0,1,0.7219,226.26,325.43,73633.01
15018,baby,1,0,1,0.7392,233.67,325.74,76113.33
15019,baby,1,0,1,0.7715,229.77,370.22,85066.02
15020,baby,1,0,1,0.7393,233.13,369.06,86037.84
15021,baby,1,0,1,0.7686,224.76,334.49,75178.36
15022,baby,1,0,1,0.7761,226.89,344.3,78118.03
15023,baby,1,0,1,0.8064,223.63,333.63,74609.65
15024,baby,1,0,1,0.7948,225.26,332.44,74885.95
15025,baby,1,0,1,0.7774,223.34,330.41,73792.26
15026,baby,1,0,1,0.8163,228.94,331.24,75834.23
15027,baby,1,0,1,0.7803,221.79,337.96,74957.35
15028,baby,1,0,1,0.8217,223.44,319.32,71348.56
15029,baby,1,0,1,0.7435,225.43,324.24,73094.06
15030,baby,1,0,1,0.7557,226.03,318.96,72094.04
15031,baby,1,0,1,0.7872,235.32,451.35,106212.55
15032,baby,1,0,1,0.7544,229.22,327.1,74978.31
15033,baby,1,0,1,0.7349,236.78,360.6,85383.74
15034,baby,1,0,1,0.7481,228.95,327.13,74896.1
15035,baby,1,0,1,0.7512,226.14,315.49,71346.1
15036,baby,1,0,1,0.716,230.24,327.36,75371.94
15037,baby,1,0,1,0.7597,229.55,323.03,74152.37
15038,baby,1,0,1,0.714,222.83,317.57,70763.11
15039,baby,1,0,1,0.7368,228.59,414.24,94691.47
15040,baby,1,0,1,0.7383,219.88,316.68,69631.42
15041,baby,1,0,1,0.7235,228.48,361.39,82573.22
15042,baby,1,0,1,0.7207,222.78,326.04,72636.57
15043,baby,1,0,1,0.7182,225.48,323.79,73007.67
15044,baby,1,0,1,0.7268,228.35,339.53,77532.04
15045,baby,1,0,1,0.727,223.81,317.41,71038.79
15046,baby,1,0,1,0.721,221.13,315.22,69705.03
15047,baby,1,0,1,0.7498,223.53,315.99,70632.88
15048,baby,1,0,1,0.7538,219.83,310.17,68187
15049,baby,1,0,1,0.7502,221.86,316.39,70194.26
15050,baby,1,0,1,0.7462,229.42,376.84,86452.46
15051,baby,1,0,1,0.7337,229.66,379.75,87211.23
15052,baby,1,0,1,0.722,229.31,440.05,100909.86
15053,baby,1,0,1,0.7346,221.16,316.25,69944.04
15054,baby,1,0,1,0.7088,222.64,328.31,73093.7
15055,baby,1,0,1,0.7162,230.71,395.94,91346.06
15056,baby,1,0,1,0.7296,231.39,418.35,96801.83
15057,baby,1,0,1,0.7093,225.6,325.89,73520.49
15058,baby,1,0,2,0.736,222.06,315.33,70023.9
15059,baby,1,0,1,0.7127,234.03,413.67,96810.89
15060,baby,1,0,1,0.7326,226.79,324.22,73530.42
15061,baby,1,0,1,0.7238,220.28,315.55,69509.21
15062,baby,1,0,1,0.7246,221.41,351.34,77791.83
15063,baby,1,0,1,0.7748,217.96,312.99,68217.2
15064,baby,1,0,1,0.7662,215.49,302.91,65272.78
15065,baby,1,0,1,0.7906,222.07,343.5,76281.48
15066,baby,1,0,1,0.7526,249.7,342.69,85571.54
15067,baby,1,0,1,0.7751,243.37,347.58,84591.95
15068,baby,1,0,1,0.8102,227.76,318,72429.29
15069,baby,1,0,1,0.832,220.45,330.04,72757.12
15070,baby,1,0,1,0.8123,220.71,340.58,75170.89
15071,baby,1,0,1,0.8434,218.16,333.35,72724.2
15072,baby,1,0,1,0.834,215.34,334.39,72007.16
15073,baby,1,0,1,0.8051,219.24,314.56,68963.58
15074,baby,1,0,1,0.8172,214.48,305.15,65449.04
15075,baby,1,0,1,0.8321,222.33,321.45,71469.2
15076,baby,1,0,1,0.7965,223.65,351.96,78713.9
15077,baby,1,0,1,0.7227,226.48,361.5,81872.07
15078,baby,1,0,1,0.7914,237.15,292.86,69452.03
15079,baby,1,0,1,0.8089,234.46,297.34,69714.42
15080,baby,1,0,1,0.659,285.59,258.28,73762.54
15081,baby,1,0,1,0.7002,263.9,313.11,82629.13
15082,baby,1,0,1,0.802,246.47,319.38,78718.33
15083,baby,1,0,1,0.7568,246.77,313.43,77347.5
15084,baby,1,0,1,0.6281,246.85,310.74,76705.01
15085,baby,1,0,1,0.8075,231.07,306.17,70747.37
15086,baby,1,0,1,0.7832,244.93,291.02,71279.97
15087,baby,1,0,1,0.7064,267.44,292.83,78315.26
15088,baby,1,0,1,0.8049,227.86,325.53,74174.89
15089,baby,1,0,1,0.7675,235.9,277.03,65351.75
15090,baby,1,0,1,0.8158,244.46,307.95,75281.3
15091,baby,1,0,1,0.8099,244.57,330.43,80813.49
15092,baby,1,0,1,0.833,254.9,356.08,90763.99
15093,baby,1,0,1,0.8384,240.32,319.26,76723.09
15094,baby,1,0,1,0.8202,243.07,326.88,79454.49
15095,baby,1,0,1,0.7504,258.66,289.36,74846.97
15096,baby,1,0,1,0.8024,249.7,327.48,81773.21
15097,baby,1,0,1,0.7804,238.07,305.76,72790.57
15098,baby,1,0,1,0.7851,253.91,298.97,75911.52
15099,baby,1,0,1,0.8412,245.41,317.5,77919.25
15100,baby,1,0,1,0.765,247.65,310.11,76796.3
15101,baby,1,0,1,0.7713,248.81,305.79,76085.51
15102,baby,1,0,1,0.7981,236.16,309.93,73193.43
15103,baby,1,0,1,0.7984,247.69,302.07,74818.54
15104,baby,1,0,1,0.7811,239.4,300.61,71966.11
15105,baby,1,0,1,0.8254,242.2,326.33,79036.9
15106,baby,1,0,1,0.8277,230.61,333.46,76899.96
15107,baby,1,0,1,0.7457,232.58,327.45,76158.24
15108,baby,1,0,1,0.7766,247.62,448.3,111008.93
15109,baby,1,0,1,0.7586,239.68,345.19,82736.49
15110,baby,1,0,1,0.7556,244.31,466.07,113864.05
15111,baby,1,0,2,0.7512,241.9,466.13,112756.57
15112,baby,1,0,1,0.7763,238.76,448.51,107084.54
15113,baby,1,0,2,0.7684,239,462.25,110479.39
15114,baby,1,0,2,0.7666,237.6,320.67,76191.76
15115,baby,1,0,1,0.772,237.93,419.19,99738.03
15116,baby,1,0,1,0.7907,241.2,458.03,110476.85
15117,baby,1,0,1,0.7697,238.86,458.56,109532.96
15118,baby,1,0,1,0.779,238.27,443.91,105772.77
15119,baby,1,0,1,0.763,238.83,459.56,109755.66
15120,baby,1,0,1,0.7775,240.76,441.27,106240.19
15121,baby,1,0,2,0.7612,239.14,469.12,112184.87
15122,baby,1,0,2,0.7554,240.1,462.25,110986.32
15123,baby,1,0,1,0.783,232.2,318.27,73901.08
15124,baby,1,0,1,0.7742,240.04,444.51,106701.5
15125,baby,1,0,1,0.7694,233.47,320.51,74828.48
15126,baby,1,0,2,0.7637,233.2,320.29,74689.83
15127,baby,1,0,2,0.7769,240.53,455.01,109446.33
15128,baby,1,0,1,0.7778,232.8,327.21,76176.4
15129,baby,1,0,1,0.7902,232.89,322.46,75096.66
15130,baby,1,0,1,0.7706,239.57,424.54,101706.5
15131,baby,1,0,1,0.7877,232.28,326.22,75774.18
15132,baby,1,0,1,0.7857,238.17,436.57,103978.21
15133,baby,1,0,1,0.7796,231.78,317.06,73488.5
15134,baby,1,0,1,0.7628,237.47,423.72,100621.55
15135,baby,1,0,1,0.7869,232.29,323.12,75058.32
15136,baby,1,0,1,0.7874,232.2,316.79,73557.19
15137,baby,1,0,1,0.7443,278.14,434.1,120740.08
15138,baby,1,0,1,0.8093,267.01,378.58,101085.55
15139,baby,1,0,1,0.7644,243.15,465.76,113251.98
15140,baby,1,0,1,0.7197,231.35,351.81,81390.68
15141,baby,1,0,1,0.7639,249.14,453.89,113081.48
15142,baby,1,0,1,0.7531,241.06,373.32,89992.77
15143,baby,1,0,1,0.742,246.56,457.61,112830.22
15144,baby,1,0,1,0.7732,247.14,437.26,108064.01
15145,baby,1,0,1,0.7755,245.05,450.61,110423.31
15146,baby,1,0,1,0.7858,246.25,451.02,111062.26
15147,baby,1,0,1,0.7918,246.53,474.2,116903.76
15148,baby,1,0,1,0.784,245.11,470.12,115233.66
15149,baby,1,0,1,0.7832,243.87,473.45,115458.5
15150,baby,1,0,1,0.7693,240.26,464.35,111566.12
15151,baby,1,0,1,0.7775,243.19,470.35,114384.05
15152,baby,1,0,1,0.7766,243.1,473.01,114987.56
15153,baby,1,0,1,0.7604,241.75,464.59,112312.23
15154,baby,1,0,1,0.7664,241.86,484.2,117108.55
15155,baby,1,0,1,0.7674,243.72,471.47,114908.61
15156,baby,1,0,1,0.7636,242.56,456.73,110786.16
15157,baby,1,0,1,0.8042,271.8,456.13,123973.49
15158,baby,1,0,1,0.7758,267.36,459.07,122737.32
15159,baby,1,0,1,0.8232,258.72,469.12,121368.73
15160,baby,1,0,1,0.8293,267.74,445.35,119236.52
15161,baby,1,0,1,0.7946,249.24,473.76,118080.56
15162,baby,1,0,1,0.7705,251.31,466.72,117290.82
15163,baby,1,0,1,0.7746,259.81,453.85,117915.22
15164,baby,1,0,1,0.795,260.52,478.35,124620.61
15165,baby,1,0,1,0.7803,262.15,466.57,122313.95
15166,baby,1,0,1,0.8004,263.31,479.41,126233.03
15167,baby,1,0,1,0.7897,261.48,472.62,123580.45
15168,baby,1,0,1,0.7861,260.78,481.18,125482.99
15169,baby,1,0,1,0.7811,261.02,481.99,125810.31
15170,baby,1,0,1,0.7691,246.24,460.56,113407.7
15171,baby,1,0,1,0.7629,241.78,424.18,102555.67
15172,baby,1,0,1,0.751,258.46,485.9,125586.52
15173,baby,1,0,1,0.7938,239.38,482.65,115537.06
15174,baby,1,0,1,0.7742,262.66,480.45,126193.89
15175,baby,1,0,1,0.7777,262.62,475.65,124913.59
15176,baby,1,0,1,0.7933,248.5,472.69,117463.53
15177,baby,1,0,1,0.7827,261.86,482.03,126223.74
15178,baby,1,0,1,0.7749,262.66,479.78,126019.94
15179,baby,1,0,1,0.7814,240.92,460.96,111055.74
15180,baby,1,0,1,0.7743,257.27,484.77,124718.55
15181,baby,1,0,1,0.78,244.65,460.43,112645.15
15182,baby,1,0,1,0.7741,254.52,482.53,122813.09
15183,baby,1,0,1,0.7804,256.75,488.75,125484.22
15184,baby,1,0,1,0.8016,239.79,468.97,112451.85
15185,baby,1,0,1,0.7523,262.02,489.75,128324.47
15186,baby,1,0,1,0.7775,257.03,485.34,124744.39
15187,baby,1,0,1,0.7577,259.99,491.78,127859.86
15188,baby,1,0,1,0.7731,256.31,481.41,123392.37
15189,baby,1,0,1,0.8031,239.55,461.41,110530.68
15190,baby,1,0,1,0.731,267.69,448.7,120111.7
15191,baby,1,0,1,0.7562,260.39,344.56,89719.46
15192,baby,1,0,1,0.7829,252.42,369.61,93294.94
15193,baby,1,0,1,0.7624,245.57,448.76,110200.31
15194,baby,1,0,1,0.8071,226.35,340.53,77080.31
15195,baby,1,0,1,0.7995,237.59,331.7,78808.21
15196,baby,1,0,2,0.8353,285.72,505.75,144502.48
15197,baby,1,0,1,0.846,293.58,367.35,107847.33
15198,baby,1,0,1,0.8864,286.78,513.65,147304.16
15199,baby,1,0,1,0.9016,288.96,500.57,144641.64
15200,baby,1,0,1,0.8669,295.87,418.22,123739.82
15201,baby,1,0,1,0.8792,287.17,470.76,135190.22
15202,baby,1,0,1,0.9023,288.24,518.73,149518.87
15203,baby,1,0,1,0.8303,285.89,403.38,115324.94
15204,baby,1,0,1,0.8005,291.62,411.12,119892.7
15205,baby,1,0,1,0.835,285.68,469.95,134253.87
15206,baby,1,0,1,0.8861,285.92,504.31,144189.79
15207,baby,1,0,1,0.8061,290.68,392.53,114099.66
15208,baby,1,0,1,0.8424,286.12,432.61,123778
15209,baby,1,0,1,0.8899,285.24,487.09,138936.86
15210,baby,1,0,1,0.8948,287.67,497.57,143136.34
15211,baby,1,0,1,0.895,284.37,498.07,141636.59
15212,baby,1,0,1,0.8737,293.73,486.36,142858.3
15213,none,0,0,0,0,0,0,0
15214,none,0,0,0,0,0,0,0
15215,none,0,0,0,0,0,0,0
15216,none,0,0,0,0,0,0,0
15217,baby,1,0,1,0.7524,307.68,361.99,111374.46
15218,baby,1,0,1,0.6511,374.81,358.3,134295.58
15219,baby,1,0,1,0.7709,279.41,341,95278.96
15220,none,0,0,0,0,0,0,0
15221,baby,1,0,1,0.7729,281.55,352.19,99159.11
15222,baby,1,0,1,0.7753,288.58,350.07,101023.07
15223,baby,1,0,1,0.7579,278.77,350.65,97752.68
15224,baby,1,0,1,0.7507,278.07,347.55,96642.67
15225,baby,1,0,1,0.7848,290.99,343.68,100007.07
15226,baby,1,0,1,0.6011,300.02,345.03,103514.37
15227,none,0,0,0,0,0,0,0
15228,baby,1,0,1,0.6544,327.91,332.02,108873.43
15229,none,0,0,0,0,0,0,0
15230,baby,1,0,1,0.8046,274.72,353.64,97150.37
15231,baby,1,0,1,0.8459,308.41,426.07,131403.66
15232,baby,1,0,1,0.8419,309.02,443.35,137005.42
15233,baby,1,0,1,0.8741,306.3,553.17,169434.51
15234,baby,1,0,1,0.8777,310.53,546.19,169610.26
15235,baby,1,0,1,0.8707,293.42,504.71,148092.81
15236,baby,1,0,1,0.9285,313.49,548.46,171937.51
15237,baby,1,0,1,0.794,297.62,397.94,118434.32
15238,baby,1,0,1,0.8476,296.93,385.65,114511.67
15239,baby,1,0,1,0.8911,304.85,537.38,163821.15
15240,baby,1,0,1,0.8956,302,533.11,160998.54
15241,baby,1,0,1,0.903,303.81,540.94,164343.96
15242,baby,1,0,1,0.8834,305.66,535.11,163563.24
15243,baby,1,0,1,0.9011,303.22,529.34,160507.15
15244,baby,1,0,1,0.9131,301.2,526.6,158612.82
15245,baby,1,0,1,0.8963,303.44,530.8,161065.28
15246,baby,1,0,1,0.669,355.28,394.5,140157.89
15247,baby,1,0,1,0.7528,315.71,365.36,115347.55
15248,none,0,0,0,0,0,0,0
15249,baby,1,0,1,0.6032,326.99,338.12,110562.47
15250,baby,1,0,1,0.6356,295.47,350.61,103593.94
15251,baby,1,0,1,0.6656,323.38,439.47,142114.26
15252,baby,1,0,1,0.9228,309.61,503.19,155792.69
15253,baby,1,0,1,0.9167,301.03,507.05,152637.31
15254,baby,1,0,1,0.9205,300.27,530.73,159363.63
15255,baby,1,0,1,0.9145,304.6,538.6,164061.15
15256,baby,1,0,1,0.9046,342.03,534.18,182705.35
15257,baby,1,0,1,0.9055,341.48,532.84,181952.31
15258,baby,1,0,1,0.9156,329.76,539.19,177804.57
15259,baby,1,0,1,0.9345,310.81,550.24,171021.76
15260,baby,1,0,1,0.9327,310.7,545.16,169382.14
15261,baby,1,0,1,0.8847,334.97,505.98,169489.84
15262,baby,1,0,1,0.8715,330.63,526.34,174024.77
15263,baby,1,0,1,0.8994,314.44,522.43,164275.48
15264,baby,1,0,1,0.8955,314.68,514.48,161894.39
15265,baby,1,0,1,0.9141,311.56,512.81,159768.71
15266,baby,1,0,1,0.914,315,516.79,162787.83
15267,baby,1,0,1,0.8999,315.06,484.89,152767.29
15268,baby,1,0,1,0.9014,315.68,502.54,158640.59
15269,baby,1,0,1,0.9099,321.44,515.86,165818.05
15270,baby,1,0,1,0.9075,322.07,527.86,170008.84
15271,baby,1,0,1,0.9136,322.19,524.01,168828.88
15272,baby,1,0,1,0.9173,315.32,508.31,160278.95
15273,baby,1,0,1,0.8789,312.5,499.35,156049.81
15274,baby,1,0,1,0.9264,318.22,551.86,175610.72
15275,baby,1,0,1,0.9256,313.44,556.52,174434.66
15276,baby,1,0,1,0.8763,352.98,531.47,187599.3
15277,baby,1,0,1,0.8938,345.89,549.37,190023.41
15278,baby,1,0,1,0.8236,320.46,366.39,117414.44
15279,baby,1,0,1,0.8954,324.92,569.17,184932.92
15280,baby,1,0,1,0.8527,317.77,371.93,118191.22
15281,baby,1,0,1,0.8079,280.89,346.03,97195.42
15282,baby,1,0,1,0.8483,300.12,404.37,121361.15
